JobId=1561415 JobName=garment-encoder
   UserId=pba764(5013) GroupId=ponsmoll(4037) MCS_label=N/A
   Priority=43955 Nice=0 Account=ponsmoll QOS=normal
   JobState=RUNNING Reason=None Dependency=(null)
   Requeue=1 Restarts=0 BatchFlag=1 Reboot=0 ExitCode=0:0
   RunTime=00:00:00 TimeLimit=2-00:00:00 TimeMin=N/A
   SubmitTime=2025-06-20T11:08:26 EligibleTime=2025-06-20T11:08:26
   AccrueTime=2025-06-20T11:08:27
   StartTime=2025-06-20T15:56:17 EndTime=2025-06-22T15:56:17 Deadline=N/A
   PreemptEligibleTime=2025-06-20T15:57:17 PreemptTime=None
   SuspendTime=None SecsPreSuspend=0 LastSchedEval=2025-06-20T15:56:17 Scheduler=Main
   Partition=a100-galvani AllocNode:Sid=192.168.212.54:347632
   ReqNodeList=(null) ExcNodeList=(null)
   NodeList=galvani-cn218
   BatchHost=galvani-cn218
   NumNodes=1 NumCPUs=8 NumTasks=1 CPUs/Task=8 ReqB:S:C:T=0:0:*:*
   ReqTRES=cpu=8,mem=16G,node=1,billing=11,gres/gpu=4
   AllocTRES=cpu=8,mem=16G,node=1,billing=11,gres/gpu=4,gres/gpu:a100=4
   Socks/Node=* NtasksPerN:B:S:C=0:0:*:* CoreSpec=*
   MinCPUsNode=8 MinMemoryNode=16G MinTmpDiskNode=0
   Features=(null) DelayBoot=00:00:00
   OverSubscribe=OK Contiguous=0 Licenses=(null) Network=(null)
   Command=/mnt/lustre/home/ponsmoll/pba764/projects/3DShape2VecSet/sbatch_run_gpu_training_single_garm.py
   WorkDir=/mnt/lustre/home/ponsmoll/pba764/projects/3DShape2VecSet
   StdErr=/mnt/lustre/home/ponsmoll/pba764/projects/3DShape2VecSet/./logs_single_garment/myjob-1561415.err
   StdIn=/dev/null
   StdOut=/mnt/lustre/home/ponsmoll/pba764/projects/3DShape2VecSet/./logs_single_garment/myjob-1561415.out
   Power=
   TresPerNode=gres:gpu:4
   MailUser=andrea.sanchietti@uni-tuebingen.de MailType=INVALID_DEPEND,BEGIN,END,FAIL,REQUEUE,STAGE_OUT
   

/home/ponsmoll/pba764/projects/3DShape2VecSet
RUNNING DIST OPTION 2
| distributed init (rank 0): env://, gpu 0
[15:56:43.434600] job dir: /mnt/lustre/home/ponsmoll/pba764/projects/3DShape2VecSet
[15:56:43.434713] Namespace(batch_size=6,
epochs=500,
accum_iter=16,
model='kl_garments',
point_cloud_size=16384,
num_samples=65536,
random_samples_ratio=0.2,
surface_samples_ratio=0.15,
clip_grad=None,
weight_decay=0.05,
lr=0.0001,
blr=0.0001,
layer_decay=0.75,
min_lr=1e-08,
warmup_epochs=0,
data_path='../GarmentCode/garmentcodedata_v2',
output_dir='./output_single_garment',
log_dir='./output_single_garment',
device='cuda',
seed=0,
resume='',
start_epoch=0,
eval=False,
dist_eval=False,
num_workers=2,
pin_mem=False,
world_size=1,
local_rank=0,
dist_on_itp=False,
dist_url='env://',
only_udf=False,
force_occupancy=True,
save_every=1,
max_dist=0.1,
mse_loss=False,
test_dummy_sphere=False,
single_garment_overfit=True,
body_model_normalization=False,
body_model_normalization_alpha=0.5,
rank=0,
gpu=0,
distributed=True,
dist_backend='nccl')
[15:56:43.698683] Using 4 GPUs
[15:57:02.246946] Using 4 GPUs
[15:57:18.889317] Sampler_train = <torch.utils.data.distributed.DistributedSampler object at 0x7fcda7726f10>
[15:57:19.657972] Model = KLAutoEncoderV2(
  (cross_attend_blocks): ModuleList(
    (0): PreNorm(
      (fn): Attention(
        (to_q): Linear(in_features=512, out_features=512, bias=False)
        (to_kv): Linear(in_features=512, out_features=1024, bias=False)
        (to_out): Linear(in_features=512, out_features=512, bias=True)
        (drop_path): Identity()
      )
      (norm): LayerNorm((512,), eps=1e-05, elementwise_affine=True)
      (norm_context): LayerNorm((512,), eps=1e-05, elementwise_affine=True)
    )
    (1): PreNorm(
      (fn): FeedForward(
        (net): Sequential(
          (0): Linear(in_features=512, out_features=4096, bias=True)
          (1): GEGLU()
          (2): Linear(in_features=2048, out_features=512, bias=True)
        )
        (drop_path): Identity()
      )
      (norm): LayerNorm((512,), eps=1e-05, elementwise_affine=True)
    )
  )
  (point_embed): PointEmbed(
    (mlp): Linear(in_features=51, out_features=512, bias=True)
  )
  (layers): ModuleList(
    (0-23): 24 x ModuleList(
      (0): PreNorm(
        (fn): Attention(
          (to_q): Linear(in_features=512, out_features=512, bias=False)
          (to_kv): Linear(in_features=512, out_features=1024, bias=False)
          (to_out): Linear(in_features=512, out_features=512, bias=True)
          (drop_path): DropPath(drop_prob=0.100)
        )
        (norm): LayerNorm((512,), eps=1e-05, elementwise_affine=True)
      )
      (1): PreNorm(
        (fn): FeedForward(
          (net): Sequential(
            (0): Linear(in_features=512, out_features=4096, bias=True)
            (1): GEGLU()
            (2): Linear(in_features=2048, out_features=512, bias=True)
          )
          (drop_path): DropPath(drop_prob=0.100)
        )
        (norm): LayerNorm((512,), eps=1e-05, elementwise_affine=True)
      )
    )
  )
  (decoder_cross_attn): PreNorm(
    (fn): Attention(
      (to_q): Linear(in_features=512, out_features=512, bias=False)
      (to_kv): Linear(in_features=512, out_features=1024, bias=False)
      (to_out): Linear(in_features=512, out_features=512, bias=True)
      (drop_path): Identity()
    )
    (norm): LayerNorm((512,), eps=1e-05, elementwise_affine=True)
    (norm_context): LayerNorm((512,), eps=1e-05, elementwise_affine=True)
  )
  (to_outputs): Linear(in_features=512, out_features=1, bias=True)
  (proj): Linear(in_features=16, out_features=512, bias=True)
  (mean_fc): Linear(in_features=512, out_features=16, bias=True)
  (logvar_fc): Linear(in_features=512, out_features=16, bias=True)
)
[15:57:19.658017] number of params (M): 106.14
[15:57:19.658035] base lr: 2.67e-04
[15:57:19.658046] actual lr: 1.00e-04
[15:57:19.658055] accumulate grad iterations: 16
[15:57:19.658065] effective batch size: 96
[15:57:19.700129] criterion = BCEWithLogitsLoss()
[15:57:19.700157] Start training for 500 epochs
[15:57:21.251405] log_dir: ./output_single_garment
[15:57:23.548160] Epoch: [0]  [    0/10922]  eta: 6:56:41  lr: 0.000100  loss: 2.1027 (2.1027)  loss_near: 0.6905 (0.6905)  loss_rand: 0.7008 (0.7008)  loss_srf: 0.7008 (0.7008)  loss_kl: 0.0504 (0.0504)  loss_grads: 0.9978 (0.9978)  iou: 0.5048 (0.5048)  time: 2.2891  data: 0.1761  max mem: 26282
[15:57:42.266277] Epoch: [0]  [   20/10922]  eta: 3:01:45  lr: 0.000100  loss: 2.1250 (2.2064)  loss_near: 0.6887 (1.0206)  loss_rand: 0.6987 (0.5877)  loss_srf: 0.6987 (0.5877)  loss_kl: 0.0511 (0.0524)  loss_grads: 1.0004 (1.0017)  iou: 0.3788 (0.3974)  time: 0.9358  data: 0.0017  max mem: 27706
[15:58:01.020787] Epoch: [0]  [   40/10922]  eta: 2:55:52  lr: 0.000100  loss: 2.4996 (2.2605)  loss_near: 2.1104 (1.2641)  loss_rand: 0.1872 (0.4929)  loss_srf: 0.1872 (0.4929)  loss_kl: 0.0572 (0.0574)  loss_grads: 1.0055 (1.0035)  iou: 0.0000 (0.2097)  time: 0.9377  data: 0.0016  max mem: 27706
[15:58:19.910970] Epoch: [0]  [   60/10922]  eta: 2:54:03  lr: 0.000100  loss: 1.9516 (2.1697)  loss_near: 0.8719 (1.1210)  loss_rand: 0.5341 (0.5190)  loss_srf: 0.5341 (0.5190)  loss_kl: 0.0813 (0.0639)  loss_grads: 1.0000 (1.0026)  iou: 0.0000 (0.1471)  time: 0.9444  data: 0.0018  max mem: 27707
[15:58:38.900720] Epoch: [0]  [   80/10922]  eta: 2:53:11  lr: 0.000100  loss: 1.9213 (2.1097)  loss_near: 1.1093 (1.1111)  loss_rand: 0.3999 (0.4939)  loss_srf: 0.3999 (0.4939)  loss_kl: 0.0935 (0.0709)  loss_grads: 0.9966 (1.0012)  iou: 0.0000 (0.1108)  time: 0.9494  data: 0.0017  max mem: 27707
[15:58:57.913458] Epoch: [0]  [  100/10922]  eta: 2:52:35  lr: 0.000100  loss: 1.9435 (2.0768)  loss_near: 1.2218 (1.1333)  loss_rand: 0.3539 (0.4664)  loss_srf: 0.3539 (0.4664)  loss_kl: 0.1048 (0.0781)  loss_grads: 0.9932 (0.9997)  iou: 0.0000 (0.0889)  time: 0.9506  data: 0.0017  max mem: 27707
[15:59:16.925089] Epoch: [0]  [  120/10922]  eta: 2:52:05  lr: 0.000100  loss: 1.9333 (2.0526)  loss_near: 1.1813 (1.1384)  loss_rand: 0.3672 (0.4517)  loss_srf: 0.3672 (0.4517)  loss_kl: 0.1154 (0.0849)  loss_grads: 0.9911 (0.9983)  iou: 0.0000 (0.0742)  time: 0.9505  data: 0.0016  max mem: 27707
[15:59:35.944477] Epoch: [0]  [  140/10922]  eta: 2:51:38  lr: 0.000100  loss: 1.9182 (2.0337)  loss_near: 1.0258 (1.1262)  loss_rand: 0.4398 (0.4483)  loss_srf: 0.4398 (0.4483)  loss_kl: 0.1320 (0.0912)  loss_grads: 0.9886 (0.9969)  iou: 0.0000 (0.0637)  time: 0.9509  data: 0.0016  max mem: 27707
[15:59:54.983702] Epoch: [0]  [  160/10922]  eta: 2:51:14  lr: 0.000100  loss: 1.9290 (2.0206)  loss_near: 0.9402 (1.1043)  loss_rand: 0.4885 (0.4527)  loss_srf: 0.4885 (0.4527)  loss_kl: 0.1398 (0.0971)  loss_grads: 0.9861 (0.9956)  iou: 0.0000 (0.0558)  time: 0.9519  data: 0.0015  max mem: 27708
[16:00:14.027220] Epoch: [0]  [  180/10922]  eta: 2:50:52  lr: 0.000100  loss: 1.9326 (2.0107)  loss_near: 0.9236 (1.0850)  loss_rand: 0.4981 (0.4574)  loss_srf: 0.4981 (0.4574)  loss_kl: 0.1468 (0.1028)  loss_grads: 0.9835 (0.9942)  iou: 0.0000 (0.0496)  time: 0.9521  data: 0.0015  max mem: 27708
[16:00:33.061924] Epoch: [0]  [  200/10922]  eta: 2:50:30  lr: 0.000100  loss: 1.9248 (2.0020)  loss_near: 0.9566 (1.0739)  loss_rand: 0.4777 (0.4585)  loss_srf: 0.4777 (0.4585)  loss_kl: 0.1533 (0.1080)  loss_grads: 0.9787 (0.9926)  iou: 0.0000 (0.0447)  time: 0.9517  data: 0.0016  max mem: 27708
[16:00:52.104292] Epoch: [0]  [  220/10922]  eta: 2:50:09  lr: 0.000100  loss: 1.9165 (1.9943)  loss_near: 1.0643 (1.0712)  loss_rand: 0.4201 (0.4560)  loss_srf: 0.4201 (0.4560)  loss_kl: 0.1626 (0.1128)  loss_grads: 0.9720 (0.9909)  iou: 0.0000 (0.0406)  time: 0.9521  data: 0.0016  max mem: 27708
[16:01:11.152366] Epoch: [0]  [  240/10922]  eta: 2:49:48  lr: 0.000100  loss: 1.9204 (1.9881)  loss_near: 1.1173 (1.0745)  loss_rand: 0.3949 (0.4513)  loss_srf: 0.3949 (0.4513)  loss_kl: 0.1671 (0.1173)  loss_grads: 0.9678 (0.9890)  iou: 0.0000 (0.0372)  time: 0.9523  data: 0.0016  max mem: 27708
[16:01:30.198731] Epoch: [0]  [  260/10922]  eta: 2:49:28  lr: 0.000100  loss: 1.9230 (1.9831)  loss_near: 1.1388 (1.0795)  loss_rand: 0.3862 (0.4463)  loss_srf: 0.3862 (0.4463)  loss_kl: 0.1710 (0.1215)  loss_grads: 0.9644 (0.9871)  iou: 0.0000 (0.0344)  time: 0.9523  data: 0.0016  max mem: 27708
[16:01:49.250018] Epoch: [0]  [  280/10922]  eta: 2:49:08  lr: 0.000100  loss: 1.9203 (1.9786)  loss_near: 1.1242 (1.0823)  loss_rand: 0.3900 (0.4426)  loss_srf: 0.3900 (0.4426)  loss_kl: 0.1744 (0.1253)  loss_grads: 0.9601 (0.9852)  iou: 0.0000 (0.0319)  time: 0.9525  data: 0.0016  max mem: 27708
[16:02:08.300607] Epoch: [0]  [  300/10922]  eta: 2:48:48  lr: 0.000100  loss: 1.9142 (1.9744)  loss_near: 1.0622 (1.0818)  loss_rand: 0.4197 (0.4407)  loss_srf: 0.4197 (0.4407)  loss_kl: 0.1785 (0.1288)  loss_grads: 0.9574 (0.9834)  iou: 0.0000 (0.0298)  time: 0.9525  data: 0.0016  max mem: 27708
[16:02:27.357134] Epoch: [0]  [  320/10922]  eta: 2:48:29  lr: 0.000100  loss: 1.9134 (1.9706)  loss_near: 1.0156 (1.0781)  loss_rand: 0.4425 (0.4407)  loss_srf: 0.4425 (0.4407)  loss_kl: 0.1804 (0.1320)  loss_grads: 0.9536 (0.9815)  iou: 0.0000 (0.0280)  time: 0.9528  data: 0.0016  max mem: 27709
[16:02:46.416915] Epoch: [0]  [  340/10922]  eta: 2:48:09  lr: 0.000100  loss: 1.9143 (1.9673)  loss_near: 0.9864 (1.0727)  loss_rand: 0.4577 (0.4417)  loss_srf: 0.4577 (0.4417)  loss_kl: 0.1827 (0.1350)  loss_grads: 0.9498 (0.9797)  iou: 0.0000 (0.0263)  time: 0.9529  data: 0.0018  max mem: 27709
[16:03:05.494918] Epoch: [0]  [  360/10922]  eta: 2:47:50  lr: 0.000100  loss: 1.9120 (1.9643)  loss_near: 0.9773 (1.0675)  loss_rand: 0.4625 (0.4428)  loss_srf: 0.4625 (0.4428)  loss_kl: 0.1847 (0.1377)  loss_grads: 0.9455 (0.9778)  iou: 0.0000 (0.0249)  time: 0.9538  data: 0.0020  max mem: 27709
[16:03:24.674179] Epoch: [0]  [  380/10922]  eta: 2:47:34  lr: 0.000100  loss: 1.9070 (1.9613)  loss_near: 1.0039 (1.0639)  loss_rand: 0.4450 (0.4431)  loss_srf: 0.4450 (0.4431)  loss_kl: 0.1870 (0.1403)  loss_grads: 0.9422 (0.9759)  iou: 0.0000 (0.0236)  time: 0.9589  data: 0.0019  max mem: 27709
[16:03:43.736694] Epoch: [0]  [  400/10922]  eta: 2:47:15  lr: 0.000100  loss: 1.9016 (1.9583)  loss_near: 1.0328 (1.0623)  loss_rand: 0.4277 (0.4424)  loss_srf: 0.4277 (0.4424)  loss_kl: 0.1895 (0.1428)  loss_grads: 0.9396 (0.9741)  iou: 0.0000 (0.0224)  time: 0.9531  data: 0.0016  max mem: 27709
[16:04:02.789007] Epoch: [0]  [  420/10922]  eta: 2:46:55  lr: 0.000100  loss: 1.8941 (1.9552)  loss_near: 1.0624 (1.0624)  loss_rand: 0.4105 (0.4408)  loss_srf: 0.4105 (0.4408)  loss_kl: 0.1931 (0.1452)  loss_grads: 0.9397 (0.9725)  iou: 0.0000 (0.0213)  time: 0.9525  data: 0.0016  max mem: 27709
[16:04:21.849335] Epoch: [0]  [  440/10922]  eta: 2:46:36  lr: 0.000100  loss: 1.8807 (1.9518)  loss_near: 1.0682 (1.0627)  loss_rand: 0.4003 (0.4390)  loss_srf: 0.4003 (0.4390)  loss_kl: 0.1978 (0.1477)  loss_grads: 0.9392 (0.9710)  iou: 0.0000 (0.0204)  time: 0.9530  data: 0.0017  max mem: 27709
[16:04:40.884617] Epoch: [0]  [  460/10922]  eta: 2:46:16  lr: 0.000100  loss: 1.8438 (1.9474)  loss_near: 1.0305 (1.0616)  loss_rand: 0.4003 (0.4373)  loss_srf: 0.4003 (0.4373)  loss_kl: 0.2154 (0.1505)  loss_grads: 0.9395 (0.9696)  iou: 0.0000 (0.0195)  time: 0.9517  data: 0.0016  max mem: 27709
[16:04:59.928411] Epoch: [0]  [  480/10922]  eta: 2:45:56  lr: 0.000100  loss: 1.7831 (1.9406)  loss_near: 0.9595 (1.0575)  loss_rand: 0.4054 (0.4359)  loss_srf: 0.4054 (0.4359)  loss_kl: 0.2338 (0.1539)  loss_grads: 0.9384 (0.9683)  iou: 0.0000 (0.0187)  time: 0.9521  data: 0.0014  max mem: 27709
[16:05:18.985820] Epoch: [0]  [  500/10922]  eta: 2:45:37  lr: 0.000100  loss: 1.6731 (1.9286)  loss_near: 0.8461 (1.0479)  loss_rand: 0.4064 (0.4347)  loss_srf: 0.4064 (0.4347)  loss_kl: 0.2657 (0.1589)  loss_grads: 0.9381 (0.9671)  iou: 0.0000 (0.0221)  time: 0.9528  data: 0.0016  max mem: 27709
[16:05:38.040676] Epoch: [0]  [  520/10922]  eta: 2:45:17  lr: 0.000100  loss: 1.4834 (1.9093)  loss_near: 0.6630 (1.0316)  loss_rand: 0.3951 (0.4332)  loss_srf: 0.3951 (0.4332)  loss_kl: 0.3209 (0.1666)  loss_grads: 0.9382 (0.9660)  iou: 0.6253 (0.0467)  time: 0.9527  data: 0.0016  max mem: 27709
[16:05:57.098639] Epoch: [0]  [  540/10922]  eta: 2:44:58  lr: 0.000100  loss: 1.2185 (1.8851)  loss_near: 0.4217 (1.0102)  loss_rand: 0.3944 (0.4317)  loss_srf: 0.3944 (0.4317)  loss_kl: 0.5034 (0.1778)  loss_grads: 0.9381 (0.9650)  iou: 0.8870 (0.0778)  time: 0.9528  data: 0.0015  max mem: 27709
[16:06:16.179120] Epoch: [0]  [  560/10922]  eta: 2:44:39  lr: 0.000100  loss: 1.0568 (1.8560)  loss_near: 0.3800 (0.9879)  loss_rand: 0.3316 (0.4283)  loss_srf: 0.3316 (0.4283)  loss_kl: 0.5452 (0.1907)  loss_grads: 0.9379 (0.9640)  iou: 0.8941 (0.1069)  time: 0.9540  data: 0.0015  max mem: 27709
[16:06:35.250275] Epoch: [0]  [  580/10922]  eta: 2:44:20  lr: 0.000100  loss: 0.8686 (1.8223)  loss_near: 0.4699 (0.9713)  loss_rand: 0.1957 (0.4197)  loss_srf: 0.1957 (0.4197)  loss_kl: 0.5361 (0.2025)  loss_grads: 0.9389 (0.9632)  iou: 0.8872 (0.1317)  time: 0.9535  data: 0.0016  max mem: 27709
[16:06:54.318586] Epoch: [0]  [  600/10922]  eta: 2:44:01  lr: 0.000100  loss: 0.8009 (1.7888)  loss_near: 0.5303 (0.9564)  loss_rand: 0.1261 (0.4103)  loss_srf: 0.1261 (0.4103)  loss_kl: 0.5242 (0.2140)  loss_grads: 0.9420 (0.9625)  iou: 0.8115 (0.1533)  time: 0.9534  data: 0.0015  max mem: 27709
[16:07:13.388656] Epoch: [0]  [  620/10922]  eta: 2:43:42  lr: 0.000100  loss: 0.7249 (1.7546)  loss_near: 0.2624 (0.9350)  loss_rand: 0.2234 (0.4039)  loss_srf: 0.2234 (0.4039)  loss_kl: 0.6349 (0.2270)  loss_grads: 0.9438 (0.9619)  iou: 0.9121 (0.1775)  time: 0.9534  data: 0.0015  max mem: 27709
[16:07:32.460028] Epoch: [0]  [  640/10922]  eta: 2:43:23  lr: 0.000100  loss: 0.6808 (1.7211)  loss_near: 0.2590 (0.9140)  loss_rand: 0.2040 (0.3975)  loss_srf: 0.2040 (0.3975)  loss_kl: 0.6482 (0.2400)  loss_grads: 0.9482 (0.9614)  iou: 0.9155 (0.2005)  time: 0.9535  data: 0.0015  max mem: 27709
[16:07:51.519270] Epoch: [0]  [  660/10922]  eta: 2:43:04  lr: 0.000100  loss: 0.5941 (1.6878)  loss_near: 0.3157 (0.8969)  loss_rand: 0.1304 (0.3894)  loss_srf: 0.1304 (0.3894)  loss_kl: 0.6343 (0.2520)  loss_grads: 0.9572 (0.9614)  iou: 0.8906 (0.2208)  time: 0.9529  data: 0.0015  max mem: 27709
[16:08:10.574263] Epoch: [0]  [  680/10922]  eta: 2:42:44  lr: 0.000100  loss: 0.5871 (1.6566)  loss_near: 0.3351 (0.8812)  loss_rand: 0.1129 (0.3816)  loss_srf: 0.1129 (0.3816)  loss_kl: 0.6392 (0.2642)  loss_grads: 0.9596 (0.9613)  iou: 0.8702 (0.2396)  time: 0.9527  data: 0.0016  max mem: 27709
[16:08:29.618272] Epoch: [0]  [  700/10922]  eta: 2:42:25  lr: 0.000100  loss: 0.5948 (1.6263)  loss_near: 0.2487 (0.8633)  loss_rand: 0.1643 (0.3753)  loss_srf: 0.1643 (0.3753)  loss_kl: 0.7583 (0.2777)  loss_grads: 0.9566 (0.9612)  iou: 0.9239 (0.2591)  time: 0.9521  data: 0.0015  max mem: 27709
[16:08:48.665882] Epoch: [0]  [  720/10922]  eta: 2:42:05  lr: 0.000100  loss: 0.5851 (1.5974)  loss_near: 0.2505 (0.8463)  loss_rand: 0.1587 (0.3693)  loss_srf: 0.1587 (0.3693)  loss_kl: 0.7940 (0.2919)  loss_grads: 0.9570 (0.9611)  iou: 0.9247 (0.2776)  time: 0.9523  data: 0.0015  max mem: 27709
[16:09:07.738091] Epoch: [0]  [  740/10922]  eta: 2:41:46  lr: 0.000100  loss: 0.5390 (1.5689)  loss_near: 0.2749 (0.8312)  loss_rand: 0.1198 (0.3625)  loss_srf: 0.1198 (0.3625)  loss_kl: 0.7990 (0.3056)  loss_grads: 0.9596 (0.9611)  iou: 0.9255 (0.2950)  time: 0.9535  data: 0.0016  max mem: 27709
[16:09:26.805526] Epoch: [0]  [  760/10922]  eta: 2:41:27  lr: 0.000100  loss: 0.5545 (1.5423)  loss_near: 0.3443 (0.8187)  loss_rand: 0.0951 (0.3554)  loss_srf: 0.0951 (0.3554)  loss_kl: 0.7939 (0.3184)  loss_grads: 0.9653 (0.9612)  iou: 0.9154 (0.3113)  time: 0.9533  data: 0.0017  max mem: 27709
[16:09:45.848777] Epoch: [0]  [  780/10922]  eta: 2:41:08  lr: 0.000100  loss: 0.5469 (1.5170)  loss_near: 0.3438 (0.8067)  loss_rand: 0.0926 (0.3487)  loss_srf: 0.0926 (0.3487)  loss_kl: 0.8054 (0.3308)  loss_grads: 0.9686 (0.9614)  iou: 0.9153 (0.3267)  time: 0.9521  data: 0.0016  max mem: 27709
[16:10:04.901671] Epoch: [0]  [  800/10922]  eta: 2:40:49  lr: 0.000100  loss: 0.5206 (1.4922)  loss_near: 0.2853 (0.7938)  loss_rand: 0.1083 (0.3427)  loss_srf: 0.1083 (0.3427)  loss_kl: 0.8251 (0.3431)  loss_grads: 0.9718 (0.9616)  iou: 0.9279 (0.3417)  time: 0.9526  data: 0.0016  max mem: 27709
[16:10:23.949804] Epoch: [0]  [  820/10922]  eta: 2:40:29  lr: 0.000100  loss: 0.5297 (1.4688)  loss_near: 0.2577 (0.7807)  loss_rand: 0.1260 (0.3374)  loss_srf: 0.1260 (0.3374)  loss_kl: 0.8375 (0.3552)  loss_grads: 0.9767 (0.9620)  iou: 0.9285 (0.3560)  time: 0.9523  data: 0.0015  max mem: 27709
[16:10:42.992838] Epoch: [0]  [  840/10922]  eta: 2:40:10  lr: 0.000100  loss: 0.5355 (1.4466)  loss_near: 0.2501 (0.7681)  loss_rand: 0.1331 (0.3326)  loss_srf: 0.1331 (0.3326)  loss_kl: 0.8285 (0.3664)  loss_grads: 0.9811 (0.9625)  iou: 0.9286 (0.3696)  time: 0.9521  data: 0.0014  max mem: 27709
[16:11:02.044931] Epoch: [0]  [  860/10922]  eta: 2:39:51  lr: 0.000100  loss: 0.5218 (1.4251)  loss_near: 0.2553 (0.7562)  loss_rand: 0.1237 (0.3277)  loss_srf: 0.1237 (0.3277)  loss_kl: 0.7893 (0.3764)  loss_grads: 0.9857 (0.9630)  iou: 0.9278 (0.3826)  time: 0.9525  data: 0.0014  max mem: 27709
[16:11:21.101485] Epoch: [0]  [  880/10922]  eta: 2:39:32  lr: 0.000100  loss: 0.5154 (1.4044)  loss_near: 0.2759 (0.7453)  loss_rand: 0.1090 (0.3228)  loss_srf: 0.1090 (0.3228)  loss_kl: 0.7562 (0.3851)  loss_grads: 0.9884 (0.9636)  iou: 0.9192 (0.3948)  time: 0.9528  data: 0.0015  max mem: 27709
[16:11:40.154628] Epoch: [0]  [  900/10922]  eta: 2:39:13  lr: 0.000100  loss: 0.5202 (1.3848)  loss_near: 0.2978 (0.7354)  loss_rand: 0.1023 (0.3179)  loss_srf: 0.1023 (0.3179)  loss_kl: 0.7260 (0.3925)  loss_grads: 0.9871 (0.9641)  iou: 0.9126 (0.4063)  time: 0.9526  data: 0.0015  max mem: 27709
[16:11:59.198226] Epoch: [0]  [  920/10922]  eta: 2:38:53  lr: 0.000100  loss: 0.5102 (1.3659)  loss_near: 0.2901 (0.7258)  loss_rand: 0.1027 (0.3132)  loss_srf: 0.1027 (0.3132)  loss_kl: 0.7056 (0.3993)  loss_grads: 0.9812 (0.9644)  iou: 0.9166 (0.4174)  time: 0.9521  data: 0.0015  max mem: 27709
[16:12:18.246211] Epoch: [0]  [  940/10922]  eta: 2:38:34  lr: 0.000100  loss: 0.5033 (1.3476)  loss_near: 0.2651 (0.7161)  loss_rand: 0.1097 (0.3089)  loss_srf: 0.1097 (0.3089)  loss_kl: 0.6892 (0.4055)  loss_grads: 0.9678 (0.9646)  iou: 0.9248 (0.4281)  time: 0.9523  data: 0.0016  max mem: 27709
[16:12:37.311279] Epoch: [0]  [  960/10922]  eta: 2:38:15  lr: 0.000100  loss: 0.5046 (1.3300)  loss_near: 0.2571 (0.7065)  loss_rand: 0.1142 (0.3049)  loss_srf: 0.1142 (0.3049)  loss_kl: 0.6764 (0.4112)  loss_grads: 0.9629 (0.9645)  iou: 0.9272 (0.4385)  time: 0.9532  data: 0.0015  max mem: 27709
[16:12:56.374088] Epoch: [0]  [  980/10922]  eta: 2:37:56  lr: 0.000100  loss: 0.5045 (1.3132)  loss_near: 0.2573 (0.6974)  loss_rand: 0.1149 (0.3010)  loss_srf: 0.1149 (0.3010)  loss_kl: 0.6614 (0.4162)  loss_grads: 0.9601 (0.9645)  iou: 0.9278 (0.4485)  time: 0.9531  data: 0.0016  max mem: 27709
[16:13:15.407407] Epoch: [0]  [ 1000/10922]  eta: 2:37:36  lr: 0.000100  loss: 0.5004 (1.2970)  loss_near: 0.2644 (0.6888)  loss_rand: 0.1100 (0.2972)  loss_srf: 0.1100 (0.2972)  loss_kl: 0.6396 (0.4205)  loss_grads: 0.9602 (0.9644)  iou: 0.9280 (0.4581)  time: 0.9516  data: 0.0016  max mem: 27709
[16:13:34.451651] Epoch: [0]  [ 1020/10922]  eta: 2:37:17  lr: 0.000100  loss: 0.4995 (1.2813)  loss_near: 0.2786 (0.6807)  loss_rand: 0.1025 (0.2934)  loss_srf: 0.1025 (0.2934)  loss_kl: 0.6014 (0.4242)  loss_grads: 0.9593 (0.9643)  iou: 0.9272 (0.4673)  time: 0.9522  data: 0.0015  max mem: 27709
[16:13:53.513506] Epoch: [0]  [ 1040/10922]  eta: 2:36:58  lr: 0.000100  loss: 0.4994 (1.2663)  loss_near: 0.2829 (0.6731)  loss_rand: 0.0996 (0.2897)  loss_srf: 0.0996 (0.2897)  loss_kl: 0.5806 (0.4272)  loss_grads: 0.9583 (0.9642)  iou: 0.9267 (0.4761)  time: 0.9530  data: 0.0014  max mem: 27709
[16:14:12.564529] Epoch: [0]  [ 1060/10922]  eta: 2:36:39  lr: 0.000100  loss: 0.4979 (1.2519)  loss_near: 0.2825 (0.6658)  loss_rand: 0.0995 (0.2861)  loss_srf: 0.0995 (0.2861)  loss_kl: 0.5597 (0.4297)  loss_grads: 0.9561 (0.9640)  iou: 0.9267 (0.4846)  time: 0.9525  data: 0.0015  max mem: 27709
[16:14:31.604010] Epoch: [0]  [ 1080/10922]  eta: 2:36:20  lr: 0.000100  loss: 0.4953 (1.2379)  loss_near: 0.2756 (0.6586)  loss_rand: 0.1028 (0.2827)  loss_srf: 0.1028 (0.2827)  loss_kl: 0.5408 (0.4317)  loss_grads: 0.9534 (0.9638)  iou: 0.9270 (0.4928)  time: 0.9519  data: 0.0015  max mem: 27709
[16:14:50.654936] Epoch: [0]  [ 1100/10922]  eta: 2:36:01  lr: 0.000100  loss: 0.4943 (1.2244)  loss_near: 0.2684 (0.6515)  loss_rand: 0.1050 (0.2795)  loss_srf: 0.1050 (0.2795)  loss_kl: 0.5150 (0.4333)  loss_grads: 0.9512 (0.9636)  iou: 0.9274 (0.5007)  time: 0.9525  data: 0.0015  max mem: 27709
[16:15:09.705941] Epoch: [0]  [ 1120/10922]  eta: 2:35:41  lr: 0.000100  loss: 0.4938 (1.2113)  loss_near: 0.2619 (0.6445)  loss_rand: 0.1084 (0.2764)  loss_srf: 0.1084 (0.2764)  loss_kl: 0.5000 (0.4345)  loss_grads: 0.9499 (0.9634)  iou: 0.9275 (0.5083)  time: 0.9525  data: 0.0016  max mem: 27709
[16:15:28.774006] Epoch: [0]  [ 1140/10922]  eta: 2:35:22  lr: 0.000100  loss: 0.4942 (1.1988)  loss_near: 0.2570 (0.6377)  loss_rand: 0.1118 (0.2735)  loss_srf: 0.1118 (0.2735)  loss_kl: 0.4836 (0.4353)  loss_grads: 0.9495 (0.9631)  iou: 0.9271 (0.5156)  time: 0.9533  data: 0.0015  max mem: 27709
[16:15:47.829804] Epoch: [0]  [ 1160/10922]  eta: 2:35:03  lr: 0.000100  loss: 0.4946 (1.1867)  loss_near: 0.2576 (0.6312)  loss_rand: 0.1111 (0.2707)  loss_srf: 0.1111 (0.2707)  loss_kl: 0.4672 (0.4358)  loss_grads: 0.9531 (0.9629)  iou: 0.9260 (0.5227)  time: 0.9527  data: 0.0015  max mem: 27709
[16:16:06.888304] Epoch: [0]  [ 1180/10922]  eta: 2:34:44  lr: 0.000100  loss: 0.4941 (1.1749)  loss_near: 0.2635 (0.6250)  loss_rand: 0.1075 (0.2680)  loss_srf: 0.1075 (0.2680)  loss_kl: 0.4436 (0.4360)  loss_grads: 0.9542 (0.9628)  iou: 0.9245 (0.5295)  time: 0.9529  data: 0.0015  max mem: 27709
[16:16:25.940413] Epoch: [0]  [ 1200/10922]  eta: 2:34:25  lr: 0.000100  loss: 0.4910 (1.1636)  loss_near: 0.2676 (0.6190)  loss_rand: 0.1045 (0.2653)  loss_srf: 0.1045 (0.2653)  loss_kl: 0.4300 (0.4359)  loss_grads: 0.9564 (0.9627)  iou: 0.9248 (0.5361)  time: 0.9526  data: 0.0015  max mem: 27709
[16:16:44.995560] Epoch: [0]  [ 1220/10922]  eta: 2:34:06  lr: 0.000100  loss: 0.4896 (1.1525)  loss_near: 0.2703 (0.6133)  loss_rand: 0.1024 (0.2626)  loss_srf: 0.1024 (0.2626)  loss_kl: 0.4176 (0.4355)  loss_grads: 0.9583 (0.9626)  iou: 0.9253 (0.5425)  time: 0.9527  data: 0.0015  max mem: 27709
[16:17:04.042673] Epoch: [0]  [ 1240/10922]  eta: 2:33:47  lr: 0.000100  loss: 0.4912 (1.1419)  loss_near: 0.2711 (0.6079)  loss_rand: 0.1025 (0.2600)  loss_srf: 0.1025 (0.2600)  loss_kl: 0.4059 (0.4350)  loss_grads: 0.9582 (0.9626)  iou: 0.9263 (0.5486)  time: 0.9523  data: 0.0015  max mem: 27709
[16:17:23.086895] Epoch: [0]  [ 1260/10922]  eta: 2:33:27  lr: 0.000100  loss: 0.4881 (1.1315)  loss_near: 0.2673 (0.6025)  loss_rand: 0.1036 (0.2575)  loss_srf: 0.1036 (0.2575)  loss_kl: 0.3873 (0.4343)  loss_grads: 0.9594 (0.9625)  iou: 0.9280 (0.5547)  time: 0.9521  data: 0.0017  max mem: 27709
[16:17:42.148562] Epoch: [0]  [ 1280/10922]  eta: 2:33:08  lr: 0.000100  loss: 0.4907 (1.1215)  loss_near: 0.2631 (0.5972)  loss_rand: 0.1071 (0.2552)  loss_srf: 0.1071 (0.2552)  loss_kl: 0.3784 (0.4334)  loss_grads: 0.9588 (0.9625)  iou: 0.9287 (0.5605)  time: 0.9530  data: 0.0016  max mem: 27709
[16:18:01.198380] Epoch: [0]  [ 1300/10922]  eta: 2:32:49  lr: 0.000100  loss: 0.4896 (1.1118)  loss_near: 0.2633 (0.5920)  loss_rand: 0.1066 (0.2529)  loss_srf: 0.1066 (0.2529)  loss_kl: 0.3675 (0.4324)  loss_grads: 0.9591 (0.9624)  iou: 0.9288 (0.5662)  time: 0.9524  data: 0.0015  max mem: 27709
[16:18:20.233539] Epoch: [0]  [ 1320/10922]  eta: 2:32:30  lr: 0.000100  loss: 0.4899 (1.1024)  loss_near: 0.2671 (0.5871)  loss_rand: 0.1037 (0.2507)  loss_srf: 0.1037 (0.2507)  loss_kl: 0.3566 (0.4312)  loss_grads: 0.9598 (0.9624)  iou: 0.9280 (0.5716)  time: 0.9517  data: 0.0015  max mem: 27709
[16:18:39.266946] Epoch: [0]  [ 1340/10922]  eta: 2:32:11  lr: 0.000100  loss: 0.4888 (1.0932)  loss_near: 0.2704 (0.5824)  loss_rand: 0.1024 (0.2484)  loss_srf: 0.1024 (0.2484)  loss_kl: 0.3433 (0.4300)  loss_grads: 0.9601 (0.9623)  iou: 0.9274 (0.5769)  time: 0.9516  data: 0.0015  max mem: 27709
[16:18:58.313159] Epoch: [0]  [ 1360/10922]  eta: 2:31:52  lr: 0.000100  loss: 0.4891 (1.0843)  loss_near: 0.2728 (0.5779)  loss_rand: 0.1009 (0.2463)  loss_srf: 0.1009 (0.2463)  loss_kl: 0.3346 (0.4286)  loss_grads: 0.9593 (0.9623)  iou: 0.9264 (0.5821)  time: 0.9523  data: 0.0016  max mem: 27709
[16:19:17.350846] Epoch: [0]  [ 1380/10922]  eta: 2:31:32  lr: 0.000100  loss: 0.4881 (1.0757)  loss_near: 0.2702 (0.5734)  loss_rand: 0.1023 (0.2442)  loss_srf: 0.1023 (0.2442)  loss_kl: 0.3260 (0.4271)  loss_grads: 0.9585 (0.9622)  iou: 0.9266 (0.5871)  time: 0.9518  data: 0.0016  max mem: 27709
[16:19:36.391855] Epoch: [0]  [ 1400/10922]  eta: 2:31:13  lr: 0.000100  loss: 0.4869 (1.0673)  loss_near: 0.2676 (0.5690)  loss_rand: 0.1034 (0.2422)  loss_srf: 0.1034 (0.2422)  loss_kl: 0.3179 (0.4255)  loss_grads: 0.9577 (0.9622)  iou: 0.9270 (0.5919)  time: 0.9520  data: 0.0015  max mem: 27709
[16:19:55.427616] Epoch: [0]  [ 1420/10922]  eta: 2:30:54  lr: 0.000100  loss: 0.4883 (1.0592)  loss_near: 0.2636 (0.5647)  loss_rand: 0.1058 (0.2403)  loss_srf: 0.1058 (0.2403)  loss_kl: 0.3066 (0.4238)  loss_grads: 0.9557 (0.9621)  iou: 0.9270 (0.5966)  time: 0.9517  data: 0.0016  max mem: 27709
[16:20:14.474082] Epoch: [0]  [ 1440/10922]  eta: 2:30:35  lr: 0.000100  loss: 0.4867 (1.0512)  loss_near: 0.2622 (0.5606)  loss_rand: 0.1055 (0.2384)  loss_srf: 0.1055 (0.2384)  loss_kl: 0.2992 (0.4221)  loss_grads: 0.9545 (0.9620)  iou: 0.9272 (0.6012)  time: 0.9523  data: 0.0015  max mem: 27709
[16:20:33.510149] Epoch: [0]  [ 1460/10922]  eta: 2:30:16  lr: 0.000100  loss: 0.4865 (1.0435)  loss_near: 0.2631 (0.5565)  loss_rand: 0.1057 (0.2366)  loss_srf: 0.1057 (0.2366)  loss_kl: 0.2924 (0.4203)  loss_grads: 0.9537 (0.9619)  iou: 0.9272 (0.6057)  time: 0.9517  data: 0.0015  max mem: 27709
[16:20:52.541577] Epoch: [0]  [ 1480/10922]  eta: 2:29:56  lr: 0.000100  loss: 0.4863 (1.0360)  loss_near: 0.2635 (0.5525)  loss_rand: 0.1049 (0.2348)  loss_srf: 0.1049 (0.2348)  loss_kl: 0.2863 (0.4185)  loss_grads: 0.9519 (0.9617)  iou: 0.9274 (0.6100)  time: 0.9515  data: 0.0015  max mem: 27709
[16:21:11.556744] Epoch: [0]  [ 1500/10922]  eta: 2:29:37  lr: 0.000100  loss: 0.4861 (1.0286)  loss_near: 0.2644 (0.5487)  loss_rand: 0.1048 (0.2331)  loss_srf: 0.1048 (0.2331)  loss_kl: 0.2759 (0.4166)  loss_grads: 0.9512 (0.9616)  iou: 0.9272 (0.6142)  time: 0.9507  data: 0.0015  max mem: 27709
[16:21:30.602621] Epoch: [0]  [ 1520/10922]  eta: 2:29:18  lr: 0.000100  loss: 0.4867 (1.0215)  loss_near: 0.2675 (0.5450)  loss_rand: 0.1027 (0.2314)  loss_srf: 0.1027 (0.2314)  loss_kl: 0.2696 (0.4147)  loss_grads: 0.9505 (0.9614)  iou: 0.9270 (0.6184)  time: 0.9522  data: 0.0014  max mem: 27709
[16:21:49.647271] Epoch: [0]  [ 1540/10922]  eta: 2:28:59  lr: 0.000100  loss: 0.4859 (1.0146)  loss_near: 0.2679 (0.5414)  loss_rand: 0.1026 (0.2297)  loss_srf: 0.1026 (0.2297)  loss_kl: 0.2639 (0.4127)  loss_grads: 0.9506 (0.9613)  iou: 0.9271 (0.6224)  time: 0.9522  data: 0.0015  max mem: 27709
[16:22:08.681707] Epoch: [0]  [ 1560/10922]  eta: 2:28:40  lr: 0.000100  loss: 0.4851 (1.0078)  loss_near: 0.2662 (0.5379)  loss_rand: 0.1035 (0.2281)  loss_srf: 0.1035 (0.2281)  loss_kl: 0.2567 (0.4107)  loss_grads: 0.9501 (0.9612)  iou: 0.9271 (0.6263)  time: 0.9517  data: 0.0015  max mem: 27709
[16:22:27.704335] Epoch: [0]  [ 1580/10922]  eta: 2:28:20  lr: 0.000100  loss: 0.4855 (1.0012)  loss_near: 0.2660 (0.5345)  loss_rand: 0.1035 (0.2265)  loss_srf: 0.1035 (0.2265)  loss_kl: 0.2493 (0.4087)  loss_grads: 0.9505 (0.9610)  iou: 0.9274 (0.6301)  time: 0.9511  data: 0.0014  max mem: 27709
[16:22:46.753868] Epoch: [0]  [ 1600/10922]  eta: 2:28:01  lr: 0.000100  loss: 0.4859 (0.9947)  loss_near: 0.2659 (0.5311)  loss_rand: 0.1042 (0.2250)  loss_srf: 0.1042 (0.2250)  loss_kl: 0.2436 (0.4066)  loss_grads: 0.9487 (0.9609)  iou: 0.9277 (0.6338)  time: 0.9524  data: 0.0016  max mem: 27709
[16:23:05.797662] Epoch: [0]  [ 1620/10922]  eta: 2:27:42  lr: 0.000100  loss: 0.4849 (0.9885)  loss_near: 0.2652 (0.5278)  loss_rand: 0.1037 (0.2235)  loss_srf: 0.1037 (0.2235)  loss_kl: 0.2384 (0.4046)  loss_grads: 0.9486 (0.9607)  iou: 0.9277 (0.6374)  time: 0.9521  data: 0.0015  max mem: 27709
[16:23:24.837427] Epoch: [0]  [ 1640/10922]  eta: 2:27:23  lr: 0.000100  loss: 0.4845 (0.9823)  loss_near: 0.2649 (0.5246)  loss_rand: 0.1025 (0.2220)  loss_srf: 0.1025 (0.2220)  loss_kl: 0.2337 (0.4024)  loss_grads: 0.9484 (0.9606)  iou: 0.9271 (0.6410)  time: 0.9519  data: 0.0014  max mem: 27709
[16:23:43.876948] Epoch: [0]  [ 1660/10922]  eta: 2:27:04  lr: 0.000100  loss: 0.4849 (0.9763)  loss_near: 0.2671 (0.5215)  loss_rand: 0.1028 (0.2206)  loss_srf: 0.1028 (0.2206)  loss_kl: 0.2256 (0.4003)  loss_grads: 0.9486 (0.9604)  iou: 0.9267 (0.6444)  time: 0.9519  data: 0.0014  max mem: 27709
[16:24:02.924155] Epoch: [0]  [ 1680/10922]  eta: 2:26:45  lr: 0.000100  loss: 0.4849 (0.9705)  loss_near: 0.2665 (0.5185)  loss_rand: 0.1029 (0.2192)  loss_srf: 0.1029 (0.2192)  loss_kl: 0.2206 (0.3982)  loss_grads: 0.9485 (0.9603)  iou: 0.9264 (0.6478)  time: 0.9523  data: 0.0014  max mem: 27709
[16:24:21.957361] Epoch: [0]  [ 1700/10922]  eta: 2:26:26  lr: 0.000100  loss: 0.4845 (0.9648)  loss_near: 0.2663 (0.5156)  loss_rand: 0.1031 (0.2178)  loss_srf: 0.1031 (0.2178)  loss_kl: 0.2156 (0.3960)  loss_grads: 0.9471 (0.9601)  iou: 0.9266 (0.6510)  time: 0.9516  data: 0.0016  max mem: 27709
[16:24:40.992436] Epoch: [0]  [ 1720/10922]  eta: 2:26:06  lr: 0.000100  loss: 0.4836 (0.9592)  loss_near: 0.2640 (0.5126)  loss_rand: 0.1040 (0.2165)  loss_srf: 0.1040 (0.2165)  loss_kl: 0.2114 (0.3939)  loss_grads: 0.9472 (0.9600)  iou: 0.9269 (0.6542)  time: 0.9517  data: 0.0014  max mem: 27709
[16:25:00.035846] Epoch: [0]  [ 1740/10922]  eta: 2:25:47  lr: 0.000100  loss: 0.4844 (0.9537)  loss_near: 0.2635 (0.5098)  loss_rand: 0.1044 (0.2152)  loss_srf: 0.1044 (0.2152)  loss_kl: 0.2044 (0.3917)  loss_grads: 0.9461 (0.9598)  iou: 0.9268 (0.6574)  time: 0.9521  data: 0.0016  max mem: 27709
[16:25:19.105831] Epoch: [0]  [ 1760/10922]  eta: 2:25:28  lr: 0.000100  loss: 0.4823 (0.9484)  loss_near: 0.2646 (0.5070)  loss_rand: 0.1030 (0.2139)  loss_srf: 0.1030 (0.2139)  loss_kl: 0.1995 (0.3895)  loss_grads: 0.9459 (0.9597)  iou: 0.9270 (0.6604)  time: 0.9534  data: 0.0015  max mem: 27709
[16:25:38.157131] Epoch: [0]  [ 1780/10922]  eta: 2:25:09  lr: 0.000100  loss: 0.4828 (0.9432)  loss_near: 0.2661 (0.5043)  loss_rand: 0.1024 (0.2127)  loss_srf: 0.1024 (0.2127)  loss_kl: 0.1952 (0.3873)  loss_grads: 0.9455 (0.9595)  iou: 0.9271 (0.6634)  time: 0.9525  data: 0.0015  max mem: 27709
[16:25:57.199220] Epoch: [0]  [ 1800/10922]  eta: 2:24:50  lr: 0.000100  loss: 0.4836 (0.9381)  loss_near: 0.2657 (0.5017)  loss_rand: 0.1033 (0.2115)  loss_srf: 0.1033 (0.2115)  loss_kl: 0.1904 (0.3852)  loss_grads: 0.9461 (0.9594)  iou: 0.9271 (0.6664)  time: 0.9520  data: 0.0014  max mem: 27709
[16:26:16.255720] Epoch: [0]  [ 1820/10922]  eta: 2:24:31  lr: 0.000100  loss: 0.4830 (0.9331)  loss_near: 0.2653 (0.4991)  loss_rand: 0.1031 (0.2103)  loss_srf: 0.1031 (0.2103)  loss_kl: 0.1849 (0.3830)  loss_grads: 0.9450 (0.9592)  iou: 0.9273 (0.6692)  time: 0.9528  data: 0.0015  max mem: 27709
[16:26:35.321062] Epoch: [0]  [ 1840/10922]  eta: 2:24:12  lr: 0.000100  loss: 0.4823 (0.9282)  loss_near: 0.2671 (0.4966)  loss_rand: 0.1019 (0.2091)  loss_srf: 0.1019 (0.2091)  loss_kl: 0.1805 (0.3808)  loss_grads: 0.9451 (0.9591)  iou: 0.9268 (0.6720)  time: 0.9532  data: 0.0015  max mem: 27709
[16:26:54.375366] Epoch: [0]  [ 1860/10922]  eta: 2:23:53  lr: 0.000100  loss: 0.4823 (0.9234)  loss_near: 0.2666 (0.4941)  loss_rand: 0.1020 (0.2080)  loss_srf: 0.1020 (0.2080)  loss_kl: 0.1766 (0.3786)  loss_grads: 0.9457 (0.9589)  iou: 0.9268 (0.6748)  time: 0.9527  data: 0.0016  max mem: 27709
[16:27:13.425387] Epoch: [0]  [ 1880/10922]  eta: 2:23:34  lr: 0.000100  loss: 0.4820 (0.9187)  loss_near: 0.2642 (0.4917)  loss_rand: 0.1029 (0.2068)  loss_srf: 0.1029 (0.2068)  loss_kl: 0.1725 (0.3764)  loss_grads: 0.9453 (0.9588)  iou: 0.9268 (0.6774)  time: 0.9524  data: 0.0014  max mem: 27709
[16:27:32.483029] Epoch: [0]  [ 1900/10922]  eta: 2:23:15  lr: 0.000100  loss: 0.4815 (0.9141)  loss_near: 0.2633 (0.4893)  loss_rand: 0.1035 (0.2057)  loss_srf: 0.1035 (0.2057)  loss_kl: 0.1679 (0.3742)  loss_grads: 0.9450 (0.9586)  iou: 0.9273 (0.6801)  time: 0.9528  data: 0.0015  max mem: 27709
[16:27:51.564281] Epoch: [0]  [ 1920/10922]  eta: 2:22:56  lr: 0.000100  loss: 0.4803 (0.9096)  loss_near: 0.2643 (0.4869)  loss_rand: 0.1023 (0.2047)  loss_srf: 0.1023 (0.2047)  loss_kl: 0.1640 (0.3720)  loss_grads: 0.9457 (0.9585)  iou: 0.9266 (0.6826)  time: 0.9540  data: 0.0016  max mem: 27709
[16:28:10.602001] Epoch: [0]  [ 1940/10922]  eta: 2:22:37  lr: 0.000100  loss: 0.4808 (0.9052)  loss_near: 0.2655 (0.4846)  loss_rand: 0.1019 (0.2036)  loss_srf: 0.1019 (0.2036)  loss_kl: 0.1609 (0.3698)  loss_grads: 0.9447 (0.9584)  iou: 0.9267 (0.6851)  time: 0.9518  data: 0.0015  max mem: 27709
[16:28:29.659700] Epoch: [0]  [ 1960/10922]  eta: 2:22:18  lr: 0.000100  loss: 0.4798 (0.9008)  loss_near: 0.2664 (0.4824)  loss_rand: 0.1012 (0.2026)  loss_srf: 0.1012 (0.2026)  loss_kl: 0.1573 (0.3677)  loss_grads: 0.9454 (0.9582)  iou: 0.9265 (0.6876)  time: 0.9528  data: 0.0016  max mem: 27709
[16:28:48.708551] Epoch: [0]  [ 1980/10922]  eta: 2:21:59  lr: 0.000100  loss: 0.4798 (0.8966)  loss_near: 0.2659 (0.4802)  loss_rand: 0.1009 (0.2015)  loss_srf: 0.1009 (0.2015)  loss_kl: 0.1528 (0.3655)  loss_grads: 0.9444 (0.9581)  iou: 0.9266 (0.6900)  time: 0.9524  data: 0.0015  max mem: 27709
[16:29:07.766024] Epoch: [0]  [ 2000/10922]  eta: 2:21:40  lr: 0.000100  loss: 0.4782 (0.8924)  loss_near: 0.2668 (0.4781)  loss_rand: 0.0999 (0.2005)  loss_srf: 0.0999 (0.2005)  loss_kl: 0.1496 (0.3634)  loss_grads: 0.9445 (0.9579)  iou: 0.9265 (0.6924)  time: 0.9528  data: 0.0015  max mem: 27709
[16:29:26.819643] Epoch: [0]  [ 2020/10922]  eta: 2:21:21  lr: 0.000100  loss: 0.4781 (0.8883)  loss_near: 0.2634 (0.4760)  loss_rand: 0.1020 (0.1996)  loss_srf: 0.1020 (0.1996)  loss_kl: 0.1462 (0.3612)  loss_grads: 0.9452 (0.9578)  iou: 0.9271 (0.6947)  time: 0.9526  data: 0.0016  max mem: 27709
[16:29:45.866941] Epoch: [0]  [ 2040/10922]  eta: 2:21:01  lr: 0.000100  loss: 0.4775 (0.8843)  loss_near: 0.2635 (0.4739)  loss_rand: 0.1014 (0.1986)  loss_srf: 0.1014 (0.1986)  loss_kl: 0.1428 (0.3590)  loss_grads: 0.9455 (0.9577)  iou: 0.9270 (0.6970)  time: 0.9523  data: 0.0015  max mem: 27709
[16:30:04.919400] Epoch: [0]  [ 2060/10922]  eta: 2:20:42  lr: 0.000100  loss: 0.4757 (0.8803)  loss_near: 0.2647 (0.4719)  loss_rand: 0.0996 (0.1976)  loss_srf: 0.0996 (0.1976)  loss_kl: 0.1382 (0.3569)  loss_grads: 0.9461 (0.9576)  iou: 0.9266 (0.6992)  time: 0.9526  data: 0.0015  max mem: 27709
[16:30:23.980025] Epoch: [0]  [ 2080/10922]  eta: 2:20:23  lr: 0.000100  loss: 0.4745 (0.8764)  loss_near: 0.2671 (0.4699)  loss_rand: 0.0982 (0.1967)  loss_srf: 0.0982 (0.1967)  loss_kl: 0.1353 (0.3548)  loss_grads: 0.9470 (0.9575)  iou: 0.9261 (0.7014)  time: 0.9530  data: 0.0015  max mem: 27709
[16:30:43.045616] Epoch: [0]  [ 2100/10922]  eta: 2:20:04  lr: 0.000100  loss: 0.4724 (0.8726)  loss_near: 0.2673 (0.4680)  loss_rand: 0.0970 (0.1957)  loss_srf: 0.0970 (0.1957)  loss_kl: 0.1327 (0.3527)  loss_grads: 0.9486 (0.9574)  iou: 0.9256 (0.7035)  time: 0.9532  data: 0.0014  max mem: 27709
[16:31:02.105705] Epoch: [0]  [ 2120/10922]  eta: 2:19:45  lr: 0.000100  loss: 0.4706 (0.8688)  loss_near: 0.2639 (0.4661)  loss_rand: 0.0981 (0.1948)  loss_srf: 0.0981 (0.1948)  loss_kl: 0.1297 (0.3506)  loss_grads: 0.9491 (0.9573)  iou: 0.9263 (0.7056)  time: 0.9529  data: 0.0015  max mem: 27709
[16:31:21.166380] Epoch: [0]  [ 2140/10922]  eta: 2:19:26  lr: 0.000100  loss: 0.4678 (0.8650)  loss_near: 0.2603 (0.4642)  loss_rand: 0.0981 (0.1939)  loss_srf: 0.0981 (0.1939)  loss_kl: 0.1259 (0.3485)  loss_grads: 0.9512 (0.9573)  iou: 0.9268 (0.7077)  time: 0.9530  data: 0.0016  max mem: 27709
[16:31:40.232539] Epoch: [0]  [ 2160/10922]  eta: 2:19:07  lr: 0.000100  loss: 0.4636 (0.8613)  loss_near: 0.2629 (0.4623)  loss_rand: 0.0951 (0.1930)  loss_srf: 0.0951 (0.1930)  loss_kl: 0.1228 (0.3464)  loss_grads: 0.9539 (0.9573)  iou: 0.9265 (0.7097)  time: 0.9532  data: 0.0015  max mem: 27709
[16:31:59.298026] Epoch: [0]  [ 2180/10922]  eta: 2:18:48  lr: 0.000100  loss: 0.4602 (0.8576)  loss_near: 0.2671 (0.4605)  loss_rand: 0.0911 (0.1921)  loss_srf: 0.0911 (0.1921)  loss_kl: 0.1207 (0.3443)  loss_grads: 0.9550 (0.9572)  iou: 0.9259 (0.7117)  time: 0.9532  data: 0.0016  max mem: 27709
[16:32:18.369471] Epoch: [0]  [ 2200/10922]  eta: 2:18:29  lr: 0.000100  loss: 0.4587 (0.8540)  loss_near: 0.2654 (0.4587)  loss_rand: 0.0911 (0.1911)  loss_srf: 0.0911 (0.1911)  loss_kl: 0.1178 (0.3422)  loss_grads: 0.9564 (0.9572)  iou: 0.9254 (0.7136)  time: 0.9535  data: 0.0015  max mem: 27709
[16:32:37.422287] Epoch: [0]  [ 2220/10922]  eta: 2:18:10  lr: 0.000100  loss: 0.4546 (0.8504)  loss_near: 0.2619 (0.4570)  loss_rand: 0.0910 (0.1902)  loss_srf: 0.0910 (0.1902)  loss_kl: 0.1166 (0.3402)  loss_grads: 0.9565 (0.9572)  iou: 0.9258 (0.7156)  time: 0.9526  data: 0.0015  max mem: 27709
[16:32:56.495032] Epoch: [0]  [ 2240/10922]  eta: 2:17:51  lr: 0.000100  loss: 0.4494 (0.8468)  loss_near: 0.2596 (0.4552)  loss_rand: 0.0896 (0.1893)  loss_srf: 0.0896 (0.1893)  loss_kl: 0.1145 (0.3382)  loss_grads: 0.9565 (0.9572)  iou: 0.9260 (0.7174)  time: 0.9536  data: 0.0015  max mem: 27709
[16:33:15.553437] Epoch: [0]  [ 2260/10922]  eta: 2:17:32  lr: 0.000100  loss: 0.4454 (0.8433)  loss_near: 0.2610 (0.4535)  loss_rand: 0.0866 (0.1884)  loss_srf: 0.0866 (0.1884)  loss_kl: 0.1131 (0.3362)  loss_grads: 0.9547 (0.9572)  iou: 0.9255 (0.7193)  time: 0.9529  data: 0.0014  max mem: 27709
[16:33:34.611198] Epoch: [0]  [ 2280/10922]  eta: 2:17:13  lr: 0.000100  loss: 0.4416 (0.8398)  loss_near: 0.2579 (0.4518)  loss_rand: 0.0857 (0.1875)  loss_srf: 0.0857 (0.1875)  loss_kl: 0.1120 (0.3342)  loss_grads: 0.9521 (0.9572)  iou: 0.9260 (0.7211)  time: 0.9528  data: 0.0014  max mem: 27709
[16:33:53.669180] Epoch: [0]  [ 2300/10922]  eta: 2:16:54  lr: 0.000100  loss: 0.4347 (0.8363)  loss_near: 0.2532 (0.4501)  loss_rand: 0.0858 (0.1867)  loss_srf: 0.0858 (0.1867)  loss_kl: 0.1111 (0.3323)  loss_grads: 0.9485 (0.9571)  iou: 0.9263 (0.7229)  time: 0.9528  data: 0.0015  max mem: 27709
[16:34:12.760322] Epoch: [0]  [ 2320/10922]  eta: 2:16:35  lr: 0.000100  loss: 0.4271 (0.8328)  loss_near: 0.2533 (0.4484)  loss_rand: 0.0825 (0.1858)  loss_srf: 0.0825 (0.1858)  loss_kl: 0.1094 (0.3304)  loss_grads: 0.9445 (0.9570)  iou: 0.9265 (0.7246)  time: 0.9545  data: 0.0016  max mem: 27709
[16:34:31.816530] Epoch: [0]  [ 2340/10922]  eta: 2:16:16  lr: 0.000100  loss: 0.4199 (0.8292)  loss_near: 0.2534 (0.4467)  loss_rand: 0.0781 (0.1848)  loss_srf: 0.0781 (0.1848)  loss_kl: 0.1073 (0.3285)  loss_grads: 0.9399 (0.9568)  iou: 0.9271 (0.7264)  time: 0.9527  data: 0.0015  max mem: 27709
[16:34:50.886480] Epoch: [0]  [ 2360/10922]  eta: 2:15:57  lr: 0.000100  loss: 0.4116 (0.8257)  loss_near: 0.2483 (0.4450)  loss_rand: 0.0754 (0.1839)  loss_srf: 0.0754 (0.1839)  loss_kl: 0.1045 (0.3266)  loss_grads: 0.9366 (0.9567)  iou: 0.9290 (0.7281)  time: 0.9534  data: 0.0015  max mem: 27709
[16:35:09.941070] Epoch: [0]  [ 2380/10922]  eta: 2:15:38  lr: 0.000100  loss: 0.4045 (0.8222)  loss_near: 0.2434 (0.4433)  loss_rand: 0.0743 (0.1830)  loss_srf: 0.0743 (0.1830)  loss_kl: 0.1029 (0.3247)  loss_grads: 0.9303 (0.9564)  iou: 0.9305 (0.7298)  time: 0.9527  data: 0.0015  max mem: 27709
[16:35:29.014811] Epoch: [0]  [ 2400/10922]  eta: 2:15:19  lr: 0.000100  loss: 0.3965 (0.8186)  loss_near: 0.2438 (0.4417)  loss_rand: 0.0704 (0.1821)  loss_srf: 0.0704 (0.1821)  loss_kl: 0.1024 (0.3229)  loss_grads: 0.9235 (0.9562)  iou: 0.9300 (0.7314)  time: 0.9536  data: 0.0015  max mem: 27709
[16:35:48.083971] Epoch: [0]  [ 2420/10922]  eta: 2:15:00  lr: 0.000100  loss: 0.3869 (0.8151)  loss_near: 0.2366 (0.4400)  loss_rand: 0.0696 (0.1811)  loss_srf: 0.0696 (0.1811)  loss_kl: 0.1030 (0.3210)  loss_grads: 0.9137 (0.9558)  iou: 0.9311 (0.7331)  time: 0.9534  data: 0.0014  max mem: 27709
[16:36:07.140972] Epoch: [0]  [ 2440/10922]  eta: 2:14:41  lr: 0.000100  loss: 0.3890 (0.8116)  loss_near: 0.2411 (0.4384)  loss_rand: 0.0653 (0.1802)  loss_srf: 0.0653 (0.1802)  loss_kl: 0.1048 (0.3193)  loss_grads: 0.9012 (0.9553)  iou: 0.9283 (0.7347)  time: 0.9528  data: 0.0015  max mem: 27709
[16:36:26.203549] Epoch: [0]  [ 2460/10922]  eta: 2:14:22  lr: 0.000100  loss: 0.3970 (0.8082)  loss_near: 0.2290 (0.4368)  loss_rand: 0.0773 (0.1793)  loss_srf: 0.0773 (0.1793)  loss_kl: 0.1116 (0.3176)  loss_grads: 0.8910 (0.9548)  iou: 0.9315 (0.7362)  time: 0.9531  data: 0.0015  max mem: 27709
[16:36:45.275330] Epoch: [0]  [ 2480/10922]  eta: 2:14:03  lr: 0.000100  loss: 0.3806 (0.8048)  loss_near: 0.2289 (0.4352)  loss_rand: 0.0715 (0.1785)  loss_srf: 0.0715 (0.1785)  loss_kl: 0.1170 (0.3160)  loss_grads: 0.8777 (0.9542)  iou: 0.9315 (0.7378)  time: 0.9535  data: 0.0015  max mem: 27709
[16:37:04.371725] Epoch: [0]  [ 2500/10922]  eta: 2:13:44  lr: 0.000100  loss: 0.3809 (0.8015)  loss_near: 0.2526 (0.4337)  loss_rand: 0.0603 (0.1775)  loss_srf: 0.0603 (0.1775)  loss_kl: 0.1218 (0.3144)  loss_grads: 0.8679 (0.9535)  iou: 0.9233 (0.7393)  time: 0.9548  data: 0.0014  max mem: 27709
[16:37:23.419892] Epoch: [0]  [ 2520/10922]  eta: 2:13:25  lr: 0.000100  loss: 0.3737 (0.7981)  loss_near: 0.2260 (0.4321)  loss_rand: 0.0683 (0.1767)  loss_srf: 0.0683 (0.1767)  loss_kl: 0.1270 (0.3129)  loss_grads: 0.8652 (0.9528)  iou: 0.9326 (0.7408)  time: 0.9523  data: 0.0014  max mem: 27709
[16:37:42.491072] Epoch: [0]  [ 2540/10922]  eta: 2:13:06  lr: 0.000100  loss: 0.3697 (0.7947)  loss_near: 0.2269 (0.4305)  loss_rand: 0.0657 (0.1758)  loss_srf: 0.0657 (0.1758)  loss_kl: 0.1351 (0.3115)  loss_grads: 0.8588 (0.9521)  iou: 0.9315 (0.7423)  time: 0.9535  data: 0.0014  max mem: 27709
[16:38:01.545151] Epoch: [0]  [ 2560/10922]  eta: 2:12:47  lr: 0.000100  loss: 0.3675 (0.7914)  loss_near: 0.2341 (0.4289)  loss_rand: 0.0613 (0.1749)  loss_srf: 0.0613 (0.1749)  loss_kl: 0.1392 (0.3102)  loss_grads: 0.8505 (0.9513)  iou: 0.9291 (0.7438)  time: 0.9527  data: 0.0014  max mem: 27709
[16:38:20.592384] Epoch: [0]  [ 2580/10922]  eta: 2:12:28  lr: 0.000100  loss: 0.3632 (0.7881)  loss_near: 0.2292 (0.4274)  loss_rand: 0.0618 (0.1741)  loss_srf: 0.0618 (0.1741)  loss_kl: 0.1431 (0.3089)  loss_grads: 0.8466 (0.9505)  iou: 0.9303 (0.7452)  time: 0.9523  data: 0.0014  max mem: 27709
[16:38:39.653087] Epoch: [0]  [ 2600/10922]  eta: 2:12:09  lr: 0.000100  loss: 0.3621 (0.7848)  loss_near: 0.2228 (0.4258)  loss_rand: 0.0640 (0.1732)  loss_srf: 0.0640 (0.1732)  loss_kl: 0.1479 (0.3077)  loss_grads: 0.8434 (0.9497)  iou: 0.9327 (0.7467)  time: 0.9530  data: 0.0014  max mem: 27709
[16:38:58.697370] Epoch: [0]  [ 2620/10922]  eta: 2:11:50  lr: 0.000100  loss: 0.3593 (0.7816)  loss_near: 0.2226 (0.4243)  loss_rand: 0.0627 (0.1724)  loss_srf: 0.0627 (0.1724)  loss_kl: 0.1517 (0.3065)  loss_grads: 0.8379 (0.9488)  iou: 0.9330 (0.7481)  time: 0.9522  data: 0.0014  max mem: 27709
[16:39:17.768123] Epoch: [0]  [ 2640/10922]  eta: 2:11:31  lr: 0.000100  loss: 0.3594 (0.7784)  loss_near: 0.2308 (0.4228)  loss_rand: 0.0595 (0.1715)  loss_srf: 0.0595 (0.1715)  loss_kl: 0.1536 (0.3053)  loss_grads: 0.8318 (0.9479)  iou: 0.9310 (0.7495)  time: 0.9535  data: 0.0014  max mem: 27709
[16:39:36.828060] Epoch: [0]  [ 2660/10922]  eta: 2:11:12  lr: 0.000100  loss: 0.3566 (0.7752)  loss_near: 0.2243 (0.4213)  loss_rand: 0.0609 (0.1707)  loss_srf: 0.0609 (0.1707)  loss_kl: 0.1554 (0.3042)  loss_grads: 0.8286 (0.9470)  iou: 0.9328 (0.7508)  time: 0.9529  data: 0.0015  max mem: 27709
[16:39:55.890251] Epoch: [0]  [ 2680/10922]  eta: 2:10:53  lr: 0.000100  loss: 0.3556 (0.7721)  loss_near: 0.2219 (0.4198)  loss_rand: 0.0619 (0.1699)  loss_srf: 0.0619 (0.1699)  loss_kl: 0.1563 (0.3031)  loss_grads: 0.8275 (0.9462)  iou: 0.9329 (0.7522)  time: 0.9531  data: 0.0014  max mem: 27709
[16:40:14.952113] Epoch: [0]  [ 2700/10922]  eta: 2:10:33  lr: 0.000100  loss: 0.3527 (0.7690)  loss_near: 0.2225 (0.4184)  loss_rand: 0.0598 (0.1691)  loss_srf: 0.0598 (0.1691)  loss_kl: 0.1579 (0.3020)  loss_grads: 0.8264 (0.9453)  iou: 0.9319 (0.7535)  time: 0.9530  data: 0.0014  max mem: 27709
[16:40:34.022812] Epoch: [0]  [ 2720/10922]  eta: 2:10:14  lr: 0.000100  loss: 0.3514 (0.7659)  loss_near: 0.2243 (0.4170)  loss_rand: 0.0581 (0.1683)  loss_srf: 0.0581 (0.1683)  loss_kl: 0.1574 (0.3009)  loss_grads: 0.8264 (0.9444)  iou: 0.9311 (0.7548)  time: 0.9535  data: 0.0015  max mem: 27709
[16:40:53.096344] Epoch: [0]  [ 2740/10922]  eta: 2:09:55  lr: 0.000100  loss: 0.3503 (0.7629)  loss_near: 0.2236 (0.4155)  loss_rand: 0.0589 (0.1675)  loss_srf: 0.0589 (0.1675)  loss_kl: 0.1578 (0.2999)  loss_grads: 0.8257 (0.9435)  iou: 0.9321 (0.7561)  time: 0.9536  data: 0.0014  max mem: 27709
[16:41:12.168081] Epoch: [0]  [ 2760/10922]  eta: 2:09:36  lr: 0.000100  loss: 0.3493 (0.7599)  loss_near: 0.2193 (0.4141)  loss_rand: 0.0603 (0.1667)  loss_srf: 0.0603 (0.1667)  loss_kl: 0.1568 (0.2989)  loss_grads: 0.8262 (0.9427)  iou: 0.9335 (0.7574)  time: 0.9535  data: 0.0015  max mem: 27709
[16:41:31.246776] Epoch: [0]  [ 2780/10922]  eta: 2:09:17  lr: 0.000100  loss: 0.3481 (0.7569)  loss_near: 0.2187 (0.4127)  loss_rand: 0.0598 (0.1659)  loss_srf: 0.0598 (0.1659)  loss_kl: 0.1554 (0.2978)  loss_grads: 0.8218 (0.9418)  iou: 0.9336 (0.7587)  time: 0.9539  data: 0.0014  max mem: 27709
[16:41:50.320564] Epoch: [0]  [ 2800/10922]  eta: 2:08:58  lr: 0.000100  loss: 0.3478 (0.7540)  loss_near: 0.2215 (0.4114)  loss_rand: 0.0581 (0.1651)  loss_srf: 0.0581 (0.1651)  loss_kl: 0.1549 (0.2968)  loss_grads: 0.8146 (0.9409)  iou: 0.9319 (0.7599)  time: 0.9536  data: 0.0015  max mem: 27709
[16:42:09.384471] Epoch: [0]  [ 2820/10922]  eta: 2:08:39  lr: 0.000100  loss: 0.3468 (0.7511)  loss_near: 0.2201 (0.4100)  loss_rand: 0.0583 (0.1644)  loss_srf: 0.0583 (0.1644)  loss_kl: 0.1523 (0.2958)  loss_grads: 0.8094 (0.9400)  iou: 0.9317 (0.7611)  time: 0.9531  data: 0.0016  max mem: 27709
[16:42:28.444981] Epoch: [0]  [ 2840/10922]  eta: 2:08:20  lr: 0.000100  loss: 0.3464 (0.7483)  loss_near: 0.2180 (0.4087)  loss_rand: 0.0591 (0.1636)  loss_srf: 0.0591 (0.1636)  loss_kl: 0.1514 (0.2948)  loss_grads: 0.8085 (0.9391)  iou: 0.9326 (0.7624)  time: 0.9530  data: 0.0014  max mem: 27709
[16:42:47.518188] Epoch: [0]  [ 2860/10922]  eta: 2:08:01  lr: 0.000100  loss: 0.3454 (0.7455)  loss_near: 0.2190 (0.4073)  loss_rand: 0.0586 (0.1629)  loss_srf: 0.0586 (0.1629)  loss_kl: 0.1494 (0.2938)  loss_grads: 0.8010 (0.9381)  iou: 0.9324 (0.7635)  time: 0.9536  data: 0.0015  max mem: 27709
[16:43:06.598078] Epoch: [0]  [ 2880/10922]  eta: 2:07:42  lr: 0.000100  loss: 0.3450 (0.7427)  loss_near: 0.2205 (0.4060)  loss_rand: 0.0570 (0.1622)  loss_srf: 0.0570 (0.1622)  loss_kl: 0.1487 (0.2928)  loss_grads: 0.8021 (0.9372)  iou: 0.9320 (0.7647)  time: 0.9539  data: 0.0016  max mem: 27709
[16:43:25.674019] Epoch: [0]  [ 2900/10922]  eta: 2:07:23  lr: 0.000100  loss: 0.3442 (0.7399)  loss_near: 0.2178 (0.4047)  loss_rand: 0.0579 (0.1615)  loss_srf: 0.0579 (0.1615)  loss_kl: 0.1475 (0.2918)  loss_grads: 0.8037 (0.9362)  iou: 0.9329 (0.7659)  time: 0.9537  data: 0.0016  max mem: 27709
[16:43:44.737299] Epoch: [0]  [ 2920/10922]  eta: 2:07:04  lr: 0.000100  loss: 0.3435 (0.7372)  loss_near: 0.2168 (0.4035)  loss_rand: 0.0585 (0.1608)  loss_srf: 0.0585 (0.1608)  loss_kl: 0.1454 (0.2908)  loss_grads: 0.8048 (0.9353)  iou: 0.9335 (0.7670)  time: 0.9531  data: 0.0015  max mem: 27709
[16:44:03.808050] Epoch: [0]  [ 2940/10922]  eta: 2:06:45  lr: 0.000100  loss: 0.3419 (0.7345)  loss_near: 0.2192 (0.4022)  loss_rand: 0.0569 (0.1600)  loss_srf: 0.0569 (0.1600)  loss_kl: 0.1435 (0.2898)  loss_grads: 0.8011 (0.9344)  iou: 0.9324 (0.7681)  time: 0.9535  data: 0.0015  max mem: 27709
[16:44:22.885944] Epoch: [0]  [ 2960/10922]  eta: 2:06:26  lr: 0.000100  loss: 0.3424 (0.7319)  loss_near: 0.2211 (0.4010)  loss_rand: 0.0561 (0.1593)  loss_srf: 0.0561 (0.1593)  loss_kl: 0.1426 (0.2888)  loss_grads: 0.7994 (0.9335)  iou: 0.9316 (0.7692)  time: 0.9538  data: 0.0015  max mem: 27709
[16:44:41.958404] Epoch: [0]  [ 2980/10922]  eta: 2:06:07  lr: 0.000100  loss: 0.3420 (0.7293)  loss_near: 0.2167 (0.3997)  loss_rand: 0.0580 (0.1587)  loss_srf: 0.0580 (0.1587)  loss_kl: 0.1415 (0.2878)  loss_grads: 0.7986 (0.9326)  iou: 0.9335 (0.7704)  time: 0.9536  data: 0.0016  max mem: 27709
[16:45:01.021924] Epoch: [0]  [ 3000/10922]  eta: 2:05:48  lr: 0.000100  loss: 0.3415 (0.7267)  loss_near: 0.2168 (0.3985)  loss_rand: 0.0574 (0.1580)  loss_srf: 0.0574 (0.1580)  loss_kl: 0.1393 (0.2868)  loss_grads: 0.7974 (0.9317)  iou: 0.9332 (0.7714)  time: 0.9531  data: 0.0015  max mem: 27709
[16:45:20.082206] Epoch: [0]  [ 3020/10922]  eta: 2:05:29  lr: 0.000100  loss: 0.3419 (0.7241)  loss_near: 0.2193 (0.3973)  loss_rand: 0.0566 (0.1573)  loss_srf: 0.0566 (0.1573)  loss_kl: 0.1375 (0.2858)  loss_grads: 0.7964 (0.9308)  iou: 0.9322 (0.7725)  time: 0.9530  data: 0.0015  max mem: 27709
[16:45:39.161838] Epoch: [0]  [ 3040/10922]  eta: 2:05:10  lr: 0.000100  loss: 0.3411 (0.7216)  loss_near: 0.2180 (0.3962)  loss_rand: 0.0568 (0.1567)  loss_srf: 0.0568 (0.1567)  loss_kl: 0.1369 (0.2848)  loss_grads: 0.7990 (0.9300)  iou: 0.9327 (0.7736)  time: 0.9539  data: 0.0015  max mem: 27709
[16:45:58.224276] Epoch: [0]  [ 3060/10922]  eta: 2:04:51  lr: 0.000100  loss: 0.3417 (0.7191)  loss_near: 0.2177 (0.3950)  loss_rand: 0.0571 (0.1560)  loss_srf: 0.0571 (0.1560)  loss_kl: 0.1357 (0.2838)  loss_grads: 0.8001 (0.9291)  iou: 0.9328 (0.7746)  time: 0.9531  data: 0.0014  max mem: 27709
[16:46:17.292828] Epoch: [0]  [ 3080/10922]  eta: 2:04:32  lr: 0.000100  loss: 0.3407 (0.7167)  loss_near: 0.2187 (0.3938)  loss_rand: 0.0563 (0.1554)  loss_srf: 0.0563 (0.1554)  loss_kl: 0.1342 (0.2829)  loss_grads: 0.7981 (0.9283)  iou: 0.9325 (0.7756)  time: 0.9534  data: 0.0015  max mem: 27709
[16:46:36.365236] Epoch: [0]  [ 3100/10922]  eta: 2:04:13  lr: 0.000100  loss: 0.3403 (0.7143)  loss_near: 0.2182 (0.3927)  loss_rand: 0.0563 (0.1547)  loss_srf: 0.0563 (0.1547)  loss_kl: 0.1335 (0.2819)  loss_grads: 0.7969 (0.9274)  iou: 0.9327 (0.7766)  time: 0.9536  data: 0.0014  max mem: 27709
[16:46:55.447159] Epoch: [0]  [ 3120/10922]  eta: 2:03:54  lr: 0.000100  loss: 0.3404 (0.7119)  loss_near: 0.2172 (0.3916)  loss_rand: 0.0569 (0.1541)  loss_srf: 0.0569 (0.1541)  loss_kl: 0.1318 (0.2809)  loss_grads: 0.7966 (0.9266)  iou: 0.9330 (0.7776)  time: 0.9540  data: 0.0015  max mem: 27709
[16:47:14.513576] Epoch: [0]  [ 3140/10922]  eta: 2:03:35  lr: 0.000100  loss: 0.3400 (0.7095)  loss_near: 0.2170 (0.3905)  loss_rand: 0.0567 (0.1535)  loss_srf: 0.0567 (0.1535)  loss_kl: 0.1317 (0.2800)  loss_grads: 0.7996 (0.9258)  iou: 0.9328 (0.7786)  time: 0.9533  data: 0.0014  max mem: 27709
[16:47:33.577486] Epoch: [0]  [ 3160/10922]  eta: 2:03:16  lr: 0.000100  loss: 0.3405 (0.7072)  loss_near: 0.2195 (0.3894)  loss_rand: 0.0557 (0.1529)  loss_srf: 0.0557 (0.1529)  loss_kl: 0.1303 (0.2791)  loss_grads: 0.7979 (0.9250)  iou: 0.9318 (0.7796)  time: 0.9531  data: 0.0014  max mem: 27709
[16:47:52.650055] Epoch: [0]  [ 3180/10922]  eta: 2:02:57  lr: 0.000100  loss: 0.3403 (0.7049)  loss_near: 0.2170 (0.3883)  loss_rand: 0.0568 (0.1523)  loss_srf: 0.0568 (0.1523)  loss_kl: 0.1295 (0.2781)  loss_grads: 0.8007 (0.9242)  iou: 0.9329 (0.7806)  time: 0.9536  data: 0.0015  max mem: 27709
[16:48:11.729124] Epoch: [0]  [ 3200/10922]  eta: 2:02:38  lr: 0.000100  loss: 0.3393 (0.7026)  loss_near: 0.2169 (0.3873)  loss_rand: 0.0566 (0.1517)  loss_srf: 0.0566 (0.1517)  loss_kl: 0.1293 (0.2772)  loss_grads: 0.7999 (0.9234)  iou: 0.9333 (0.7815)  time: 0.9539  data: 0.0014  max mem: 27709
[16:48:30.799073] Epoch: [0]  [ 3220/10922]  eta: 2:02:19  lr: 0.000100  loss: 0.3398 (0.7003)  loss_near: 0.2191 (0.3862)  loss_rand: 0.0554 (0.1511)  loss_srf: 0.0554 (0.1511)  loss_kl: 0.1274 (0.2763)  loss_grads: 0.7974 (0.9227)  iou: 0.9322 (0.7824)  time: 0.9534  data: 0.0015  max mem: 27709
[16:48:49.870917] Epoch: [0]  [ 3240/10922]  eta: 2:02:00  lr: 0.000100  loss: 0.3395 (0.6981)  loss_near: 0.2172 (0.3852)  loss_rand: 0.0561 (0.1505)  loss_srf: 0.0561 (0.1505)  loss_kl: 0.1264 (0.2753)  loss_grads: 0.7987 (0.9219)  iou: 0.9330 (0.7834)  time: 0.9535  data: 0.0015  max mem: 27709
[16:49:08.946916] Epoch: [0]  [ 3260/10922]  eta: 2:01:41  lr: 0.000100  loss: 0.3395 (0.6959)  loss_near: 0.2171 (0.3841)  loss_rand: 0.0562 (0.1499)  loss_srf: 0.0562 (0.1499)  loss_kl: 0.1259 (0.2744)  loss_grads: 0.7992 (0.9211)  iou: 0.9328 (0.7843)  time: 0.9537  data: 0.0015  max mem: 27709
[16:49:28.034364] Epoch: [0]  [ 3280/10922]  eta: 2:01:22  lr: 0.000100  loss: 0.3395 (0.6937)  loss_near: 0.2191 (0.3831)  loss_rand: 0.0558 (0.1493)  loss_srf: 0.0558 (0.1493)  loss_kl: 0.1245 (0.2735)  loss_grads: 0.7990 (0.9204)  iou: 0.9321 (0.7852)  time: 0.9543  data: 0.0015  max mem: 27709
[16:49:47.098360] Epoch: [0]  [ 3300/10922]  eta: 2:01:03  lr: 0.000100  loss: 0.3391 (0.6916)  loss_near: 0.2179 (0.3821)  loss_rand: 0.0560 (0.1488)  loss_srf: 0.0560 (0.1488)  loss_kl: 0.1234 (0.2726)  loss_grads: 0.7989 (0.9197)  iou: 0.9329 (0.7861)  time: 0.9531  data: 0.0015  max mem: 27709
[16:50:06.170588] Epoch: [0]  [ 3320/10922]  eta: 2:00:44  lr: 0.000100  loss: 0.3395 (0.6895)  loss_near: 0.2178 (0.3811)  loss_rand: 0.0562 (0.1482)  loss_srf: 0.0562 (0.1482)  loss_kl: 0.1226 (0.2717)  loss_grads: 0.7985 (0.9189)  iou: 0.9327 (0.7870)  time: 0.9536  data: 0.0015  max mem: 27709
[16:50:25.243492] Epoch: [0]  [ 3340/10922]  eta: 2:00:25  lr: 0.000100  loss: 0.3385 (0.6874)  loss_near: 0.2176 (0.3802)  loss_rand: 0.0560 (0.1477)  loss_srf: 0.0560 (0.1477)  loss_kl: 0.1217 (0.2708)  loss_grads: 0.7988 (0.9182)  iou: 0.9327 (0.7878)  time: 0.9536  data: 0.0014  max mem: 27709
[16:50:44.327904] Epoch: [0]  [ 3360/10922]  eta: 2:00:06  lr: 0.000100  loss: 0.3384 (0.6853)  loss_near: 0.2171 (0.3792)  loss_rand: 0.0560 (0.1471)  loss_srf: 0.0560 (0.1471)  loss_kl: 0.1206 (0.2699)  loss_grads: 0.7994 (0.9175)  iou: 0.9329 (0.7887)  time: 0.9542  data: 0.0014  max mem: 27709
[16:51:03.432467] Epoch: [0]  [ 3380/10922]  eta: 1:59:47  lr: 0.000100  loss: 0.3390 (0.6832)  loss_near: 0.2192 (0.3783)  loss_rand: 0.0554 (0.1466)  loss_srf: 0.0554 (0.1466)  loss_kl: 0.1198 (0.2690)  loss_grads: 0.7956 (0.9168)  iou: 0.9321 (0.7896)  time: 0.9551  data: 0.0017  max mem: 27709
[16:51:22.516611] Epoch: [0]  [ 3400/10922]  eta: 1:59:28  lr: 0.000100  loss: 0.3384 (0.6812)  loss_near: 0.2168 (0.3773)  loss_rand: 0.0562 (0.1460)  loss_srf: 0.0562 (0.1460)  loss_kl: 0.1188 (0.2681)  loss_grads: 0.7980 (0.9161)  iou: 0.9331 (0.7904)  time: 0.9542  data: 0.0015  max mem: 27709
[16:51:41.595968] Epoch: [0]  [ 3420/10922]  eta: 1:59:09  lr: 0.000100  loss: 0.3388 (0.6792)  loss_near: 0.2176 (0.3764)  loss_rand: 0.0559 (0.1455)  loss_srf: 0.0559 (0.1455)  loss_kl: 0.1184 (0.2673)  loss_grads: 0.7952 (0.9154)  iou: 0.9327 (0.7912)  time: 0.9539  data: 0.0014  max mem: 27709
[16:52:00.666369] Epoch: [0]  [ 3440/10922]  eta: 1:58:50  lr: 0.000100  loss: 0.3388 (0.6772)  loss_near: 0.2194 (0.3755)  loss_rand: 0.0552 (0.1450)  loss_srf: 0.0552 (0.1450)  loss_kl: 0.1174 (0.2664)  loss_grads: 0.7928 (0.9147)  iou: 0.9321 (0.7920)  time: 0.9535  data: 0.0014  max mem: 27709
[16:52:19.727065] Epoch: [0]  [ 3460/10922]  eta: 1:58:31  lr: 0.000100  loss: 0.3383 (0.6753)  loss_near: 0.2164 (0.3745)  loss_rand: 0.0563 (0.1445)  loss_srf: 0.0563 (0.1445)  loss_kl: 0.1167 (0.2655)  loss_grads: 0.7969 (0.9140)  iou: 0.9333 (0.7929)  time: 0.9530  data: 0.0014  max mem: 27709
[16:52:38.801157] Epoch: [0]  [ 3480/10922]  eta: 1:58:12  lr: 0.000100  loss: 0.3376 (0.6733)  loss_near: 0.2184 (0.3736)  loss_rand: 0.0555 (0.1440)  loss_srf: 0.0555 (0.1440)  loss_kl: 0.1158 (0.2647)  loss_grads: 0.7955 (0.9133)  iou: 0.9324 (0.7937)  time: 0.9537  data: 0.0015  max mem: 27709
[16:52:57.869110] Epoch: [0]  [ 3500/10922]  eta: 1:57:53  lr: 0.000100  loss: 0.3380 (0.6714)  loss_near: 0.2186 (0.3728)  loss_rand: 0.0552 (0.1434)  loss_srf: 0.0552 (0.1434)  loss_kl: 0.1152 (0.2638)  loss_grads: 0.7939 (0.9127)  iou: 0.9322 (0.7945)  time: 0.9533  data: 0.0014  max mem: 27709
[16:53:16.941872] Epoch: [0]  [ 3520/10922]  eta: 1:57:34  lr: 0.000100  loss: 0.3378 (0.6695)  loss_near: 0.2169 (0.3719)  loss_rand: 0.0560 (0.1430)  loss_srf: 0.0560 (0.1430)  loss_kl: 0.1139 (0.2629)  loss_grads: 0.7948 (0.9120)  iou: 0.9330 (0.7952)  time: 0.9536  data: 0.0014  max mem: 27709
[16:53:36.015122] Epoch: [0]  [ 3540/10922]  eta: 1:57:14  lr: 0.000100  loss: 0.3381 (0.6677)  loss_near: 0.2172 (0.3710)  loss_rand: 0.0559 (0.1425)  loss_srf: 0.0559 (0.1425)  loss_kl: 0.1127 (0.2621)  loss_grads: 0.7943 (0.9113)  iou: 0.9327 (0.7960)  time: 0.9536  data: 0.0015  max mem: 27709
[16:53:55.091058] Epoch: [0]  [ 3560/10922]  eta: 1:56:55  lr: 0.000100  loss: 0.3379 (0.6658)  loss_near: 0.2183 (0.3701)  loss_rand: 0.0550 (0.1420)  loss_srf: 0.0550 (0.1420)  loss_kl: 0.1121 (0.2613)  loss_grads: 0.7925 (0.9107)  iou: 0.9323 (0.7968)  time: 0.9537  data: 0.0015  max mem: 27709
[16:54:14.162162] Epoch: [0]  [ 3580/10922]  eta: 1:56:36  lr: 0.000100  loss: 0.3382 (0.6640)  loss_near: 0.2169 (0.3693)  loss_rand: 0.0561 (0.1415)  loss_srf: 0.0561 (0.1415)  loss_kl: 0.1118 (0.2604)  loss_grads: 0.7949 (0.9100)  iou: 0.9329 (0.7975)  time: 0.9535  data: 0.0016  max mem: 27709
[16:54:33.240781] Epoch: [0]  [ 3600/10922]  eta: 1:56:17  lr: 0.000100  loss: 0.3377 (0.6622)  loss_near: 0.2185 (0.3685)  loss_rand: 0.0548 (0.1410)  loss_srf: 0.0548 (0.1410)  loss_kl: 0.1098 (0.2596)  loss_grads: 0.7914 (0.9094)  iou: 0.9324 (0.7983)  time: 0.9539  data: 0.0015  max mem: 27709
[16:54:52.320409] Epoch: [0]  [ 3620/10922]  eta: 1:55:58  lr: 0.000100  loss: 0.3373 (0.6604)  loss_near: 0.2176 (0.3676)  loss_rand: 0.0553 (0.1405)  loss_srf: 0.0553 (0.1405)  loss_kl: 0.1092 (0.2588)  loss_grads: 0.7889 (0.9087)  iou: 0.9326 (0.7990)  time: 0.9539  data: 0.0015  max mem: 27709
[16:55:11.400321] Epoch: [0]  [ 3640/10922]  eta: 1:55:39  lr: 0.000100  loss: 0.3372 (0.6586)  loss_near: 0.2166 (0.3668)  loss_rand: 0.0557 (0.1401)  loss_srf: 0.0557 (0.1401)  loss_kl: 0.1080 (0.2579)  loss_grads: 0.7893 (0.9080)  iou: 0.9330 (0.7998)  time: 0.9539  data: 0.0015  max mem: 27709
[16:55:30.477081] Epoch: [0]  [ 3660/10922]  eta: 1:55:20  lr: 0.000100  loss: 0.3374 (0.6568)  loss_near: 0.2180 (0.3660)  loss_rand: 0.0550 (0.1396)  loss_srf: 0.0550 (0.1396)  loss_kl: 0.1075 (0.2571)  loss_grads: 0.7902 (0.9074)  iou: 0.9324 (0.8005)  time: 0.9538  data: 0.0015  max mem: 27709
[16:55:49.553400] Epoch: [0]  [ 3680/10922]  eta: 1:55:01  lr: 0.000100  loss: 0.3368 (0.6551)  loss_near: 0.2170 (0.3652)  loss_rand: 0.0552 (0.1391)  loss_srf: 0.0552 (0.1391)  loss_kl: 0.1064 (0.2563)  loss_grads: 0.7891 (0.9068)  iou: 0.9331 (0.8012)  time: 0.9538  data: 0.0014  max mem: 27709
[16:56:08.614683] Epoch: [0]  [ 3700/10922]  eta: 1:54:42  lr: 0.000100  loss: 0.3370 (0.6534)  loss_near: 0.2178 (0.3644)  loss_rand: 0.0550 (0.1387)  loss_srf: 0.0550 (0.1387)  loss_kl: 0.1059 (0.2555)  loss_grads: 0.7891 (0.9061)  iou: 0.9325 (0.8019)  time: 0.9530  data: 0.0014  max mem: 27709
[16:56:27.678126] Epoch: [0]  [ 3720/10922]  eta: 1:54:23  lr: 0.000100  loss: 0.3370 (0.6517)  loss_near: 0.2173 (0.3636)  loss_rand: 0.0553 (0.1382)  loss_srf: 0.0553 (0.1382)  loss_kl: 0.1049 (0.2547)  loss_grads: 0.7884 (0.9055)  iou: 0.9326 (0.8026)  time: 0.9531  data: 0.0014  max mem: 27709
[16:56:46.745351] Epoch: [0]  [ 3740/10922]  eta: 1:54:04  lr: 0.000100  loss: 0.3368 (0.6500)  loss_near: 0.2170 (0.3628)  loss_rand: 0.0552 (0.1378)  loss_srf: 0.0552 (0.1378)  loss_kl: 0.1040 (0.2539)  loss_grads: 0.7901 (0.9049)  iou: 0.9329 (0.8033)  time: 0.9533  data: 0.0015  max mem: 27709
[16:57:05.826567] Epoch: [0]  [ 3760/10922]  eta: 1:53:45  lr: 0.000100  loss: 0.3371 (0.6483)  loss_near: 0.2184 (0.3620)  loss_rand: 0.0548 (0.1374)  loss_srf: 0.0548 (0.1374)  loss_kl: 0.1027 (0.2531)  loss_grads: 0.7886 (0.9043)  iou: 0.9324 (0.8040)  time: 0.9540  data: 0.0014  max mem: 27709
[16:57:24.893086] Epoch: [0]  [ 3780/10922]  eta: 1:53:26  lr: 0.000100  loss: 0.3363 (0.6467)  loss_near: 0.2173 (0.3613)  loss_rand: 0.0548 (0.1369)  loss_srf: 0.0548 (0.1369)  loss_kl: 0.1020 (0.2523)  loss_grads: 0.7880 (0.9037)  iou: 0.9326 (0.8047)  time: 0.9533  data: 0.0014  max mem: 27709
[16:57:43.969556] Epoch: [0]  [ 3800/10922]  eta: 1:53:07  lr: 0.000100  loss: 0.3361 (0.6450)  loss_near: 0.2166 (0.3605)  loss_rand: 0.0549 (0.1365)  loss_srf: 0.0549 (0.1365)  loss_kl: 0.1021 (0.2515)  loss_grads: 0.7884 (0.9030)  iou: 0.9326 (0.8054)  time: 0.9538  data: 0.0014  max mem: 27709
[16:58:03.040627] Epoch: [0]  [ 3820/10922]  eta: 1:52:48  lr: 0.000100  loss: 0.3365 (0.6434)  loss_near: 0.2180 (0.3598)  loss_rand: 0.0548 (0.1361)  loss_srf: 0.0548 (0.1361)  loss_kl: 0.1001 (0.2507)  loss_grads: 0.7852 (0.9024)  iou: 0.9325 (0.8060)  time: 0.9535  data: 0.0014  max mem: 27709
[16:58:22.119668] Epoch: [0]  [ 3840/10922]  eta: 1:52:29  lr: 0.000100  loss: 0.3360 (0.6418)  loss_near: 0.2163 (0.3590)  loss_rand: 0.0552 (0.1356)  loss_srf: 0.0552 (0.1356)  loss_kl: 0.1001 (0.2499)  loss_grads: 0.7870 (0.9018)  iou: 0.9335 (0.8067)  time: 0.9539  data: 0.0014  max mem: 27709
[16:58:41.193731] Epoch: [0]  [ 3860/10922]  eta: 1:52:10  lr: 0.000100  loss: 0.3358 (0.6402)  loss_near: 0.2175 (0.3583)  loss_rand: 0.0546 (0.1352)  loss_srf: 0.0546 (0.1352)  loss_kl: 0.0989 (0.2491)  loss_grads: 0.7861 (0.9012)  iou: 0.9325 (0.8073)  time: 0.9536  data: 0.0014  max mem: 27709
[16:59:00.273609] Epoch: [0]  [ 3880/10922]  eta: 1:51:51  lr: 0.000100  loss: 0.3361 (0.6387)  loss_near: 0.2172 (0.3576)  loss_rand: 0.0549 (0.1348)  loss_srf: 0.0549 (0.1348)  loss_kl: 0.0979 (0.2483)  loss_grads: 0.7871 (0.9007)  iou: 0.9327 (0.8080)  time: 0.9539  data: 0.0016  max mem: 27709
[16:59:19.356161] Epoch: [0]  [ 3900/10922]  eta: 1:51:32  lr: 0.000100  loss: 0.3361 (0.6371)  loss_near: 0.2172 (0.3568)  loss_rand: 0.0548 (0.1344)  loss_srf: 0.0548 (0.1344)  loss_kl: 0.0976 (0.2476)  loss_grads: 0.7854 (0.9001)  iou: 0.9326 (0.8086)  time: 0.9541  data: 0.0017  max mem: 27709
[16:59:38.434175] Epoch: [0]  [ 3920/10922]  eta: 1:51:13  lr: 0.000100  loss: 0.3356 (0.6356)  loss_near: 0.2177 (0.3561)  loss_rand: 0.0545 (0.1340)  loss_srf: 0.0545 (0.1340)  loss_kl: 0.0970 (0.2468)  loss_grads: 0.7841 (0.8995)  iou: 0.9331 (0.8093)  time: 0.9538  data: 0.0014  max mem: 27709
[16:59:57.501656] Epoch: [0]  [ 3940/10922]  eta: 1:50:54  lr: 0.000100  loss: 0.3357 (0.6341)  loss_near: 0.2166 (0.3554)  loss_rand: 0.0551 (0.1336)  loss_srf: 0.0551 (0.1336)  loss_kl: 0.0960 (0.2460)  loss_grads: 0.7861 (0.8989)  iou: 0.9330 (0.8099)  time: 0.9533  data: 0.0016  max mem: 27709
[17:00:16.559417] Epoch: [0]  [ 3960/10922]  eta: 1:50:35  lr: 0.000100  loss: 0.3343 (0.6326)  loss_near: 0.2176 (0.3547)  loss_rand: 0.0540 (0.1332)  loss_srf: 0.0540 (0.1332)  loss_kl: 0.0952 (0.2453)  loss_grads: 0.7856 (0.8983)  iou: 0.9325 (0.8105)  time: 0.9528  data: 0.0015  max mem: 27709
[17:00:35.608484] Epoch: [0]  [ 3980/10922]  eta: 1:50:16  lr: 0.000100  loss: 0.3346 (0.6311)  loss_near: 0.2172 (0.3540)  loss_rand: 0.0545 (0.1328)  loss_srf: 0.0545 (0.1328)  loss_kl: 0.0948 (0.2445)  loss_grads: 0.7857 (0.8978)  iou: 0.9330 (0.8111)  time: 0.9524  data: 0.0014  max mem: 27709
[17:00:54.657674] Epoch: [0]  [ 4000/10922]  eta: 1:49:57  lr: 0.000100  loss: 0.3342 (0.6296)  loss_near: 0.2170 (0.3534)  loss_rand: 0.0540 (0.1324)  loss_srf: 0.0540 (0.1324)  loss_kl: 0.0941 (0.2438)  loss_grads: 0.7842 (0.8972)  iou: 0.9329 (0.8117)  time: 0.9524  data: 0.0015  max mem: 27709
[17:01:13.717818] Epoch: [0]  [ 4020/10922]  eta: 1:49:37  lr: 0.000100  loss: 0.3344 (0.6281)  loss_near: 0.2169 (0.3527)  loss_rand: 0.0540 (0.1320)  loss_srf: 0.0540 (0.1320)  loss_kl: 0.0932 (0.2430)  loss_grads: 0.7833 (0.8966)  iou: 0.9331 (0.8123)  time: 0.9529  data: 0.0015  max mem: 27709
[17:01:32.769917] Epoch: [0]  [ 4040/10922]  eta: 1:49:18  lr: 0.000100  loss: 0.3339 (0.6266)  loss_near: 0.2166 (0.3520)  loss_rand: 0.0539 (0.1316)  loss_srf: 0.0539 (0.1316)  loss_kl: 0.0922 (0.2423)  loss_grads: 0.7847 (0.8961)  iou: 0.9333 (0.8129)  time: 0.9525  data: 0.0014  max mem: 27709
[17:01:51.811668] Epoch: [0]  [ 4060/10922]  eta: 1:48:59  lr: 0.000100  loss: 0.3335 (0.6252)  loss_near: 0.2170 (0.3513)  loss_rand: 0.0538 (0.1312)  loss_srf: 0.0538 (0.1312)  loss_kl: 0.0921 (0.2415)  loss_grads: 0.7849 (0.8955)  iou: 0.9331 (0.8135)  time: 0.9520  data: 0.0015  max mem: 27709
[17:02:10.876715] Epoch: [0]  [ 4080/10922]  eta: 1:48:40  lr: 0.000100  loss: 0.3339 (0.6238)  loss_near: 0.2167 (0.3507)  loss_rand: 0.0542 (0.1309)  loss_srf: 0.0542 (0.1309)  loss_kl: 0.0909 (0.2408)  loss_grads: 0.7850 (0.8950)  iou: 0.9331 (0.8141)  time: 0.9532  data: 0.0016  max mem: 27709
[17:02:30.142111] Epoch: [0]  [ 4100/10922]  eta: 1:48:22  lr: 0.000100  loss: 0.3330 (0.6224)  loss_near: 0.2163 (0.3500)  loss_rand: 0.0541 (0.1305)  loss_srf: 0.0541 (0.1305)  loss_kl: 0.0903 (0.2401)  loss_grads: 0.7822 (0.8945)  iou: 0.9332 (0.8147)  time: 0.9631  data: 0.0023  max mem: 27709
[17:02:49.187508] Epoch: [0]  [ 4120/10922]  eta: 1:48:02  lr: 0.000100  loss: 0.3324 (0.6210)  loss_near: 0.2166 (0.3494)  loss_rand: 0.0534 (0.1301)  loss_srf: 0.0534 (0.1301)  loss_kl: 0.0896 (0.2393)  loss_grads: 0.7824 (0.8939)  iou: 0.9335 (0.8153)  time: 0.9522  data: 0.0016  max mem: 27709
[17:03:08.231655] Epoch: [0]  [ 4140/10922]  eta: 1:47:43  lr: 0.000100  loss: 0.3329 (0.6196)  loss_near: 0.2185 (0.3487)  loss_rand: 0.0527 (0.1297)  loss_srf: 0.0527 (0.1297)  loss_kl: 0.0888 (0.2386)  loss_grads: 0.7803 (0.8934)  iou: 0.9326 (0.8158)  time: 0.9522  data: 0.0014  max mem: 27709
[17:03:27.278488] Epoch: [0]  [ 4160/10922]  eta: 1:47:24  lr: 0.000100  loss: 0.3334 (0.6182)  loss_near: 0.2132 (0.3481)  loss_rand: 0.0556 (0.1294)  loss_srf: 0.0556 (0.1294)  loss_kl: 0.0880 (0.2379)  loss_grads: 0.7843 (0.8928)  iou: 0.9350 (0.8164)  time: 0.9523  data: 0.0014  max mem: 27709
[17:03:46.308343] Epoch: [0]  [ 4180/10922]  eta: 1:47:05  lr: 0.000100  loss: 0.3352 (0.6168)  loss_near: 0.2220 (0.3475)  loss_rand: 0.0518 (0.1290)  loss_srf: 0.0518 (0.1290)  loss_kl: 0.0874 (0.2372)  loss_grads: 0.7816 (0.8923)  iou: 0.9320 (0.8170)  time: 0.9514  data: 0.0014  max mem: 27709
[17:04:05.337873] Epoch: [0]  [ 4200/10922]  eta: 1:46:46  lr: 0.000100  loss: 0.3369 (0.6155)  loss_near: 0.2133 (0.3469)  loss_rand: 0.0575 (0.1287)  loss_srf: 0.0575 (0.1287)  loss_kl: 0.0869 (0.2364)  loss_grads: 0.7847 (0.8918)  iou: 0.9354 (0.8175)  time: 0.9514  data: 0.0014  max mem: 27709
[17:04:24.377187] Epoch: [0]  [ 4220/10922]  eta: 1:46:27  lr: 0.000100  loss: 0.3346 (0.6142)  loss_near: 0.2129 (0.3463)  loss_rand: 0.0559 (0.1283)  loss_srf: 0.0559 (0.1283)  loss_kl: 0.0862 (0.2357)  loss_grads: 0.7840 (0.8913)  iou: 0.9353 (0.8181)  time: 0.9519  data: 0.0014  max mem: 27709
[17:04:43.417659] Epoch: [0]  [ 4240/10922]  eta: 1:46:08  lr: 0.000100  loss: 0.3294 (0.6128)  loss_near: 0.2158 (0.3456)  loss_rand: 0.0525 (0.1280)  loss_srf: 0.0525 (0.1280)  loss_kl: 0.0856 (0.2350)  loss_grads: 0.7764 (0.8907)  iou: 0.9336 (0.8186)  time: 0.9520  data: 0.0014  max mem: 27709
[17:05:02.450385] Epoch: [0]  [ 4260/10922]  eta: 1:45:49  lr: 0.000100  loss: 0.3318 (0.6115)  loss_near: 0.2191 (0.3450)  loss_rand: 0.0515 (0.1276)  loss_srf: 0.0515 (0.1276)  loss_kl: 0.0849 (0.2343)  loss_grads: 0.7769 (0.8902)  iou: 0.9329 (0.8192)  time: 0.9516  data: 0.0014  max mem: 27709
[17:05:21.494782] Epoch: [0]  [ 4280/10922]  eta: 1:45:30  lr: 0.000100  loss: 0.3315 (0.6102)  loss_near: 0.2127 (0.3444)  loss_rand: 0.0557 (0.1273)  loss_srf: 0.0557 (0.1273)  loss_kl: 0.0846 (0.2336)  loss_grads: 0.7838 (0.8897)  iou: 0.9356 (0.8197)  time: 0.9522  data: 0.0014  max mem: 27709
[17:05:40.531474] Epoch: [0]  [ 4300/10922]  eta: 1:45:11  lr: 0.000100  loss: 0.3280 (0.6089)  loss_near: 0.2172 (0.3438)  loss_rand: 0.0513 (0.1269)  loss_srf: 0.0513 (0.1269)  loss_kl: 0.0840 (0.2329)  loss_grads: 0.7807 (0.8892)  iou: 0.9331 (0.8202)  time: 0.9518  data: 0.0014  max mem: 27709
[17:05:59.571190] Epoch: [0]  [ 4320/10922]  eta: 1:44:51  lr: 0.000100  loss: 0.3299 (0.6076)  loss_near: 0.2110 (0.3432)  loss_rand: 0.0551 (0.1266)  loss_srf: 0.0551 (0.1266)  loss_kl: 0.0835 (0.2322)  loss_grads: 0.7856 (0.8887)  iou: 0.9357 (0.8208)  time: 0.9519  data: 0.0014  max mem: 27709
[17:06:18.610755] Epoch: [0]  [ 4340/10922]  eta: 1:44:32  lr: 0.000100  loss: 0.3266 (0.6063)  loss_near: 0.2159 (0.3426)  loss_rand: 0.0509 (0.1262)  loss_srf: 0.0509 (0.1262)  loss_kl: 0.0832 (0.2315)  loss_grads: 0.7824 (0.8882)  iou: 0.9340 (0.8213)  time: 0.9519  data: 0.0014  max mem: 27709
[17:06:37.650707] Epoch: [0]  [ 4360/10922]  eta: 1:44:13  lr: 0.000100  loss: 0.3267 (0.6050)  loss_near: 0.2136 (0.3420)  loss_rand: 0.0515 (0.1259)  loss_srf: 0.0515 (0.1259)  loss_kl: 0.0827 (0.2309)  loss_grads: 0.7833 (0.8878)  iou: 0.9344 (0.8218)  time: 0.9519  data: 0.0014  max mem: 27709
[17:06:56.679971] Epoch: [0]  [ 4380/10922]  eta: 1:43:54  lr: 0.000100  loss: 0.3262 (0.6038)  loss_near: 0.2147 (0.3415)  loss_rand: 0.0507 (0.1256)  loss_srf: 0.0507 (0.1256)  loss_kl: 0.0823 (0.2302)  loss_grads: 0.7850 (0.8873)  iou: 0.9338 (0.8223)  time: 0.9514  data: 0.0014  max mem: 27709
[17:07:15.726063] Epoch: [0]  [ 4400/10922]  eta: 1:43:35  lr: 0.000100  loss: 0.3235 (0.6025)  loss_near: 0.2125 (0.3409)  loss_rand: 0.0511 (0.1252)  loss_srf: 0.0511 (0.1252)  loss_kl: 0.0821 (0.2295)  loss_grads: 0.7839 (0.8868)  iou: 0.9342 (0.8228)  time: 0.9523  data: 0.0014  max mem: 27709
[17:07:34.753774] Epoch: [0]  [ 4420/10922]  eta: 1:43:16  lr: 0.000100  loss: 0.3250 (0.6012)  loss_near: 0.2105 (0.3403)  loss_rand: 0.0528 (0.1249)  loss_srf: 0.0528 (0.1249)  loss_kl: 0.0819 (0.2288)  loss_grads: 0.7848 (0.8864)  iou: 0.9352 (0.8233)  time: 0.9513  data: 0.0014  max mem: 27709
[17:07:53.784877] Epoch: [0]  [ 4440/10922]  eta: 1:42:57  lr: 0.000100  loss: 0.3221 (0.6000)  loss_near: 0.2132 (0.3397)  loss_rand: 0.0505 (0.1246)  loss_srf: 0.0505 (0.1246)  loss_kl: 0.0812 (0.2282)  loss_grads: 0.7828 (0.8859)  iou: 0.9340 (0.8238)  time: 0.9515  data: 0.0014  max mem: 27709
[17:08:12.807210] Epoch: [0]  [ 4460/10922]  eta: 1:42:38  lr: 0.000100  loss: 0.3224 (0.5987)  loss_near: 0.2099 (0.3391)  loss_rand: 0.0520 (0.1242)  loss_srf: 0.0520 (0.1242)  loss_kl: 0.0810 (0.2275)  loss_grads: 0.7847 (0.8855)  iou: 0.9352 (0.8243)  time: 0.9511  data: 0.0014  max mem: 27709
[17:08:31.841199] Epoch: [0]  [ 4480/10922]  eta: 1:42:19  lr: 0.000100  loss: 0.3234 (0.5975)  loss_near: 0.2141 (0.3386)  loss_rand: 0.0500 (0.1239)  loss_srf: 0.0500 (0.1239)  loss_kl: 0.0803 (0.2269)  loss_grads: 0.7816 (0.8850)  iou: 0.9334 (0.8248)  time: 0.9516  data: 0.0015  max mem: 27709
[17:08:50.872643] Epoch: [0]  [ 4500/10922]  eta: 1:42:00  lr: 0.000100  loss: 0.3215 (0.5963)  loss_near: 0.2098 (0.3380)  loss_rand: 0.0515 (0.1236)  loss_srf: 0.0515 (0.1236)  loss_kl: 0.0798 (0.2262)  loss_grads: 0.7840 (0.8845)  iou: 0.9350 (0.8253)  time: 0.9515  data: 0.0015  max mem: 27709
[17:09:09.902570] Epoch: [0]  [ 4520/10922]  eta: 1:41:40  lr: 0.000100  loss: 0.3218 (0.5951)  loss_near: 0.2105 (0.3375)  loss_rand: 0.0509 (0.1233)  loss_srf: 0.0509 (0.1233)  loss_kl: 0.0794 (0.2256)  loss_grads: 0.7848 (0.8841)  iou: 0.9343 (0.8258)  time: 0.9514  data: 0.0015  max mem: 27709
[17:09:28.920128] Epoch: [0]  [ 4540/10922]  eta: 1:41:21  lr: 0.000100  loss: 0.3208 (0.5939)  loss_near: 0.2090 (0.3369)  loss_rand: 0.0514 (0.1229)  loss_srf: 0.0514 (0.1229)  loss_kl: 0.0791 (0.2249)  loss_grads: 0.7842 (0.8837)  iou: 0.9354 (0.8263)  time: 0.9508  data: 0.0015  max mem: 27709
[17:09:47.968644] Epoch: [0]  [ 4560/10922]  eta: 1:41:02  lr: 0.000100  loss: 0.3200 (0.5927)  loss_near: 0.2096 (0.3363)  loss_rand: 0.0508 (0.1226)  loss_srf: 0.0508 (0.1226)  loss_kl: 0.0786 (0.2243)  loss_grads: 0.7841 (0.8832)  iou: 0.9351 (0.8267)  time: 0.9524  data: 0.0016  max mem: 27709
[17:10:07.001190] Epoch: [0]  [ 4580/10922]  eta: 1:40:43  lr: 0.000100  loss: 0.3208 (0.5915)  loss_near: 0.2139 (0.3358)  loss_rand: 0.0490 (0.1223)  loss_srf: 0.0490 (0.1223)  loss_kl: 0.0780 (0.2236)  loss_grads: 0.7835 (0.8828)  iou: 0.9337 (0.8272)  time: 0.9516  data: 0.0015  max mem: 27709
[17:10:26.160984] Epoch: [0]  [ 4600/10922]  eta: 1:40:24  lr: 0.000100  loss: 0.3196 (0.5903)  loss_near: 0.2086 (0.3352)  loss_rand: 0.0509 (0.1220)  loss_srf: 0.0509 (0.1220)  loss_kl: 0.0776 (0.2230)  loss_grads: 0.7848 (0.8824)  iou: 0.9354 (0.8277)  time: 0.9579  data: 0.0015  max mem: 27709
[17:10:45.180436] Epoch: [0]  [ 4620/10922]  eta: 1:40:05  lr: 0.000100  loss: 0.3204 (0.5891)  loss_near: 0.2136 (0.3347)  loss_rand: 0.0493 (0.1217)  loss_srf: 0.0493 (0.1217)  loss_kl: 0.0770 (0.2224)  loss_grads: 0.7810 (0.8819)  iou: 0.9335 (0.8281)  time: 0.9509  data: 0.0014  max mem: 27709
[17:11:04.204522] Epoch: [0]  [ 4640/10922]  eta: 1:39:46  lr: 0.000100  loss: 0.3202 (0.5880)  loss_near: 0.2084 (0.3342)  loss_rand: 0.0514 (0.1214)  loss_srf: 0.0514 (0.1214)  loss_kl: 0.0770 (0.2217)  loss_grads: 0.7827 (0.8815)  iou: 0.9353 (0.8286)  time: 0.9512  data: 0.0014  max mem: 27709
[17:11:23.220093] Epoch: [0]  [ 4660/10922]  eta: 1:39:27  lr: 0.000100  loss: 0.3188 (0.5868)  loss_near: 0.2090 (0.3336)  loss_rand: 0.0502 (0.1211)  loss_srf: 0.0502 (0.1211)  loss_kl: 0.0763 (0.2211)  loss_grads: 0.7819 (0.8811)  iou: 0.9350 (0.8291)  time: 0.9507  data: 0.0014  max mem: 27709
[17:11:42.228714] Epoch: [0]  [ 4680/10922]  eta: 1:39:08  lr: 0.000100  loss: 0.3200 (0.5857)  loss_near: 0.2123 (0.3331)  loss_rand: 0.0493 (0.1208)  loss_srf: 0.0493 (0.1208)  loss_kl: 0.0761 (0.2205)  loss_grads: 0.7831 (0.8807)  iou: 0.9341 (0.8295)  time: 0.9504  data: 0.0014  max mem: 27709
[17:12:01.249351] Epoch: [0]  [ 4700/10922]  eta: 1:38:49  lr: 0.000100  loss: 0.3180 (0.5845)  loss_near: 0.2081 (0.3326)  loss_rand: 0.0507 (0.1205)  loss_srf: 0.0507 (0.1205)  loss_kl: 0.0757 (0.2199)  loss_grads: 0.7828 (0.8802)  iou: 0.9353 (0.8300)  time: 0.9510  data: 0.0014  max mem: 27709
[17:12:20.293147] Epoch: [0]  [ 4720/10922]  eta: 1:38:30  lr: 0.000100  loss: 0.3193 (0.5834)  loss_near: 0.2126 (0.3321)  loss_rand: 0.0493 (0.1202)  loss_srf: 0.0493 (0.1202)  loss_kl: 0.0756 (0.2193)  loss_grads: 0.7796 (0.8798)  iou: 0.9339 (0.8304)  time: 0.9521  data: 0.0013  max mem: 27709
[17:12:39.311794] Epoch: [0]  [ 4740/10922]  eta: 1:38:10  lr: 0.000100  loss: 0.3176 (0.5823)  loss_near: 0.2084 (0.3316)  loss_rand: 0.0503 (0.1199)  loss_srf: 0.0503 (0.1199)  loss_kl: 0.0748 (0.2187)  loss_grads: 0.7790 (0.8794)  iou: 0.9350 (0.8308)  time: 0.9509  data: 0.0014  max mem: 27709
[17:12:58.335959] Epoch: [0]  [ 4760/10922]  eta: 1:37:51  lr: 0.000100  loss: 0.3183 (0.5812)  loss_near: 0.2084 (0.3310)  loss_rand: 0.0503 (0.1196)  loss_srf: 0.0503 (0.1196)  loss_kl: 0.0748 (0.2181)  loss_grads: 0.7799 (0.8790)  iou: 0.9350 (0.8313)  time: 0.9512  data: 0.0015  max mem: 27709
[17:13:17.364675] Epoch: [0]  [ 4780/10922]  eta: 1:37:32  lr: 0.000100  loss: 0.3174 (0.5801)  loss_near: 0.2104 (0.3305)  loss_rand: 0.0492 (0.1193)  loss_srf: 0.0492 (0.1193)  loss_kl: 0.0744 (0.2175)  loss_grads: 0.7776 (0.8786)  iou: 0.9343 (0.8317)  time: 0.9514  data: 0.0015  max mem: 27709
[17:13:36.407994] Epoch: [0]  [ 4800/10922]  eta: 1:37:13  lr: 0.000100  loss: 0.3174 (0.5790)  loss_near: 0.2078 (0.3300)  loss_rand: 0.0506 (0.1190)  loss_srf: 0.0506 (0.1190)  loss_kl: 0.0741 (0.2169)  loss_grads: 0.7799 (0.8781)  iou: 0.9354 (0.8321)  time: 0.9521  data: 0.0015  max mem: 27709
[17:13:55.435511] Epoch: [0]  [ 4820/10922]  eta: 1:36:54  lr: 0.000100  loss: 0.3169 (0.5779)  loss_near: 0.2088 (0.3295)  loss_rand: 0.0498 (0.1187)  loss_srf: 0.0498 (0.1187)  loss_kl: 0.0734 (0.2163)  loss_grads: 0.7782 (0.8777)  iou: 0.9348 (0.8326)  time: 0.9513  data: 0.0016  max mem: 27709
[17:14:14.455852] Epoch: [0]  [ 4840/10922]  eta: 1:36:35  lr: 0.000100  loss: 0.3173 (0.5768)  loss_near: 0.2099 (0.3290)  loss_rand: 0.0498 (0.1184)  loss_srf: 0.0498 (0.1184)  loss_kl: 0.0731 (0.2157)  loss_grads: 0.7764 (0.8773)  iou: 0.9345 (0.8330)  time: 0.9510  data: 0.0015  max mem: 27709
[17:14:33.482821] Epoch: [0]  [ 4860/10922]  eta: 1:36:16  lr: 0.000100  loss: 0.3173 (0.5757)  loss_near: 0.2079 (0.3285)  loss_rand: 0.0505 (0.1181)  loss_srf: 0.0505 (0.1181)  loss_kl: 0.0730 (0.2151)  loss_grads: 0.7770 (0.8769)  iou: 0.9350 (0.8334)  time: 0.9513  data: 0.0014  max mem: 27709
[17:14:52.509851] Epoch: [0]  [ 4880/10922]  eta: 1:35:57  lr: 0.000100  loss: 0.3162 (0.5747)  loss_near: 0.2091 (0.3280)  loss_rand: 0.0496 (0.1179)  loss_srf: 0.0496 (0.1179)  loss_kl: 0.0728 (0.2145)  loss_grads: 0.7744 (0.8765)  iou: 0.9347 (0.8338)  time: 0.9513  data: 0.0014  max mem: 27709
[17:15:11.542471] Epoch: [0]  [ 4900/10922]  eta: 1:35:38  lr: 0.000100  loss: 0.3166 (0.5736)  loss_near: 0.2094 (0.3276)  loss_rand: 0.0495 (0.1176)  loss_srf: 0.0495 (0.1176)  loss_kl: 0.0720 (0.2139)  loss_grads: 0.7743 (0.8761)  iou: 0.9347 (0.8342)  time: 0.9516  data: 0.0015  max mem: 27709
[17:15:30.567975] Epoch: [0]  [ 4920/10922]  eta: 1:35:19  lr: 0.000100  loss: 0.3164 (0.5726)  loss_near: 0.2079 (0.3271)  loss_rand: 0.0500 (0.1173)  loss_srf: 0.0500 (0.1173)  loss_kl: 0.0717 (0.2133)  loss_grads: 0.7751 (0.8757)  iou: 0.9350 (0.8346)  time: 0.9512  data: 0.0015  max mem: 27709
[17:15:49.608180] Epoch: [0]  [ 4940/10922]  eta: 1:34:59  lr: 0.000100  loss: 0.3171 (0.5716)  loss_near: 0.2094 (0.3266)  loss_rand: 0.0496 (0.1170)  loss_srf: 0.0496 (0.1170)  loss_kl: 0.0715 (0.2128)  loss_grads: 0.7723 (0.8752)  iou: 0.9347 (0.8351)  time: 0.9520  data: 0.0015  max mem: 27709
[17:16:08.645519] Epoch: [0]  [ 4960/10922]  eta: 1:34:40  lr: 0.000100  loss: 0.3163 (0.5705)  loss_near: 0.2084 (0.3261)  loss_rand: 0.0497 (0.1168)  loss_srf: 0.0497 (0.1168)  loss_kl: 0.0710 (0.2122)  loss_grads: 0.7737 (0.8748)  iou: 0.9350 (0.8355)  time: 0.9518  data: 0.0014  max mem: 27709
[17:16:27.668585] Epoch: [0]  [ 4980/10922]  eta: 1:34:21  lr: 0.000100  loss: 0.3162 (0.5695)  loss_near: 0.2076 (0.3256)  loss_rand: 0.0499 (0.1165)  loss_srf: 0.0499 (0.1165)  loss_kl: 0.0709 (0.2116)  loss_grads: 0.7726 (0.8744)  iou: 0.9352 (0.8359)  time: 0.9511  data: 0.0014  max mem: 27709
[17:16:46.704819] Epoch: [0]  [ 5000/10922]  eta: 1:34:02  lr: 0.000100  loss: 0.3159 (0.5685)  loss_near: 0.2089 (0.3252)  loss_rand: 0.0493 (0.1162)  loss_srf: 0.0493 (0.1162)  loss_kl: 0.0707 (0.2111)  loss_grads: 0.7721 (0.8740)  iou: 0.9346 (0.8363)  time: 0.9518  data: 0.0015  max mem: 27709
[17:17:05.729094] Epoch: [0]  [ 5020/10922]  eta: 1:33:43  lr: 0.000100  loss: 0.3162 (0.5675)  loss_near: 0.2078 (0.3247)  loss_rand: 0.0499 (0.1160)  loss_srf: 0.0499 (0.1160)  loss_kl: 0.0701 (0.2105)  loss_grads: 0.7707 (0.8736)  iou: 0.9350 (0.8366)  time: 0.9512  data: 0.0013  max mem: 27709
[17:17:24.767252] Epoch: [0]  [ 5040/10922]  eta: 1:33:24  lr: 0.000100  loss: 0.3158 (0.5665)  loss_near: 0.2084 (0.3243)  loss_rand: 0.0496 (0.1157)  loss_srf: 0.0496 (0.1157)  loss_kl: 0.0702 (0.2100)  loss_grads: 0.7717 (0.8732)  iou: 0.9347 (0.8370)  time: 0.9519  data: 0.0015  max mem: 27709
[17:17:43.792876] Epoch: [0]  [ 5060/10922]  eta: 1:33:05  lr: 0.000100  loss: 0.3156 (0.5655)  loss_near: 0.2089 (0.3238)  loss_rand: 0.0490 (0.1154)  loss_srf: 0.0490 (0.1154)  loss_kl: 0.0697 (0.2094)  loss_grads: 0.7735 (0.8728)  iou: 0.9347 (0.8374)  time: 0.9512  data: 0.0014  max mem: 27709
[17:18:02.834249] Epoch: [0]  [ 5080/10922]  eta: 1:32:46  lr: 0.000100  loss: 0.3155 (0.5645)  loss_near: 0.2080 (0.3233)  loss_rand: 0.0495 (0.1152)  loss_srf: 0.0495 (0.1152)  loss_kl: 0.0693 (0.2088)  loss_grads: 0.7721 (0.8724)  iou: 0.9349 (0.8378)  time: 0.9520  data: 0.0015  max mem: 27709
[17:18:21.858034] Epoch: [0]  [ 5100/10922]  eta: 1:32:27  lr: 0.000100  loss: 0.3154 (0.5635)  loss_near: 0.2092 (0.3229)  loss_rand: 0.0489 (0.1149)  loss_srf: 0.0489 (0.1149)  loss_kl: 0.0692 (0.2083)  loss_grads: 0.7688 (0.8720)  iou: 0.9346 (0.8382)  time: 0.9511  data: 0.0014  max mem: 27709
[17:18:40.892884] Epoch: [0]  [ 5120/10922]  eta: 1:32:08  lr: 0.000100  loss: 0.3157 (0.5626)  loss_near: 0.2074 (0.3224)  loss_rand: 0.0498 (0.1147)  loss_srf: 0.0498 (0.1147)  loss_kl: 0.0689 (0.2078)  loss_grads: 0.7708 (0.8716)  iou: 0.9350 (0.8386)  time: 0.9517  data: 0.0013  max mem: 27709
[17:18:59.934417] Epoch: [0]  [ 5140/10922]  eta: 1:31:49  lr: 0.000100  loss: 0.3155 (0.5616)  loss_near: 0.2080 (0.3220)  loss_rand: 0.0494 (0.1144)  loss_srf: 0.0494 (0.1144)  loss_kl: 0.0684 (0.2072)  loss_grads: 0.7711 (0.8712)  iou: 0.9349 (0.8389)  time: 0.9520  data: 0.0014  max mem: 27709
[17:19:18.977349] Epoch: [0]  [ 5160/10922]  eta: 1:31:30  lr: 0.000100  loss: 0.3154 (0.5607)  loss_near: 0.2089 (0.3216)  loss_rand: 0.0492 (0.1142)  loss_srf: 0.0492 (0.1142)  loss_kl: 0.0685 (0.2067)  loss_grads: 0.7698 (0.8708)  iou: 0.9345 (0.8393)  time: 0.9521  data: 0.0016  max mem: 27709
[17:19:38.007600] Epoch: [0]  [ 5180/10922]  eta: 1:31:10  lr: 0.000100  loss: 0.3149 (0.5597)  loss_near: 0.2075 (0.3211)  loss_rand: 0.0493 (0.1139)  loss_srf: 0.0493 (0.1139)  loss_kl: 0.0681 (0.2061)  loss_grads: 0.7713 (0.8705)  iou: 0.9350 (0.8397)  time: 0.9515  data: 0.0016  max mem: 27709
[17:19:57.050754] Epoch: [0]  [ 5200/10922]  eta: 1:30:51  lr: 0.000100  loss: 0.3154 (0.5588)  loss_near: 0.2090 (0.3207)  loss_rand: 0.0490 (0.1137)  loss_srf: 0.0490 (0.1137)  loss_kl: 0.0679 (0.2056)  loss_grads: 0.7706 (0.8701)  iou: 0.9345 (0.8400)  time: 0.9521  data: 0.0015  max mem: 27709
[17:20:16.081629] Epoch: [0]  [ 5220/10922]  eta: 1:30:32  lr: 0.000100  loss: 0.3149 (0.5578)  loss_near: 0.2080 (0.3203)  loss_rand: 0.0492 (0.1134)  loss_srf: 0.0492 (0.1134)  loss_kl: 0.0674 (0.2051)  loss_grads: 0.7713 (0.8697)  iou: 0.9349 (0.8404)  time: 0.9515  data: 0.0015  max mem: 27709
[17:20:35.100451] Epoch: [0]  [ 5240/10922]  eta: 1:30:13  lr: 0.000100  loss: 0.3148 (0.5569)  loss_near: 0.2082 (0.3198)  loss_rand: 0.0491 (0.1132)  loss_srf: 0.0491 (0.1132)  loss_kl: 0.0674 (0.2046)  loss_grads: 0.7707 (0.8693)  iou: 0.9347 (0.8408)  time: 0.9509  data: 0.0016  max mem: 27709
[17:20:54.123050] Epoch: [0]  [ 5260/10922]  eta: 1:29:54  lr: 0.000100  loss: 0.3151 (0.5560)  loss_near: 0.2084 (0.3194)  loss_rand: 0.0492 (0.1129)  loss_srf: 0.0492 (0.1129)  loss_kl: 0.0672 (0.2040)  loss_grads: 0.7706 (0.8689)  iou: 0.9347 (0.8411)  time: 0.9511  data: 0.0014  max mem: 27709
[17:21:13.171100] Epoch: [0]  [ 5280/10922]  eta: 1:29:35  lr: 0.000100  loss: 0.3145 (0.5551)  loss_near: 0.2075 (0.3190)  loss_rand: 0.0493 (0.1127)  loss_srf: 0.0493 (0.1127)  loss_kl: 0.0666 (0.2035)  loss_grads: 0.7697 (0.8686)  iou: 0.9349 (0.8415)  time: 0.9523  data: 0.0014  max mem: 27709
[17:21:32.203498] Epoch: [0]  [ 5300/10922]  eta: 1:29:16  lr: 0.000100  loss: 0.3147 (0.5542)  loss_near: 0.2087 (0.3186)  loss_rand: 0.0489 (0.1124)  loss_srf: 0.0489 (0.1124)  loss_kl: 0.0666 (0.2030)  loss_grads: 0.7694 (0.8682)  iou: 0.9346 (0.8418)  time: 0.9516  data: 0.0015  max mem: 27709
[17:21:51.237775] Epoch: [0]  [ 5320/10922]  eta: 1:28:57  lr: 0.000100  loss: 0.3142 (0.5533)  loss_near: 0.2078 (0.3181)  loss_rand: 0.0489 (0.1122)  loss_srf: 0.0489 (0.1122)  loss_kl: 0.0663 (0.2025)  loss_grads: 0.7686 (0.8678)  iou: 0.9349 (0.8422)  time: 0.9517  data: 0.0014  max mem: 27709
[17:22:10.269927] Epoch: [0]  [ 5340/10922]  eta: 1:28:38  lr: 0.000100  loss: 0.3141 (0.5524)  loss_near: 0.2082 (0.3177)  loss_rand: 0.0488 (0.1120)  loss_srf: 0.0488 (0.1120)  loss_kl: 0.0660 (0.2020)  loss_grads: 0.7675 (0.8674)  iou: 0.9346 (0.8425)  time: 0.9516  data: 0.0014  max mem: 27709
[17:22:29.319854] Epoch: [0]  [ 5360/10922]  eta: 1:28:19  lr: 0.000100  loss: 0.3139 (0.5515)  loss_near: 0.2075 (0.3173)  loss_rand: 0.0490 (0.1117)  loss_srf: 0.0490 (0.1117)  loss_kl: 0.0657 (0.2015)  loss_grads: 0.7671 (0.8671)  iou: 0.9348 (0.8429)  time: 0.9524  data: 0.0016  max mem: 27709
[17:22:48.343328] Epoch: [0]  [ 5380/10922]  eta: 1:28:00  lr: 0.000100  loss: 0.3143 (0.5506)  loss_near: 0.2077 (0.3169)  loss_rand: 0.0490 (0.1115)  loss_srf: 0.0490 (0.1115)  loss_kl: 0.0656 (0.2010)  loss_grads: 0.7679 (0.8667)  iou: 0.9348 (0.8432)  time: 0.9511  data: 0.0014  max mem: 27709
[17:23:07.373674] Epoch: [0]  [ 5400/10922]  eta: 1:27:41  lr: 0.000100  loss: 0.3141 (0.5497)  loss_near: 0.2081 (0.3165)  loss_rand: 0.0488 (0.1113)  loss_srf: 0.0488 (0.1113)  loss_kl: 0.0655 (0.2005)  loss_grads: 0.7692 (0.8663)  iou: 0.9348 (0.8435)  time: 0.9515  data: 0.0014  max mem: 27709
[17:23:26.404245] Epoch: [0]  [ 5420/10922]  eta: 1:27:21  lr: 0.000100  loss: 0.3133 (0.5488)  loss_near: 0.2075 (0.3161)  loss_rand: 0.0486 (0.1110)  loss_srf: 0.0486 (0.1110)  loss_kl: 0.0650 (0.2000)  loss_grads: 0.7668 (0.8660)  iou: 0.9350 (0.8439)  time: 0.9515  data: 0.0014  max mem: 27709
[17:23:45.449824] Epoch: [0]  [ 5440/10922]  eta: 1:27:02  lr: 0.000100  loss: 0.3133 (0.5480)  loss_near: 0.2078 (0.3157)  loss_rand: 0.0485 (0.1108)  loss_srf: 0.0485 (0.1108)  loss_kl: 0.0645 (0.1995)  loss_grads: 0.7663 (0.8656)  iou: 0.9348 (0.8442)  time: 0.9522  data: 0.0014  max mem: 27709
[17:24:04.489017] Epoch: [0]  [ 5460/10922]  eta: 1:26:43  lr: 0.000100  loss: 0.3133 (0.5471)  loss_near: 0.2072 (0.3153)  loss_rand: 0.0489 (0.1106)  loss_srf: 0.0489 (0.1106)  loss_kl: 0.0644 (0.1990)  loss_grads: 0.7650 (0.8652)  iou: 0.9350 (0.8446)  time: 0.9519  data: 0.0015  max mem: 27709
[17:24:23.519337] Epoch: [0]  [ 5480/10922]  eta: 1:26:24  lr: 0.000100  loss: 0.3132 (0.5463)  loss_near: 0.2076 (0.3149)  loss_rand: 0.0485 (0.1104)  loss_srf: 0.0485 (0.1104)  loss_kl: 0.0642 (0.1985)  loss_grads: 0.7657 (0.8649)  iou: 0.9349 (0.8449)  time: 0.9515  data: 0.0014  max mem: 27709
[17:24:42.552166] Epoch: [0]  [ 5500/10922]  eta: 1:26:05  lr: 0.000100  loss: 0.3129 (0.5454)  loss_near: 0.2073 (0.3145)  loss_rand: 0.0485 (0.1101)  loss_srf: 0.0485 (0.1101)  loss_kl: 0.0640 (0.1980)  loss_grads: 0.7645 (0.8645)  iou: 0.9349 (0.8452)  time: 0.9516  data: 0.0015  max mem: 27709
[17:25:01.595824] Epoch: [0]  [ 5520/10922]  eta: 1:25:46  lr: 0.000100  loss: 0.3120 (0.5446)  loss_near: 0.2079 (0.3142)  loss_rand: 0.0479 (0.1099)  loss_srf: 0.0479 (0.1099)  loss_kl: 0.0638 (0.1975)  loss_grads: 0.7642 (0.8642)  iou: 0.9348 (0.8455)  time: 0.9521  data: 0.0015  max mem: 27709
[17:25:20.625559] Epoch: [0]  [ 5540/10922]  eta: 1:25:27  lr: 0.000100  loss: 0.3124 (0.5437)  loss_near: 0.2070 (0.3138)  loss_rand: 0.0487 (0.1097)  loss_srf: 0.0487 (0.1097)  loss_kl: 0.0634 (0.1970)  loss_grads: 0.7635 (0.8638)  iou: 0.9349 (0.8459)  time: 0.9514  data: 0.0014  max mem: 27709
[17:25:39.657798] Epoch: [0]  [ 5560/10922]  eta: 1:25:08  lr: 0.000100  loss: 0.3115 (0.5429)  loss_near: 0.2073 (0.3134)  loss_rand: 0.0480 (0.1095)  loss_srf: 0.0480 (0.1095)  loss_kl: 0.0632 (0.1965)  loss_grads: 0.7644 (0.8634)  iou: 0.9348 (0.8462)  time: 0.9516  data: 0.0015  max mem: 27709
[17:25:58.699436] Epoch: [0]  [ 5580/10922]  eta: 1:24:49  lr: 0.000100  loss: 0.3113 (0.5421)  loss_near: 0.2071 (0.3130)  loss_rand: 0.0481 (0.1092)  loss_srf: 0.0481 (0.1092)  loss_kl: 0.0629 (0.1961)  loss_grads: 0.7631 (0.8631)  iou: 0.9349 (0.8465)  time: 0.9520  data: 0.0015  max mem: 27709
[17:26:17.740923] Epoch: [0]  [ 5600/10922]  eta: 1:24:30  lr: 0.000100  loss: 0.3112 (0.5413)  loss_near: 0.2072 (0.3126)  loss_rand: 0.0479 (0.1090)  loss_srf: 0.0479 (0.1090)  loss_kl: 0.0631 (0.1956)  loss_grads: 0.7627 (0.8627)  iou: 0.9350 (0.8468)  time: 0.9520  data: 0.0014  max mem: 27709
[17:26:36.788482] Epoch: [0]  [ 5620/10922]  eta: 1:24:11  lr: 0.000100  loss: 0.3109 (0.5404)  loss_near: 0.2068 (0.3122)  loss_rand: 0.0480 (0.1088)  loss_srf: 0.0480 (0.1088)  loss_kl: 0.0628 (0.1951)  loss_grads: 0.7611 (0.8624)  iou: 0.9349 (0.8471)  time: 0.9523  data: 0.0015  max mem: 27709
[17:26:55.819082] Epoch: [0]  [ 5640/10922]  eta: 1:23:52  lr: 0.000100  loss: 0.3104 (0.5396)  loss_near: 0.2068 (0.3119)  loss_rand: 0.0477 (0.1086)  loss_srf: 0.0477 (0.1086)  loss_kl: 0.0624 (0.1946)  loss_grads: 0.7597 (0.8620)  iou: 0.9348 (0.8474)  time: 0.9515  data: 0.0014  max mem: 27709
[17:27:14.856655] Epoch: [0]  [ 5660/10922]  eta: 1:23:33  lr: 0.000100  loss: 0.3100 (0.5388)  loss_near: 0.2063 (0.3115)  loss_rand: 0.0477 (0.1084)  loss_srf: 0.0477 (0.1084)  loss_kl: 0.0622 (0.1942)  loss_grads: 0.7618 (0.8616)  iou: 0.9350 (0.8477)  time: 0.9518  data: 0.0014  max mem: 27709
[17:27:33.903217] Epoch: [0]  [ 5680/10922]  eta: 1:23:14  lr: 0.000100  loss: 0.3100 (0.5380)  loss_near: 0.2076 (0.3111)  loss_rand: 0.0471 (0.1082)  loss_srf: 0.0471 (0.1082)  loss_kl: 0.0618 (0.1937)  loss_grads: 0.7614 (0.8613)  iou: 0.9346 (0.8481)  time: 0.9523  data: 0.0015  max mem: 27709
[17:27:52.936510] Epoch: [0]  [ 5700/10922]  eta: 1:22:54  lr: 0.000100  loss: 0.3108 (0.5372)  loss_near: 0.2058 (0.3108)  loss_rand: 0.0481 (0.1079)  loss_srf: 0.0481 (0.1079)  loss_kl: 0.0618 (0.1932)  loss_grads: 0.7613 (0.8609)  iou: 0.9352 (0.8484)  time: 0.9516  data: 0.0013  max mem: 27709
[17:28:11.976760] Epoch: [0]  [ 5720/10922]  eta: 1:22:35  lr: 0.000100  loss: 0.3107 (0.5364)  loss_near: 0.2083 (0.3104)  loss_rand: 0.0469 (0.1077)  loss_srf: 0.0469 (0.1077)  loss_kl: 0.0617 (0.1928)  loss_grads: 0.7618 (0.8606)  iou: 0.9344 (0.8487)  time: 0.9520  data: 0.0014  max mem: 27709
[17:28:31.003605] Epoch: [0]  [ 5740/10922]  eta: 1:22:16  lr: 0.000100  loss: 0.3121 (0.5356)  loss_near: 0.2099 (0.3101)  loss_rand: 0.0470 (0.1075)  loss_srf: 0.0470 (0.1075)  loss_kl: 0.0614 (0.1923)  loss_grads: 0.7604 (0.8602)  iou: 0.9340 (0.8490)  time: 0.9513  data: 0.0015  max mem: 27709
[17:28:50.043301] Epoch: [0]  [ 5760/10922]  eta: 1:21:57  lr: 0.000100  loss: 0.3128 (0.5349)  loss_near: 0.2057 (0.3097)  loss_rand: 0.0495 (0.1073)  loss_srf: 0.0495 (0.1073)  loss_kl: 0.0612 (0.1919)  loss_grads: 0.7624 (0.8599)  iou: 0.9357 (0.8493)  time: 0.9519  data: 0.0014  max mem: 27709
[17:29:09.067788] Epoch: [0]  [ 5780/10922]  eta: 1:21:38  lr: 0.000100  loss: 0.3106 (0.5341)  loss_near: 0.2089 (0.3093)  loss_rand: 0.0467 (0.1071)  loss_srf: 0.0467 (0.1071)  loss_kl: 0.0610 (0.1914)  loss_grads: 0.7584 (0.8596)  iou: 0.9341 (0.8496)  time: 0.9512  data: 0.0015  max mem: 27709
[17:29:28.095646] Epoch: [0]  [ 5800/10922]  eta: 1:21:19  lr: 0.000100  loss: 0.3088 (0.5333)  loss_near: 0.2054 (0.3090)  loss_rand: 0.0476 (0.1069)  loss_srf: 0.0476 (0.1069)  loss_kl: 0.0610 (0.1910)  loss_grads: 0.7561 (0.8592)  iou: 0.9351 (0.8498)  time: 0.9513  data: 0.0016  max mem: 27709
[17:29:47.137190] Epoch: [0]  [ 5820/10922]  eta: 1:21:00  lr: 0.000100  loss: 0.3095 (0.5325)  loss_near: 0.2083 (0.3086)  loss_rand: 0.0467 (0.1067)  loss_srf: 0.0467 (0.1067)  loss_kl: 0.0607 (0.1905)  loss_grads: 0.7558 (0.8588)  iou: 0.9343 (0.8501)  time: 0.9520  data: 0.0015  max mem: 27709
[17:30:06.202717] Epoch: [0]  [ 5840/10922]  eta: 1:20:41  lr: 0.000100  loss: 0.3107 (0.5318)  loss_near: 0.2051 (0.3083)  loss_rand: 0.0485 (0.1065)  loss_srf: 0.0485 (0.1065)  loss_kl: 0.0605 (0.1901)  loss_grads: 0.7585 (0.8585)  iou: 0.9356 (0.8504)  time: 0.9532  data: 0.0015  max mem: 27709
[17:30:25.271974] Epoch: [0]  [ 5860/10922]  eta: 1:20:22  lr: 0.000100  loss: 0.3079 (0.5310)  loss_near: 0.2067 (0.3079)  loss_rand: 0.0465 (0.1063)  loss_srf: 0.0465 (0.1063)  loss_kl: 0.0603 (0.1896)  loss_grads: 0.7580 (0.8582)  iou: 0.9347 (0.8507)  time: 0.9534  data: 0.0014  max mem: 27709
[17:30:44.335267] Epoch: [0]  [ 5880/10922]  eta: 1:20:03  lr: 0.000100  loss: 0.3091 (0.5303)  loss_near: 0.2068 (0.3076)  loss_rand: 0.0466 (0.1061)  loss_srf: 0.0466 (0.1061)  loss_kl: 0.0601 (0.1892)  loss_grads: 0.7565 (0.8578)  iou: 0.9347 (0.8510)  time: 0.9531  data: 0.0014  max mem: 27709
[17:31:03.409269] Epoch: [0]  [ 5900/10922]  eta: 1:19:44  lr: 0.000100  loss: 0.3092 (0.5295)  loss_near: 0.2069 (0.3072)  loss_rand: 0.0471 (0.1059)  loss_srf: 0.0471 (0.1059)  loss_kl: 0.0600 (0.1888)  loss_grads: 0.7571 (0.8575)  iou: 0.9347 (0.8513)  time: 0.9536  data: 0.0014  max mem: 27709
[17:31:22.497107] Epoch: [0]  [ 5920/10922]  eta: 1:19:25  lr: 0.000100  loss: 0.3085 (0.5288)  loss_near: 0.2067 (0.3069)  loss_rand: 0.0467 (0.1057)  loss_srf: 0.0467 (0.1057)  loss_kl: 0.0601 (0.1883)  loss_grads: 0.7544 (0.8571)  iou: 0.9344 (0.8516)  time: 0.9543  data: 0.0017  max mem: 27709
[17:31:41.571190] Epoch: [0]  [ 5940/10922]  eta: 1:19:06  lr: 0.000100  loss: 0.3088 (0.5280)  loss_near: 0.2048 (0.3066)  loss_rand: 0.0475 (0.1055)  loss_srf: 0.0475 (0.1055)  loss_kl: 0.0596 (0.1879)  loss_grads: 0.7581 (0.8568)  iou: 0.9355 (0.8518)  time: 0.9536  data: 0.0014  max mem: 27709
[17:32:00.647784] Epoch: [0]  [ 5960/10922]  eta: 1:18:47  lr: 0.000100  loss: 0.3079 (0.5273)  loss_near: 0.2060 (0.3062)  loss_rand: 0.0468 (0.1053)  loss_srf: 0.0468 (0.1053)  loss_kl: 0.0594 (0.1875)  loss_grads: 0.7568 (0.8565)  iou: 0.9346 (0.8521)  time: 0.9538  data: 0.0013  max mem: 27709
[17:32:19.735008] Epoch: [0]  [ 5980/10922]  eta: 1:18:28  lr: 0.000100  loss: 0.3075 (0.5266)  loss_near: 0.2052 (0.3059)  loss_rand: 0.0471 (0.1051)  loss_srf: 0.0471 (0.1051)  loss_kl: 0.0593 (0.1870)  loss_grads: 0.7538 (0.8561)  iou: 0.9350 (0.8524)  time: 0.9543  data: 0.0014  max mem: 27709
[17:32:38.833840] Epoch: [0]  [ 6000/10922]  eta: 1:18:09  lr: 0.000100  loss: 0.3082 (0.5258)  loss_near: 0.2070 (0.3056)  loss_rand: 0.0464 (0.1049)  loss_srf: 0.0464 (0.1049)  loss_kl: 0.0590 (0.1866)  loss_grads: 0.7539 (0.8558)  iou: 0.9345 (0.8527)  time: 0.9549  data: 0.0014  max mem: 27709
[17:32:57.916372] Epoch: [0]  [ 6020/10922]  eta: 1:17:50  lr: 0.000100  loss: 0.3076 (0.5251)  loss_near: 0.2045 (0.3052)  loss_rand: 0.0475 (0.1047)  loss_srf: 0.0475 (0.1047)  loss_kl: 0.0589 (0.1862)  loss_grads: 0.7529 (0.8554)  iou: 0.9354 (0.8530)  time: 0.9541  data: 0.0014  max mem: 27709
[17:33:16.992060] Epoch: [0]  [ 6040/10922]  eta: 1:17:31  lr: 0.000100  loss: 0.3067 (0.5244)  loss_near: 0.2062 (0.3049)  loss_rand: 0.0463 (0.1045)  loss_srf: 0.0463 (0.1045)  loss_kl: 0.0590 (0.1858)  loss_grads: 0.7502 (0.8551)  iou: 0.9345 (0.8532)  time: 0.9537  data: 0.0013  max mem: 27709
[17:33:36.075028] Epoch: [0]  [ 6060/10922]  eta: 1:17:12  lr: 0.000100  loss: 0.3082 (0.5237)  loss_near: 0.2045 (0.3046)  loss_rand: 0.0473 (0.1043)  loss_srf: 0.0473 (0.1043)  loss_kl: 0.0587 (0.1853)  loss_grads: 0.7527 (0.8547)  iou: 0.9356 (0.8535)  time: 0.9541  data: 0.0013  max mem: 27709
[17:33:55.164846] Epoch: [0]  [ 6080/10922]  eta: 1:16:53  lr: 0.000100  loss: 0.3065 (0.5230)  loss_near: 0.2058 (0.3042)  loss_rand: 0.0462 (0.1042)  loss_srf: 0.0462 (0.1042)  loss_kl: 0.0584 (0.1849)  loss_grads: 0.7492 (0.8544)  iou: 0.9348 (0.8538)  time: 0.9544  data: 0.0014  max mem: 27709
[17:34:14.261200] Epoch: [0]  [ 6100/10922]  eta: 1:16:34  lr: 0.000100  loss: 0.3070 (0.5222)  loss_near: 0.2061 (0.3039)  loss_rand: 0.0460 (0.1040)  loss_srf: 0.0460 (0.1040)  loss_kl: 0.0580 (0.1845)  loss_grads: 0.7475 (0.8541)  iou: 0.9345 (0.8540)  time: 0.9548  data: 0.0014  max mem: 27709
[17:34:33.346640] Epoch: [0]  [ 6120/10922]  eta: 1:16:15  lr: 0.000100  loss: 0.3068 (0.5215)  loss_near: 0.2046 (0.3036)  loss_rand: 0.0470 (0.1038)  loss_srf: 0.0470 (0.1038)  loss_kl: 0.0579 (0.1841)  loss_grads: 0.7504 (0.8537)  iou: 0.9353 (0.8543)  time: 0.9542  data: 0.0014  max mem: 27709
[17:34:52.432637] Epoch: [0]  [ 6140/10922]  eta: 1:15:56  lr: 0.000100  loss: 0.3060 (0.5208)  loss_near: 0.2061 (0.3033)  loss_rand: 0.0460 (0.1036)  loss_srf: 0.0460 (0.1036)  loss_kl: 0.0578 (0.1837)  loss_grads: 0.7473 (0.8534)  iou: 0.9345 (0.8546)  time: 0.9542  data: 0.0014  max mem: 27709
[17:35:11.530415] Epoch: [0]  [ 6160/10922]  eta: 1:15:37  lr: 0.000100  loss: 0.3072 (0.5201)  loss_near: 0.2043 (0.3030)  loss_rand: 0.0472 (0.1034)  loss_srf: 0.0472 (0.1034)  loss_kl: 0.0577 (0.1833)  loss_grads: 0.7485 (0.8530)  iou: 0.9351 (0.8548)  time: 0.9548  data: 0.0015  max mem: 27709
[17:35:30.611038] Epoch: [0]  [ 6180/10922]  eta: 1:15:17  lr: 0.000100  loss: 0.3067 (0.5195)  loss_near: 0.2057 (0.3027)  loss_rand: 0.0464 (0.1032)  loss_srf: 0.0464 (0.1032)  loss_kl: 0.0576 (0.1829)  loss_grads: 0.7478 (0.8527)  iou: 0.9346 (0.8551)  time: 0.9540  data: 0.0014  max mem: 27709
[17:35:49.680620] Epoch: [0]  [ 6200/10922]  eta: 1:14:58  lr: 0.000100  loss: 0.3064 (0.5188)  loss_near: 0.2052 (0.3023)  loss_rand: 0.0464 (0.1030)  loss_srf: 0.0464 (0.1030)  loss_kl: 0.0574 (0.1825)  loss_grads: 0.7455 (0.8523)  iou: 0.9349 (0.8553)  time: 0.9534  data: 0.0015  max mem: 27709
[17:36:08.745032] Epoch: [0]  [ 6220/10922]  eta: 1:14:39  lr: 0.000100  loss: 0.3060 (0.5181)  loss_near: 0.2049 (0.3020)  loss_rand: 0.0464 (0.1029)  loss_srf: 0.0464 (0.1029)  loss_kl: 0.0570 (0.1821)  loss_grads: 0.7463 (0.8520)  iou: 0.9349 (0.8556)  time: 0.9532  data: 0.0015  max mem: 27709
[17:36:27.819501] Epoch: [0]  [ 6240/10922]  eta: 1:14:20  lr: 0.000100  loss: 0.3057 (0.5174)  loss_near: 0.2046 (0.3017)  loss_rand: 0.0463 (0.1027)  loss_srf: 0.0463 (0.1027)  loss_kl: 0.0568 (0.1817)  loss_grads: 0.7462 (0.8517)  iou: 0.9349 (0.8558)  time: 0.9537  data: 0.0016  max mem: 27709
[17:36:46.882005] Epoch: [0]  [ 6260/10922]  eta: 1:14:01  lr: 0.000100  loss: 0.3050 (0.5167)  loss_near: 0.2054 (0.3014)  loss_rand: 0.0458 (0.1025)  loss_srf: 0.0458 (0.1025)  loss_kl: 0.0566 (0.1813)  loss_grads: 0.7448 (0.8513)  iou: 0.9347 (0.8561)  time: 0.9531  data: 0.0016  max mem: 27709
[17:37:05.955190] Epoch: [0]  [ 6280/10922]  eta: 1:13:42  lr: 0.000100  loss: 0.3058 (0.5161)  loss_near: 0.2046 (0.3011)  loss_rand: 0.0466 (0.1023)  loss_srf: 0.0466 (0.1023)  loss_kl: 0.0564 (0.1809)  loss_grads: 0.7479 (0.8510)  iou: 0.9350 (0.8563)  time: 0.9536  data: 0.0015  max mem: 27709
[17:37:25.027032] Epoch: [0]  [ 6300/10922]  eta: 1:13:23  lr: 0.000100  loss: 0.3058 (0.5154)  loss_near: 0.2045 (0.3008)  loss_rand: 0.0467 (0.1021)  loss_srf: 0.0467 (0.1021)  loss_kl: 0.0560 (0.1805)  loss_grads: 0.7464 (0.8507)  iou: 0.9349 (0.8566)  time: 0.9535  data: 0.0015  max mem: 27709
[17:37:44.112729] Epoch: [0]  [ 6320/10922]  eta: 1:13:04  lr: 0.000100  loss: 0.3052 (0.5147)  loss_near: 0.2055 (0.3005)  loss_rand: 0.0462 (0.1020)  loss_srf: 0.0462 (0.1020)  loss_kl: 0.0561 (0.1801)  loss_grads: 0.7440 (0.8503)  iou: 0.9346 (0.8568)  time: 0.9542  data: 0.0015  max mem: 27709
[17:38:03.206710] Epoch: [0]  [ 6340/10922]  eta: 1:12:45  lr: 0.000100  loss: 0.3050 (0.5141)  loss_near: 0.2045 (0.3002)  loss_rand: 0.0462 (0.1018)  loss_srf: 0.0462 (0.1018)  loss_kl: 0.0560 (0.1797)  loss_grads: 0.7454 (0.8500)  iou: 0.9350 (0.8571)  time: 0.9546  data: 0.0015  max mem: 27709
[17:38:22.297586] Epoch: [0]  [ 6360/10922]  eta: 1:12:26  lr: 0.000100  loss: 0.3051 (0.5134)  loss_near: 0.2051 (0.2999)  loss_rand: 0.0461 (0.1016)  loss_srf: 0.0461 (0.1016)  loss_kl: 0.0559 (0.1793)  loss_grads: 0.7443 (0.8497)  iou: 0.9349 (0.8573)  time: 0.9545  data: 0.0016  max mem: 27709
[17:38:41.390510] Epoch: [0]  [ 6380/10922]  eta: 1:12:07  lr: 0.000100  loss: 0.3046 (0.5127)  loss_near: 0.2045 (0.2996)  loss_rand: 0.0458 (0.1014)  loss_srf: 0.0458 (0.1014)  loss_kl: 0.0558 (0.1789)  loss_grads: 0.7432 (0.8493)  iou: 0.9347 (0.8576)  time: 0.9546  data: 0.0016  max mem: 27709
[17:39:00.490139] Epoch: [0]  [ 6400/10922]  eta: 1:11:48  lr: 0.000100  loss: 0.3048 (0.5121)  loss_near: 0.2044 (0.2993)  loss_rand: 0.0462 (0.1013)  loss_srf: 0.0462 (0.1013)  loss_kl: 0.0554 (0.1785)  loss_grads: 0.7441 (0.8490)  iou: 0.9350 (0.8578)  time: 0.9549  data: 0.0015  max mem: 27709
[17:39:19.572188] Epoch: [0]  [ 6420/10922]  eta: 1:11:29  lr: 0.000100  loss: 0.3041 (0.5115)  loss_near: 0.2046 (0.2990)  loss_rand: 0.0458 (0.1011)  loss_srf: 0.0458 (0.1011)  loss_kl: 0.0552 (0.1781)  loss_grads: 0.7434 (0.8487)  iou: 0.9348 (0.8581)  time: 0.9540  data: 0.0014  max mem: 27709
[17:39:38.653456] Epoch: [0]  [ 6440/10922]  eta: 1:11:10  lr: 0.000100  loss: 0.3042 (0.5108)  loss_near: 0.2043 (0.2987)  loss_rand: 0.0458 (0.1009)  loss_srf: 0.0458 (0.1009)  loss_kl: 0.0549 (0.1777)  loss_grads: 0.7435 (0.8483)  iou: 0.9350 (0.8583)  time: 0.9540  data: 0.0015  max mem: 27709
[17:39:57.721768] Epoch: [0]  [ 6460/10922]  eta: 1:10:51  lr: 0.000100  loss: 0.3046 (0.5102)  loss_near: 0.2048 (0.2984)  loss_rand: 0.0460 (0.1008)  loss_srf: 0.0460 (0.1008)  loss_kl: 0.0548 (0.1774)  loss_grads: 0.7426 (0.8480)  iou: 0.9347 (0.8585)  time: 0.9534  data: 0.0014  max mem: 27709
[17:40:16.799864] Epoch: [0]  [ 6480/10922]  eta: 1:10:32  lr: 0.000100  loss: 0.3048 (0.5095)  loss_near: 0.2041 (0.2981)  loss_rand: 0.0463 (0.1006)  loss_srf: 0.0463 (0.1006)  loss_kl: 0.0547 (0.1770)  loss_grads: 0.7416 (0.8477)  iou: 0.9350 (0.8588)  time: 0.9538  data: 0.0015  max mem: 27709
[17:40:35.849550] Epoch: [0]  [ 6500/10922]  eta: 1:10:13  lr: 0.000100  loss: 0.3039 (0.5089)  loss_near: 0.2050 (0.2978)  loss_rand: 0.0456 (0.1004)  loss_srf: 0.0456 (0.1004)  loss_kl: 0.0544 (0.1766)  loss_grads: 0.7417 (0.8474)  iou: 0.9347 (0.8590)  time: 0.9524  data: 0.0015  max mem: 27709
[17:40:54.905032] Epoch: [0]  [ 6520/10922]  eta: 1:09:54  lr: 0.000100  loss: 0.3039 (0.5083)  loss_near: 0.2043 (0.2975)  loss_rand: 0.0460 (0.1002)  loss_srf: 0.0460 (0.1002)  loss_kl: 0.0542 (0.1762)  loss_grads: 0.7423 (0.8470)  iou: 0.9349 (0.8592)  time: 0.9527  data: 0.0015  max mem: 27709
[17:41:13.955019] Epoch: [0]  [ 6540/10922]  eta: 1:09:35  lr: 0.000100  loss: 0.3042 (0.5077)  loss_near: 0.2044 (0.2973)  loss_rand: 0.0459 (0.1001)  loss_srf: 0.0459 (0.1001)  loss_kl: 0.0539 (0.1759)  loss_grads: 0.7417 (0.8467)  iou: 0.9349 (0.8595)  time: 0.9524  data: 0.0013  max mem: 27709
[17:41:33.028072] Epoch: [0]  [ 6560/10922]  eta: 1:09:16  lr: 0.000100  loss: 0.3043 (0.5070)  loss_near: 0.2054 (0.2970)  loss_rand: 0.0455 (0.0999)  loss_srf: 0.0455 (0.0999)  loss_kl: 0.0537 (0.1755)  loss_grads: 0.7404 (0.8464)  iou: 0.9345 (0.8597)  time: 0.9536  data: 0.0016  max mem: 27709
[17:41:52.085430] Epoch: [0]  [ 6580/10922]  eta: 1:08:57  lr: 0.000100  loss: 0.3045 (0.5064)  loss_near: 0.2040 (0.2967)  loss_rand: 0.0463 (0.0998)  loss_srf: 0.0463 (0.0998)  loss_kl: 0.0536 (0.1751)  loss_grads: 0.7424 (0.8461)  iou: 0.9351 (0.8599)  time: 0.9528  data: 0.0015  max mem: 27709
[17:42:11.128265] Epoch: [0]  [ 6600/10922]  eta: 1:08:38  lr: 0.000100  loss: 0.3038 (0.5058)  loss_near: 0.2047 (0.2964)  loss_rand: 0.0454 (0.0996)  loss_srf: 0.0454 (0.0996)  loss_kl: 0.0535 (0.1747)  loss_grads: 0.7412 (0.8458)  iou: 0.9348 (0.8601)  time: 0.9521  data: 0.0015  max mem: 27709
[17:42:30.192619] Epoch: [0]  [ 6620/10922]  eta: 1:08:18  lr: 0.000100  loss: 0.3040 (0.5052)  loss_near: 0.2041 (0.2961)  loss_rand: 0.0459 (0.0994)  loss_srf: 0.0459 (0.0994)  loss_kl: 0.0531 (0.1744)  loss_grads: 0.7413 (0.8454)  iou: 0.9349 (0.8604)  time: 0.9530  data: 0.0015  max mem: 27709
[17:42:49.276638] Epoch: [0]  [ 6640/10922]  eta: 1:07:59  lr: 0.000100  loss: 0.3033 (0.5046)  loss_near: 0.2039 (0.2959)  loss_rand: 0.0457 (0.0993)  loss_srf: 0.0457 (0.0993)  loss_kl: 0.0529 (0.1740)  loss_grads: 0.7403 (0.8451)  iou: 0.9350 (0.8606)  time: 0.9541  data: 0.0015  max mem: 27709
[17:43:08.348639] Epoch: [0]  [ 6660/10922]  eta: 1:07:40  lr: 0.000100  loss: 0.3034 (0.5040)  loss_near: 0.2045 (0.2956)  loss_rand: 0.0455 (0.0991)  loss_srf: 0.0455 (0.0991)  loss_kl: 0.0522 (0.1737)  loss_grads: 0.7396 (0.8448)  iou: 0.9349 (0.8608)  time: 0.9534  data: 0.0016  max mem: 27709
[17:43:27.391982] Epoch: [0]  [ 6680/10922]  eta: 1:07:21  lr: 0.000100  loss: 0.3037 (0.5034)  loss_near: 0.2043 (0.2953)  loss_rand: 0.0456 (0.0989)  loss_srf: 0.0456 (0.0989)  loss_kl: 0.0521 (0.1733)  loss_grads: 0.7402 (0.8445)  iou: 0.9348 (0.8610)  time: 0.9521  data: 0.0015  max mem: 27709
[17:43:46.455701] Epoch: [0]  [ 6700/10922]  eta: 1:07:02  lr: 0.000100  loss: 0.3033 (0.5028)  loss_near: 0.2036 (0.2950)  loss_rand: 0.0459 (0.0988)  loss_srf: 0.0459 (0.0988)  loss_kl: 0.0519 (0.1729)  loss_grads: 0.7393 (0.8442)  iou: 0.9349 (0.8613)  time: 0.9531  data: 0.0014  max mem: 27709
[17:44:05.566394] Epoch: [0]  [ 6720/10922]  eta: 1:06:43  lr: 0.000100  loss: 0.3034 (0.5022)  loss_near: 0.2053 (0.2948)  loss_rand: 0.0450 (0.0986)  loss_srf: 0.0450 (0.0986)  loss_kl: 0.0518 (0.1726)  loss_grads: 0.7414 (0.8439)  iou: 0.9344 (0.8615)  time: 0.9555  data: 0.0015  max mem: 27709
[17:44:24.617403] Epoch: [0]  [ 6740/10922]  eta: 1:06:24  lr: 0.000100  loss: 0.3042 (0.5016)  loss_near: 0.2035 (0.2945)  loss_rand: 0.0462 (0.0985)  loss_srf: 0.0462 (0.0985)  loss_kl: 0.0516 (0.1722)  loss_grads: 0.7391 (0.8436)  iou: 0.9353 (0.8617)  time: 0.9525  data: 0.0014  max mem: 27709
[17:44:43.671089] Epoch: [0]  [ 6760/10922]  eta: 1:06:05  lr: 0.000100  loss: 0.3047 (0.5010)  loss_near: 0.2054 (0.2942)  loss_rand: 0.0458 (0.0983)  loss_srf: 0.0458 (0.0983)  loss_kl: 0.0513 (0.1718)  loss_grads: 0.7404 (0.8433)  iou: 0.9348 (0.8619)  time: 0.9526  data: 0.0014  max mem: 27709
[17:45:02.706594] Epoch: [0]  [ 6780/10922]  eta: 1:05:46  lr: 0.000100  loss: 0.3055 (0.5004)  loss_near: 0.2058 (0.2940)  loss_rand: 0.0455 (0.0982)  loss_srf: 0.0455 (0.0982)  loss_kl: 0.0512 (0.1715)  loss_grads: 0.7376 (0.8430)  iou: 0.9341 (0.8621)  time: 0.9517  data: 0.0015  max mem: 27709
[17:45:21.761993] Epoch: [0]  [ 6800/10922]  eta: 1:05:27  lr: 0.000100  loss: 0.3046 (0.4999)  loss_near: 0.2038 (0.2937)  loss_rand: 0.0464 (0.0980)  loss_srf: 0.0464 (0.0980)  loss_kl: 0.0507 (0.1711)  loss_grads: 0.7378 (0.8426)  iou: 0.9354 (0.8623)  time: 0.9527  data: 0.0014  max mem: 27709
[17:45:40.800303] Epoch: [0]  [ 6820/10922]  eta: 1:05:08  lr: 0.000100  loss: 0.3030 (0.4993)  loss_near: 0.2046 (0.2935)  loss_rand: 0.0452 (0.0979)  loss_srf: 0.0452 (0.0979)  loss_kl: 0.0505 (0.1708)  loss_grads: 0.7387 (0.8423)  iou: 0.9347 (0.8626)  time: 0.9519  data: 0.0014  max mem: 27709
[17:45:59.849420] Epoch: [0]  [ 6840/10922]  eta: 1:04:49  lr: 0.000100  loss: 0.3036 (0.4987)  loss_near: 0.2041 (0.2932)  loss_rand: 0.0456 (0.0977)  loss_srf: 0.0456 (0.0977)  loss_kl: 0.0505 (0.1704)  loss_grads: 0.7377 (0.8420)  iou: 0.9350 (0.8628)  time: 0.9524  data: 0.0014  max mem: 27709
[17:46:18.898574] Epoch: [0]  [ 6860/10922]  eta: 1:04:30  lr: 0.000100  loss: 0.3041 (0.4982)  loss_near: 0.2050 (0.2929)  loss_rand: 0.0456 (0.0975)  loss_srf: 0.0456 (0.0975)  loss_kl: 0.0502 (0.1701)  loss_grads: 0.7374 (0.8417)  iou: 0.9348 (0.8630)  time: 0.9524  data: 0.0015  max mem: 27709
[17:46:37.950741] Epoch: [0]  [ 6880/10922]  eta: 1:04:11  lr: 0.000100  loss: 0.3030 (0.4976)  loss_near: 0.2036 (0.2927)  loss_rand: 0.0457 (0.0974)  loss_srf: 0.0457 (0.0974)  loss_kl: 0.0501 (0.1697)  loss_grads: 0.7378 (0.8414)  iou: 0.9349 (0.8632)  time: 0.9526  data: 0.0015  max mem: 27709
[17:46:57.004704] Epoch: [0]  [ 6900/10922]  eta: 1:03:52  lr: 0.000100  loss: 0.3030 (0.4970)  loss_near: 0.2036 (0.2924)  loss_rand: 0.0457 (0.0972)  loss_srf: 0.0457 (0.0972)  loss_kl: 0.0498 (0.1694)  loss_grads: 0.7355 (0.8411)  iou: 0.9351 (0.8634)  time: 0.9526  data: 0.0015  max mem: 27709
[17:47:16.058839] Epoch: [0]  [ 6920/10922]  eta: 1:03:33  lr: 0.000100  loss: 0.3032 (0.4965)  loss_near: 0.2044 (0.2922)  loss_rand: 0.0454 (0.0971)  loss_srf: 0.0454 (0.0971)  loss_kl: 0.0493 (0.1690)  loss_grads: 0.7359 (0.8408)  iou: 0.9347 (0.8636)  time: 0.9527  data: 0.0015  max mem: 27709
[17:47:35.097360] Epoch: [0]  [ 6940/10922]  eta: 1:03:14  lr: 0.000100  loss: 0.3028 (0.4959)  loss_near: 0.2035 (0.2919)  loss_rand: 0.0457 (0.0970)  loss_srf: 0.0457 (0.0970)  loss_kl: 0.0494 (0.1687)  loss_grads: 0.7379 (0.8405)  iou: 0.9351 (0.8638)  time: 0.9519  data: 0.0014  max mem: 27709
[17:47:54.146261] Epoch: [0]  [ 6960/10922]  eta: 1:02:55  lr: 0.000100  loss: 0.3024 (0.4954)  loss_near: 0.2044 (0.2917)  loss_rand: 0.0451 (0.0968)  loss_srf: 0.0451 (0.0968)  loss_kl: 0.0491 (0.1683)  loss_grads: 0.7374 (0.8402)  iou: 0.9347 (0.8640)  time: 0.9524  data: 0.0014  max mem: 27709
[17:48:13.184441] Epoch: [0]  [ 6980/10922]  eta: 1:02:35  lr: 0.000100  loss: 0.3025 (0.4948)  loss_near: 0.2039 (0.2914)  loss_rand: 0.0455 (0.0967)  loss_srf: 0.0455 (0.0967)  loss_kl: 0.0490 (0.1680)  loss_grads: 0.7379 (0.8399)  iou: 0.9350 (0.8642)  time: 0.9519  data: 0.0014  max mem: 27709
[17:48:32.226883] Epoch: [0]  [ 7000/10922]  eta: 1:02:16  lr: 0.000100  loss: 0.3023 (0.4942)  loss_near: 0.2037 (0.2912)  loss_rand: 0.0453 (0.0965)  loss_srf: 0.0453 (0.0965)  loss_kl: 0.0487 (0.1677)  loss_grads: 0.7352 (0.8396)  iou: 0.9349 (0.8644)  time: 0.9521  data: 0.0014  max mem: 27709
[17:48:51.279301] Epoch: [0]  [ 7020/10922]  eta: 1:01:57  lr: 0.000100  loss: 0.3027 (0.4937)  loss_near: 0.2038 (0.2909)  loss_rand: 0.0454 (0.0964)  loss_srf: 0.0454 (0.0964)  loss_kl: 0.0485 (0.1673)  loss_grads: 0.7367 (0.8393)  iou: 0.9349 (0.8646)  time: 0.9526  data: 0.0014  max mem: 27709
[17:49:10.340273] Epoch: [0]  [ 7040/10922]  eta: 1:01:38  lr: 0.000100  loss: 0.3025 (0.4932)  loss_near: 0.2033 (0.2907)  loss_rand: 0.0457 (0.0962)  loss_srf: 0.0457 (0.0962)  loss_kl: 0.0485 (0.1670)  loss_grads: 0.7357 (0.8391)  iou: 0.9351 (0.8648)  time: 0.9530  data: 0.0015  max mem: 27709
[17:49:29.399950] Epoch: [0]  [ 7060/10922]  eta: 1:01:19  lr: 0.000100  loss: 0.3028 (0.4926)  loss_near: 0.2051 (0.2904)  loss_rand: 0.0448 (0.0961)  loss_srf: 0.0448 (0.0961)  loss_kl: 0.0481 (0.1667)  loss_grads: 0.7355 (0.8388)  iou: 0.9345 (0.8650)  time: 0.9529  data: 0.0014  max mem: 27709
[17:49:48.445470] Epoch: [0]  [ 7080/10922]  eta: 1:01:00  lr: 0.000100  loss: 0.3024 (0.4921)  loss_near: 0.2033 (0.2902)  loss_rand: 0.0455 (0.0959)  loss_srf: 0.0455 (0.0959)  loss_kl: 0.0480 (0.1663)  loss_grads: 0.7374 (0.8385)  iou: 0.9351 (0.8652)  time: 0.9522  data: 0.0014  max mem: 27709
[17:50:07.489999] Epoch: [0]  [ 7100/10922]  eta: 1:00:41  lr: 0.000100  loss: 0.3021 (0.4915)  loss_near: 0.2050 (0.2899)  loss_rand: 0.0449 (0.0958)  loss_srf: 0.0449 (0.0958)  loss_kl: 0.0479 (0.1660)  loss_grads: 0.7347 (0.8382)  iou: 0.9345 (0.8654)  time: 0.9522  data: 0.0014  max mem: 27709
[17:50:26.552459] Epoch: [0]  [ 7120/10922]  eta: 1:00:22  lr: 0.000100  loss: 0.3034 (0.4910)  loss_near: 0.2032 (0.2897)  loss_rand: 0.0461 (0.0956)  loss_srf: 0.0461 (0.0956)  loss_kl: 0.0476 (0.1657)  loss_grads: 0.7343 (0.8379)  iou: 0.9351 (0.8656)  time: 0.9531  data: 0.0015  max mem: 27709
[17:50:45.593123] Epoch: [0]  [ 7140/10922]  eta: 1:00:03  lr: 0.000100  loss: 0.3014 (0.4905)  loss_near: 0.2039 (0.2895)  loss_rand: 0.0448 (0.0955)  loss_srf: 0.0448 (0.0955)  loss_kl: 0.0472 (0.1653)  loss_grads: 0.7342 (0.8376)  iou: 0.9347 (0.8658)  time: 0.9520  data: 0.0014  max mem: 27709
[17:51:04.633352] Epoch: [0]  [ 7160/10922]  eta: 0:59:44  lr: 0.000100  loss: 0.3021 (0.4900)  loss_near: 0.2035 (0.2892)  loss_rand: 0.0453 (0.0954)  loss_srf: 0.0453 (0.0954)  loss_kl: 0.0471 (0.1650)  loss_grads: 0.7331 (0.8373)  iou: 0.9348 (0.8660)  time: 0.9520  data: 0.0014  max mem: 27709
[17:51:23.690632] Epoch: [0]  [ 7180/10922]  eta: 0:59:25  lr: 0.000100  loss: 0.3022 (0.4894)  loss_near: 0.2039 (0.2890)  loss_rand: 0.0452 (0.0952)  loss_srf: 0.0452 (0.0952)  loss_kl: 0.0470 (0.1647)  loss_grads: 0.7348 (0.8370)  iou: 0.9348 (0.8662)  time: 0.9528  data: 0.0014  max mem: 27709
[17:51:42.753257] Epoch: [0]  [ 7200/10922]  eta: 0:59:06  lr: 0.000100  loss: 0.3013 (0.4889)  loss_near: 0.2036 (0.2887)  loss_rand: 0.0450 (0.0951)  loss_srf: 0.0450 (0.0951)  loss_kl: 0.0467 (0.1643)  loss_grads: 0.7317 (0.8367)  iou: 0.9348 (0.8664)  time: 0.9531  data: 0.0014  max mem: 27709
[17:52:01.802622] Epoch: [0]  [ 7220/10922]  eta: 0:58:47  lr: 0.000100  loss: 0.3013 (0.4884)  loss_near: 0.2035 (0.2885)  loss_rand: 0.0451 (0.0949)  loss_srf: 0.0451 (0.0949)  loss_kl: 0.0465 (0.1640)  loss_grads: 0.7309 (0.8364)  iou: 0.9348 (0.8666)  time: 0.9524  data: 0.0015  max mem: 27709
[17:52:20.857250] Epoch: [0]  [ 7240/10922]  eta: 0:58:28  lr: 0.000100  loss: 0.3020 (0.4879)  loss_near: 0.2034 (0.2883)  loss_rand: 0.0453 (0.0948)  loss_srf: 0.0453 (0.0948)  loss_kl: 0.0463 (0.1637)  loss_grads: 0.7341 (0.8362)  iou: 0.9348 (0.8668)  time: 0.9527  data: 0.0015  max mem: 27709
[17:52:39.916439] Epoch: [0]  [ 7260/10922]  eta: 0:58:09  lr: 0.000100  loss: 0.3015 (0.4874)  loss_near: 0.2035 (0.2880)  loss_rand: 0.0452 (0.0947)  loss_srf: 0.0452 (0.0947)  loss_kl: 0.0461 (0.1634)  loss_grads: 0.7316 (0.8359)  iou: 0.9348 (0.8669)  time: 0.9529  data: 0.0015  max mem: 27709
[17:52:58.982856] Epoch: [0]  [ 7280/10922]  eta: 0:57:50  lr: 0.000100  loss: 0.3018 (0.4869)  loss_near: 0.2037 (0.2878)  loss_rand: 0.0451 (0.0945)  loss_srf: 0.0451 (0.0945)  loss_kl: 0.0459 (0.1630)  loss_grads: 0.7312 (0.8356)  iou: 0.9346 (0.8671)  time: 0.9533  data: 0.0014  max mem: 27709
[17:53:18.029513] Epoch: [0]  [ 7300/10922]  eta: 0:57:31  lr: 0.000100  loss: 0.3016 (0.4864)  loss_near: 0.2032 (0.2876)  loss_rand: 0.0454 (0.0944)  loss_srf: 0.0454 (0.0944)  loss_kl: 0.0457 (0.1627)  loss_grads: 0.7329 (0.8353)  iou: 0.9350 (0.8673)  time: 0.9523  data: 0.0015  max mem: 27709
[17:53:37.071937] Epoch: [0]  [ 7320/10922]  eta: 0:57:11  lr: 0.000100  loss: 0.3011 (0.4858)  loss_near: 0.2038 (0.2873)  loss_rand: 0.0448 (0.0943)  loss_srf: 0.0448 (0.0943)  loss_kl: 0.0456 (0.1624)  loss_grads: 0.7330 (0.8350)  iou: 0.9347 (0.8675)  time: 0.9521  data: 0.0014  max mem: 27709
[17:53:56.119110] Epoch: [0]  [ 7340/10922]  eta: 0:56:52  lr: 0.000100  loss: 0.3015 (0.4853)  loss_near: 0.2033 (0.2871)  loss_rand: 0.0452 (0.0941)  loss_srf: 0.0452 (0.0941)  loss_kl: 0.0452 (0.1621)  loss_grads: 0.7322 (0.8347)  iou: 0.9350 (0.8677)  time: 0.9523  data: 0.0013  max mem: 27709
[17:54:15.181321] Epoch: [0]  [ 7360/10922]  eta: 0:56:33  lr: 0.000100  loss: 0.3011 (0.4848)  loss_near: 0.2040 (0.2869)  loss_rand: 0.0448 (0.0940)  loss_srf: 0.0448 (0.0940)  loss_kl: 0.0449 (0.1618)  loss_grads: 0.7312 (0.8345)  iou: 0.9346 (0.8679)  time: 0.9531  data: 0.0015  max mem: 27709
[17:54:34.225338] Epoch: [0]  [ 7380/10922]  eta: 0:56:14  lr: 0.000100  loss: 0.3009 (0.4843)  loss_near: 0.2028 (0.2867)  loss_rand: 0.0451 (0.0939)  loss_srf: 0.0451 (0.0939)  loss_kl: 0.0447 (0.1614)  loss_grads: 0.7330 (0.8342)  iou: 0.9352 (0.8680)  time: 0.9521  data: 0.0015  max mem: 27709
[17:54:53.277879] Epoch: [0]  [ 7400/10922]  eta: 0:55:55  lr: 0.000100  loss: 0.3010 (0.4839)  loss_near: 0.2036 (0.2864)  loss_rand: 0.0448 (0.0937)  loss_srf: 0.0448 (0.0937)  loss_kl: 0.0446 (0.1611)  loss_grads: 0.7298 (0.8339)  iou: 0.9348 (0.8682)  time: 0.9526  data: 0.0017  max mem: 27709
[17:55:12.331629] Epoch: [0]  [ 7420/10922]  eta: 0:55:36  lr: 0.000100  loss: 0.3008 (0.4834)  loss_near: 0.2035 (0.2862)  loss_rand: 0.0448 (0.0936)  loss_srf: 0.0448 (0.0936)  loss_kl: 0.0444 (0.1608)  loss_grads: 0.7288 (0.8336)  iou: 0.9349 (0.8684)  time: 0.9526  data: 0.0015  max mem: 27709
[17:55:31.389810] Epoch: [0]  [ 7440/10922]  eta: 0:55:17  lr: 0.000100  loss: 0.3008 (0.4829)  loss_near: 0.2031 (0.2860)  loss_rand: 0.0449 (0.0935)  loss_srf: 0.0449 (0.0935)  loss_kl: 0.0443 (0.1605)  loss_grads: 0.7318 (0.8334)  iou: 0.9349 (0.8686)  time: 0.9529  data: 0.0017  max mem: 27709
[17:55:50.470553] Epoch: [0]  [ 7460/10922]  eta: 0:54:58  lr: 0.000100  loss: 0.3006 (0.4824)  loss_near: 0.2032 (0.2858)  loss_rand: 0.0450 (0.0933)  loss_srf: 0.0450 (0.0933)  loss_kl: 0.0441 (0.1602)  loss_grads: 0.7309 (0.8331)  iou: 0.9348 (0.8688)  time: 0.9537  data: 0.0016  max mem: 27709
[17:56:09.524894] Epoch: [0]  [ 7480/10922]  eta: 0:54:39  lr: 0.000100  loss: 0.3007 (0.4819)  loss_near: 0.2033 (0.2855)  loss_rand: 0.0448 (0.0932)  loss_srf: 0.0448 (0.0932)  loss_kl: 0.0438 (0.1599)  loss_grads: 0.7283 (0.8328)  iou: 0.9349 (0.8689)  time: 0.9527  data: 0.0014  max mem: 27709
[17:56:28.563467] Epoch: [0]  [ 7500/10922]  eta: 0:54:20  lr: 0.000100  loss: 0.3006 (0.4814)  loss_near: 0.2029 (0.2853)  loss_rand: 0.0449 (0.0931)  loss_srf: 0.0449 (0.0931)  loss_kl: 0.0438 (0.1596)  loss_grads: 0.7291 (0.8325)  iou: 0.9350 (0.8691)  time: 0.9519  data: 0.0014  max mem: 27709
[17:56:47.606591] Epoch: [0]  [ 7520/10922]  eta: 0:54:01  lr: 0.000100  loss: 0.3009 (0.4809)  loss_near: 0.2042 (0.2851)  loss_rand: 0.0444 (0.0930)  loss_srf: 0.0444 (0.0930)  loss_kl: 0.0435 (0.1593)  loss_grads: 0.7283 (0.8322)  iou: 0.9344 (0.8693)  time: 0.9521  data: 0.0015  max mem: 27709
[17:57:06.663868] Epoch: [0]  [ 7540/10922]  eta: 0:53:42  lr: 0.000100  loss: 0.3015 (0.4805)  loss_near: 0.2029 (0.2849)  loss_rand: 0.0452 (0.0928)  loss_srf: 0.0452 (0.0928)  loss_kl: 0.0431 (0.1589)  loss_grads: 0.7293 (0.8320)  iou: 0.9354 (0.8695)  time: 0.9528  data: 0.0016  max mem: 27709
[17:57:25.710427] Epoch: [0]  [ 7560/10922]  eta: 0:53:23  lr: 0.000100  loss: 0.3024 (0.4800)  loss_near: 0.2045 (0.2847)  loss_rand: 0.0454 (0.0927)  loss_srf: 0.0454 (0.0927)  loss_kl: 0.0430 (0.1586)  loss_grads: 0.7284 (0.8317)  iou: 0.9345 (0.8696)  time: 0.9523  data: 0.0014  max mem: 27709
[17:57:44.747722] Epoch: [0]  [ 7580/10922]  eta: 0:53:04  lr: 0.000100  loss: 0.3024 (0.4795)  loss_near: 0.2049 (0.2845)  loss_rand: 0.0448 (0.0926)  loss_srf: 0.0448 (0.0926)  loss_kl: 0.0429 (0.1583)  loss_grads: 0.7302 (0.8314)  iou: 0.9345 (0.8698)  time: 0.9518  data: 0.0014  max mem: 27709
[17:58:03.803568] Epoch: [0]  [ 7600/10922]  eta: 0:52:45  lr: 0.000100  loss: 0.3016 (0.4790)  loss_near: 0.2028 (0.2843)  loss_rand: 0.0454 (0.0925)  loss_srf: 0.0454 (0.0925)  loss_kl: 0.0427 (0.1580)  loss_grads: 0.7253 (0.8312)  iou: 0.9353 (0.8700)  time: 0.9527  data: 0.0017  max mem: 27709
[17:58:22.853800] Epoch: [0]  [ 7620/10922]  eta: 0:52:26  lr: 0.000100  loss: 0.3009 (0.4786)  loss_near: 0.2041 (0.2840)  loss_rand: 0.0446 (0.0923)  loss_srf: 0.0446 (0.0923)  loss_kl: 0.0427 (0.1577)  loss_grads: 0.7245 (0.8309)  iou: 0.9344 (0.8701)  time: 0.9525  data: 0.0015  max mem: 27709
[17:58:41.909453] Epoch: [0]  [ 7640/10922]  eta: 0:52:07  lr: 0.000100  loss: 0.3007 (0.4781)  loss_near: 0.2030 (0.2838)  loss_rand: 0.0449 (0.0922)  loss_srf: 0.0449 (0.0922)  loss_kl: 0.0425 (0.1574)  loss_grads: 0.7262 (0.8306)  iou: 0.9352 (0.8703)  time: 0.9527  data: 0.0015  max mem: 27709
[17:59:00.956005] Epoch: [0]  [ 7660/10922]  eta: 0:51:47  lr: 0.000100  loss: 0.3012 (0.4777)  loss_near: 0.2047 (0.2836)  loss_rand: 0.0445 (0.0921)  loss_srf: 0.0445 (0.0921)  loss_kl: 0.0425 (0.1571)  loss_grads: 0.7240 (0.8303)  iou: 0.9345 (0.8705)  time: 0.9523  data: 0.0015  max mem: 27709
[17:59:20.011303] Epoch: [0]  [ 7680/10922]  eta: 0:51:28  lr: 0.000100  loss: 0.3010 (0.4772)  loss_near: 0.2029 (0.2834)  loss_rand: 0.0451 (0.0920)  loss_srf: 0.0451 (0.0920)  loss_kl: 0.0426 (0.1568)  loss_grads: 0.7236 (0.8301)  iou: 0.9353 (0.8707)  time: 0.9527  data: 0.0015  max mem: 27709
[17:59:39.061526] Epoch: [0]  [ 7700/10922]  eta: 0:51:09  lr: 0.000100  loss: 0.2996 (0.4767)  loss_near: 0.2030 (0.2832)  loss_rand: 0.0444 (0.0918)  loss_srf: 0.0444 (0.0918)  loss_kl: 0.0423 (0.1565)  loss_grads: 0.7227 (0.8298)  iou: 0.9347 (0.8708)  time: 0.9525  data: 0.0014  max mem: 27709
[17:59:58.107179] Epoch: [0]  [ 7720/10922]  eta: 0:50:50  lr: 0.000100  loss: 0.3009 (0.4763)  loss_near: 0.2036 (0.2830)  loss_rand: 0.0447 (0.0917)  loss_srf: 0.0447 (0.0917)  loss_kl: 0.0421 (0.1562)  loss_grads: 0.7250 (0.8295)  iou: 0.9349 (0.8710)  time: 0.9522  data: 0.0014  max mem: 27709
[18:00:17.160888] Epoch: [0]  [ 7740/10922]  eta: 0:50:31  lr: 0.000100  loss: 0.3006 (0.4758)  loss_near: 0.2043 (0.2828)  loss_rand: 0.0443 (0.0916)  loss_srf: 0.0443 (0.0916)  loss_kl: 0.0421 (0.1559)  loss_grads: 0.7247 (0.8292)  iou: 0.9347 (0.8712)  time: 0.9526  data: 0.0013  max mem: 27709
[18:00:36.222801] Epoch: [0]  [ 7760/10922]  eta: 0:50:12  lr: 0.000100  loss: 0.2995 (0.4754)  loss_near: 0.2028 (0.2826)  loss_rand: 0.0446 (0.0915)  loss_srf: 0.0446 (0.0915)  loss_kl: 0.0421 (0.1556)  loss_grads: 0.7245 (0.8290)  iou: 0.9349 (0.8713)  time: 0.9530  data: 0.0014  max mem: 27709
[18:00:55.266577] Epoch: [0]  [ 7780/10922]  eta: 0:49:53  lr: 0.000100  loss: 0.2997 (0.4749)  loss_near: 0.2026 (0.2824)  loss_rand: 0.0447 (0.0913)  loss_srf: 0.0447 (0.0913)  loss_kl: 0.0419 (0.1554)  loss_grads: 0.7248 (0.8287)  iou: 0.9349 (0.8715)  time: 0.9521  data: 0.0014  max mem: 27709
[18:01:14.315160] Epoch: [0]  [ 7800/10922]  eta: 0:49:34  lr: 0.000100  loss: 0.3015 (0.4745)  loss_near: 0.2032 (0.2822)  loss_rand: 0.0451 (0.0912)  loss_srf: 0.0451 (0.0912)  loss_kl: 0.0418 (0.1551)  loss_grads: 0.7232 (0.8284)  iou: 0.9347 (0.8716)  time: 0.9524  data: 0.0016  max mem: 27709
[18:01:33.357196] Epoch: [0]  [ 7820/10922]  eta: 0:49:15  lr: 0.000100  loss: 0.2997 (0.4740)  loss_near: 0.2037 (0.2820)  loss_rand: 0.0441 (0.0911)  loss_srf: 0.0441 (0.0911)  loss_kl: 0.0417 (0.1548)  loss_grads: 0.7221 (0.8282)  iou: 0.9346 (0.8718)  time: 0.9520  data: 0.0014  max mem: 27709
[18:01:52.426448] Epoch: [0]  [ 7840/10922]  eta: 0:48:56  lr: 0.000100  loss: 0.3006 (0.4736)  loss_near: 0.2029 (0.2818)  loss_rand: 0.0449 (0.0910)  loss_srf: 0.0449 (0.0910)  loss_kl: 0.0416 (0.1545)  loss_grads: 0.7261 (0.8279)  iou: 0.9349 (0.8720)  time: 0.9534  data: 0.0014  max mem: 27709
[18:02:11.484840] Epoch: [0]  [ 7860/10922]  eta: 0:48:37  lr: 0.000100  loss: 0.3002 (0.4731)  loss_near: 0.2027 (0.2816)  loss_rand: 0.0450 (0.0909)  loss_srf: 0.0450 (0.0909)  loss_kl: 0.0414 (0.1542)  loss_grads: 0.7215 (0.8276)  iou: 0.9351 (0.8721)  time: 0.9529  data: 0.0016  max mem: 27709
[18:02:30.543670] Epoch: [0]  [ 7880/10922]  eta: 0:48:18  lr: 0.000100  loss: 0.3003 (0.4727)  loss_near: 0.2037 (0.2814)  loss_rand: 0.0445 (0.0908)  loss_srf: 0.0445 (0.0908)  loss_kl: 0.0413 (0.1539)  loss_grads: 0.7210 (0.8273)  iou: 0.9344 (0.8723)  time: 0.9529  data: 0.0015  max mem: 27709
[18:02:49.592400] Epoch: [0]  [ 7900/10922]  eta: 0:47:59  lr: 0.000100  loss: 0.2996 (0.4723)  loss_near: 0.2025 (0.2812)  loss_rand: 0.0448 (0.0906)  loss_srf: 0.0448 (0.0906)  loss_kl: 0.0411 (0.1536)  loss_grads: 0.7240 (0.8271)  iou: 0.9352 (0.8724)  time: 0.9524  data: 0.0014  max mem: 27709
[18:03:08.653213] Epoch: [0]  [ 7920/10922]  eta: 0:47:40  lr: 0.000100  loss: 0.2998 (0.4718)  loss_near: 0.2041 (0.2810)  loss_rand: 0.0441 (0.0905)  loss_srf: 0.0441 (0.0905)  loss_kl: 0.0409 (0.1533)  loss_grads: 0.7209 (0.8268)  iou: 0.9343 (0.8726)  time: 0.9530  data: 0.0014  max mem: 27709
[18:03:27.693170] Epoch: [0]  [ 7940/10922]  eta: 0:47:21  lr: 0.000100  loss: 0.3004 (0.4714)  loss_near: 0.2023 (0.2808)  loss_rand: 0.0451 (0.0904)  loss_srf: 0.0451 (0.0904)  loss_kl: 0.0405 (0.1531)  loss_grads: 0.7205 (0.8266)  iou: 0.9352 (0.8728)  time: 0.9519  data: 0.0013  max mem: 27709
[18:03:46.732354] Epoch: [0]  [ 7960/10922]  eta: 0:47:02  lr: 0.000100  loss: 0.2996 (0.4710)  loss_near: 0.2030 (0.2806)  loss_rand: 0.0443 (0.0903)  loss_srf: 0.0443 (0.0903)  loss_kl: 0.0404 (0.1528)  loss_grads: 0.7218 (0.8263)  iou: 0.9345 (0.8729)  time: 0.9519  data: 0.0014  max mem: 27709
[18:04:05.795494] Epoch: [0]  [ 7980/10922]  eta: 0:46:43  lr: 0.000100  loss: 0.2995 (0.4705)  loss_near: 0.2020 (0.2804)  loss_rand: 0.0446 (0.0902)  loss_srf: 0.0446 (0.0902)  loss_kl: 0.0402 (0.1525)  loss_grads: 0.7235 (0.8260)  iou: 0.9354 (0.8731)  time: 0.9531  data: 0.0016  max mem: 27709
[18:04:24.849157] Epoch: [0]  [ 8000/10922]  eta: 0:46:23  lr: 0.000100  loss: 0.2994 (0.4701)  loss_near: 0.2032 (0.2802)  loss_rand: 0.0444 (0.0901)  loss_srf: 0.0444 (0.0901)  loss_kl: 0.0401 (0.1522)  loss_grads: 0.7224 (0.8258)  iou: 0.9348 (0.8732)  time: 0.9526  data: 0.0015  max mem: 27709
[18:04:43.889618] Epoch: [0]  [ 8020/10922]  eta: 0:46:04  lr: 0.000100  loss: 0.2995 (0.4697)  loss_near: 0.2030 (0.2800)  loss_rand: 0.0444 (0.0899)  loss_srf: 0.0444 (0.0899)  loss_kl: 0.0399 (0.1519)  loss_grads: 0.7189 (0.8255)  iou: 0.9346 (0.8734)  time: 0.9520  data: 0.0015  max mem: 27709
[18:05:02.937644] Epoch: [0]  [ 8040/10922]  eta: 0:45:45  lr: 0.000100  loss: 0.2991 (0.4693)  loss_near: 0.2024 (0.2798)  loss_rand: 0.0445 (0.0898)  loss_srf: 0.0445 (0.0898)  loss_kl: 0.0397 (0.1517)  loss_grads: 0.7205 (0.8252)  iou: 0.9350 (0.8735)  time: 0.9523  data: 0.0016  max mem: 27709
[18:05:22.105055] Epoch: [0]  [ 8060/10922]  eta: 0:45:26  lr: 0.000100  loss: 0.2988 (0.4688)  loss_near: 0.2023 (0.2796)  loss_rand: 0.0445 (0.0897)  loss_srf: 0.0445 (0.0897)  loss_kl: 0.0394 (0.1514)  loss_grads: 0.7188 (0.8250)  iou: 0.9348 (0.8737)  time: 0.9580  data: 0.0027  max mem: 27709
[18:05:41.164437] Epoch: [0]  [ 8080/10922]  eta: 0:45:07  lr: 0.000100  loss: 0.2990 (0.4684)  loss_near: 0.2026 (0.2794)  loss_rand: 0.0442 (0.0896)  loss_srf: 0.0442 (0.0896)  loss_kl: 0.0393 (0.1511)  loss_grads: 0.7155 (0.8247)  iou: 0.9347 (0.8738)  time: 0.9529  data: 0.0015  max mem: 27709
[18:06:00.211643] Epoch: [0]  [ 8100/10922]  eta: 0:44:48  lr: 0.000100  loss: 0.2995 (0.4680)  loss_near: 0.2030 (0.2792)  loss_rand: 0.0444 (0.0895)  loss_srf: 0.0444 (0.0895)  loss_kl: 0.0392 (0.1508)  loss_grads: 0.7185 (0.8244)  iou: 0.9346 (0.8740)  time: 0.9523  data: 0.0015  max mem: 27709
[18:06:19.269826] Epoch: [0]  [ 8120/10922]  eta: 0:44:29  lr: 0.000100  loss: 0.2988 (0.4676)  loss_near: 0.2021 (0.2791)  loss_rand: 0.0443 (0.0894)  loss_srf: 0.0443 (0.0894)  loss_kl: 0.0391 (0.1505)  loss_grads: 0.7158 (0.8242)  iou: 0.9348 (0.8741)  time: 0.9528  data: 0.0015  max mem: 27709
[18:06:38.306451] Epoch: [0]  [ 8140/10922]  eta: 0:44:10  lr: 0.000100  loss: 0.2981 (0.4672)  loss_near: 0.2028 (0.2789)  loss_rand: 0.0439 (0.0893)  loss_srf: 0.0439 (0.0893)  loss_kl: 0.0388 (0.1503)  loss_grads: 0.7155 (0.8239)  iou: 0.9344 (0.8743)  time: 0.9518  data: 0.0014  max mem: 27709
[18:06:57.375050] Epoch: [0]  [ 8160/10922]  eta: 0:43:51  lr: 0.000100  loss: 0.2997 (0.4668)  loss_near: 0.2022 (0.2787)  loss_rand: 0.0448 (0.0892)  loss_srf: 0.0448 (0.0892)  loss_kl: 0.0388 (0.1500)  loss_grads: 0.7152 (0.8236)  iou: 0.9354 (0.8744)  time: 0.9534  data: 0.0016  max mem: 27709
[18:07:16.469818] Epoch: [0]  [ 8180/10922]  eta: 0:43:32  lr: 0.000100  loss: 0.2987 (0.4663)  loss_near: 0.2032 (0.2785)  loss_rand: 0.0440 (0.0891)  loss_srf: 0.0440 (0.0891)  loss_kl: 0.0387 (0.1497)  loss_grads: 0.7143 (0.8234)  iou: 0.9343 (0.8746)  time: 0.9546  data: 0.0021  max mem: 27709
[18:07:35.556638] Epoch: [0]  [ 8200/10922]  eta: 0:43:13  lr: 0.000100  loss: 0.2985 (0.4659)  loss_near: 0.2023 (0.2783)  loss_rand: 0.0442 (0.0889)  loss_srf: 0.0442 (0.0889)  loss_kl: 0.0387 (0.1495)  loss_grads: 0.7144 (0.8231)  iou: 0.9349 (0.8747)  time: 0.9543  data: 0.0015  max mem: 27709
[18:07:54.625871] Epoch: [0]  [ 8220/10922]  eta: 0:42:54  lr: 0.000100  loss: 0.2987 (0.4655)  loss_near: 0.2029 (0.2781)  loss_rand: 0.0443 (0.0888)  loss_srf: 0.0443 (0.0888)  loss_kl: 0.0385 (0.1492)  loss_grads: 0.7162 (0.8229)  iou: 0.9346 (0.8749)  time: 0.9534  data: 0.0014  max mem: 27709
[18:08:13.721995] Epoch: [0]  [ 8240/10922]  eta: 0:42:35  lr: 0.000100  loss: 0.2986 (0.4651)  loss_near: 0.2021 (0.2779)  loss_rand: 0.0446 (0.0887)  loss_srf: 0.0446 (0.0887)  loss_kl: 0.0386 (0.1489)  loss_grads: 0.7128 (0.8226)  iou: 0.9348 (0.8750)  time: 0.9548  data: 0.0015  max mem: 27709
[18:08:32.802197] Epoch: [0]  [ 8260/10922]  eta: 0:42:16  lr: 0.000100  loss: 0.2983 (0.4647)  loss_near: 0.2023 (0.2778)  loss_rand: 0.0441 (0.0886)  loss_srf: 0.0441 (0.0886)  loss_kl: 0.0384 (0.1486)  loss_grads: 0.7133 (0.8223)  iou: 0.9347 (0.8752)  time: 0.9540  data: 0.0016  max mem: 27709
[18:08:51.882135] Epoch: [0]  [ 8280/10922]  eta: 0:41:57  lr: 0.000100  loss: 0.2979 (0.4643)  loss_near: 0.2022 (0.2776)  loss_rand: 0.0442 (0.0885)  loss_srf: 0.0442 (0.0885)  loss_kl: 0.0384 (0.1484)  loss_grads: 0.7152 (0.8221)  iou: 0.9349 (0.8753)  time: 0.9539  data: 0.0015  max mem: 27709
[18:09:10.963855] Epoch: [0]  [ 8300/10922]  eta: 0:41:38  lr: 0.000100  loss: 0.2982 (0.4639)  loss_near: 0.2028 (0.2774)  loss_rand: 0.0439 (0.0884)  loss_srf: 0.0439 (0.0884)  loss_kl: 0.0384 (0.1481)  loss_grads: 0.7131 (0.8218)  iou: 0.9346 (0.8754)  time: 0.9540  data: 0.0013  max mem: 27709
[18:09:30.057748] Epoch: [0]  [ 8320/10922]  eta: 0:41:19  lr: 0.000100  loss: 0.2981 (0.4635)  loss_near: 0.2020 (0.2772)  loss_rand: 0.0441 (0.0883)  loss_srf: 0.0441 (0.0883)  loss_kl: 0.0383 (0.1479)  loss_grads: 0.7126 (0.8215)  iou: 0.9351 (0.8756)  time: 0.9546  data: 0.0014  max mem: 27709
[18:09:49.147203] Epoch: [0]  [ 8340/10922]  eta: 0:41:00  lr: 0.000100  loss: 0.2984 (0.4631)  loss_near: 0.2019 (0.2770)  loss_rand: 0.0442 (0.0882)  loss_srf: 0.0442 (0.0882)  loss_kl: 0.0384 (0.1476)  loss_grads: 0.7115 (0.8213)  iou: 0.9348 (0.8757)  time: 0.9544  data: 0.0015  max mem: 27709
[18:10:08.237219] Epoch: [0]  [ 8360/10922]  eta: 0:40:41  lr: 0.000100  loss: 0.2991 (0.4627)  loss_near: 0.2032 (0.2769)  loss_rand: 0.0442 (0.0881)  loss_srf: 0.0442 (0.0881)  loss_kl: 0.0381 (0.1473)  loss_grads: 0.7113 (0.8210)  iou: 0.9346 (0.8759)  time: 0.9544  data: 0.0014  max mem: 27709
[18:10:27.314205] Epoch: [0]  [ 8380/10922]  eta: 0:40:22  lr: 0.000100  loss: 0.2988 (0.4623)  loss_near: 0.2032 (0.2767)  loss_rand: 0.0442 (0.0880)  loss_srf: 0.0442 (0.0880)  loss_kl: 0.0382 (0.1471)  loss_grads: 0.7113 (0.8208)  iou: 0.9343 (0.8760)  time: 0.9538  data: 0.0014  max mem: 27709
[18:10:46.417060] Epoch: [0]  [ 8400/10922]  eta: 0:40:03  lr: 0.000100  loss: 0.2984 (0.4620)  loss_near: 0.2019 (0.2765)  loss_rand: 0.0445 (0.0879)  loss_srf: 0.0445 (0.0879)  loss_kl: 0.0382 (0.1468)  loss_grads: 0.7120 (0.8205)  iou: 0.9348 (0.8762)  time: 0.9551  data: 0.0015  max mem: 27709
[18:11:05.507273] Epoch: [0]  [ 8420/10922]  eta: 0:39:43  lr: 0.000100  loss: 0.2977 (0.4616)  loss_near: 0.2023 (0.2763)  loss_rand: 0.0442 (0.0878)  loss_srf: 0.0442 (0.0878)  loss_kl: 0.0381 (0.1466)  loss_grads: 0.7089 (0.8202)  iou: 0.9348 (0.8763)  time: 0.9545  data: 0.0015  max mem: 27709
[18:11:24.616773] Epoch: [0]  [ 8440/10922]  eta: 0:39:24  lr: 0.000100  loss: 0.2982 (0.4612)  loss_near: 0.2022 (0.2762)  loss_rand: 0.0442 (0.0877)  loss_srf: 0.0442 (0.0877)  loss_kl: 0.0380 (0.1463)  loss_grads: 0.7102 (0.8200)  iou: 0.9347 (0.8764)  time: 0.9554  data: 0.0014  max mem: 27709
[18:11:43.722537] Epoch: [0]  [ 8460/10922]  eta: 0:39:05  lr: 0.000100  loss: 0.2979 (0.4608)  loss_near: 0.2024 (0.2760)  loss_rand: 0.0440 (0.0876)  loss_srf: 0.0440 (0.0876)  loss_kl: 0.0380 (0.1460)  loss_grads: 0.7106 (0.8197)  iou: 0.9346 (0.8766)  time: 0.9552  data: 0.0015  max mem: 27709
[18:12:02.827528] Epoch: [0]  [ 8480/10922]  eta: 0:38:46  lr: 0.000100  loss: 0.2975 (0.4604)  loss_near: 0.2018 (0.2758)  loss_rand: 0.0439 (0.0875)  loss_srf: 0.0439 (0.0875)  loss_kl: 0.0378 (0.1458)  loss_grads: 0.7134 (0.8195)  iou: 0.9348 (0.8767)  time: 0.9552  data: 0.0014  max mem: 27709
[18:12:21.917603] Epoch: [0]  [ 8500/10922]  eta: 0:38:27  lr: 0.000100  loss: 0.2976 (0.4600)  loss_near: 0.2018 (0.2756)  loss_rand: 0.0442 (0.0874)  loss_srf: 0.0442 (0.0874)  loss_kl: 0.0377 (0.1455)  loss_grads: 0.7080 (0.8192)  iou: 0.9350 (0.8768)  time: 0.9544  data: 0.0015  max mem: 27709
[18:12:41.008855] Epoch: [0]  [ 8520/10922]  eta: 0:38:08  lr: 0.000100  loss: 0.2976 (0.4596)  loss_near: 0.2022 (0.2755)  loss_rand: 0.0440 (0.0873)  loss_srf: 0.0440 (0.0873)  loss_kl: 0.0377 (0.1453)  loss_grads: 0.7104 (0.8190)  iou: 0.9347 (0.8770)  time: 0.9545  data: 0.0013  max mem: 27709
[18:13:00.097759] Epoch: [0]  [ 8540/10922]  eta: 0:37:49  lr: 0.000100  loss: 0.2974 (0.4593)  loss_near: 0.2017 (0.2753)  loss_rand: 0.0440 (0.0872)  loss_srf: 0.0440 (0.0872)  loss_kl: 0.0376 (0.1450)  loss_grads: 0.7088 (0.8187)  iou: 0.9349 (0.8771)  time: 0.9544  data: 0.0013  max mem: 27709
[18:13:19.193255] Epoch: [0]  [ 8560/10922]  eta: 0:37:30  lr: 0.000100  loss: 0.2975 (0.4589)  loss_near: 0.2031 (0.2751)  loss_rand: 0.0434 (0.0871)  loss_srf: 0.0434 (0.0871)  loss_kl: 0.0375 (0.1448)  loss_grads: 0.7072 (0.8184)  iou: 0.9341 (0.8772)  time: 0.9547  data: 0.0015  max mem: 27709
[18:13:38.268092] Epoch: [0]  [ 8580/10922]  eta: 0:37:11  lr: 0.000100  loss: 0.2983 (0.4585)  loss_near: 0.2014 (0.2749)  loss_rand: 0.0445 (0.0870)  loss_srf: 0.0445 (0.0870)  loss_kl: 0.0375 (0.1445)  loss_grads: 0.7095 (0.8182)  iou: 0.9353 (0.8774)  time: 0.9537  data: 0.0014  max mem: 27709
[18:13:57.329945] Epoch: [0]  [ 8600/10922]  eta: 0:36:52  lr: 0.000100  loss: 0.2977 (0.4581)  loss_near: 0.2023 (0.2748)  loss_rand: 0.0440 (0.0869)  loss_srf: 0.0440 (0.0869)  loss_kl: 0.0375 (0.1443)  loss_grads: 0.7061 (0.8179)  iou: 0.9344 (0.8775)  time: 0.9530  data: 0.0014  max mem: 27709
[18:14:16.393339] Epoch: [0]  [ 8620/10922]  eta: 0:36:33  lr: 0.000100  loss: 0.2970 (0.4578)  loss_near: 0.2015 (0.2746)  loss_rand: 0.0441 (0.0868)  loss_srf: 0.0441 (0.0868)  loss_kl: 0.0373 (0.1440)  loss_grads: 0.7054 (0.8177)  iou: 0.9353 (0.8777)  time: 0.9531  data: 0.0016  max mem: 27709
[18:14:35.464902] Epoch: [0]  [ 8640/10922]  eta: 0:36:14  lr: 0.000100  loss: 0.2972 (0.4574)  loss_near: 0.2024 (0.2744)  loss_rand: 0.0436 (0.0867)  loss_srf: 0.0436 (0.0867)  loss_kl: 0.0373 (0.1438)  loss_grads: 0.7078 (0.8174)  iou: 0.9345 (0.8778)  time: 0.9535  data: 0.0015  max mem: 27709
[18:14:54.537475] Epoch: [0]  [ 8660/10922]  eta: 0:35:55  lr: 0.000100  loss: 0.2974 (0.4570)  loss_near: 0.2016 (0.2743)  loss_rand: 0.0441 (0.0866)  loss_srf: 0.0441 (0.0866)  loss_kl: 0.0371 (0.1435)  loss_grads: 0.7060 (0.8172)  iou: 0.9349 (0.8779)  time: 0.9536  data: 0.0013  max mem: 27709
[18:15:13.609369] Epoch: [0]  [ 8680/10922]  eta: 0:35:36  lr: 0.000100  loss: 0.2966 (0.4567)  loss_near: 0.2016 (0.2741)  loss_rand: 0.0439 (0.0865)  loss_srf: 0.0439 (0.0865)  loss_kl: 0.0370 (0.1433)  loss_grads: 0.7036 (0.8169)  iou: 0.9347 (0.8780)  time: 0.9535  data: 0.0014  max mem: 27709
[18:15:32.686312] Epoch: [0]  [ 8700/10922]  eta: 0:35:17  lr: 0.000100  loss: 0.2975 (0.4563)  loss_near: 0.2015 (0.2739)  loss_rand: 0.0442 (0.0864)  loss_srf: 0.0442 (0.0864)  loss_kl: 0.0371 (0.1430)  loss_grads: 0.7051 (0.8166)  iou: 0.9348 (0.8782)  time: 0.9538  data: 0.0015  max mem: 27709
[18:15:51.780239] Epoch: [0]  [ 8720/10922]  eta: 0:34:58  lr: 0.000100  loss: 0.2976 (0.4559)  loss_near: 0.2026 (0.2738)  loss_rand: 0.0438 (0.0863)  loss_srf: 0.0438 (0.0863)  loss_kl: 0.0369 (0.1428)  loss_grads: 0.7062 (0.8164)  iou: 0.9342 (0.8783)  time: 0.9546  data: 0.0015  max mem: 27709
[18:16:10.862733] Epoch: [0]  [ 8740/10922]  eta: 0:34:39  lr: 0.000100  loss: 0.2979 (0.4556)  loss_near: 0.2015 (0.2736)  loss_rand: 0.0443 (0.0862)  loss_srf: 0.0443 (0.0862)  loss_kl: 0.0367 (0.1426)  loss_grads: 0.7041 (0.8161)  iou: 0.9352 (0.8784)  time: 0.9541  data: 0.0014  max mem: 27709
[18:16:29.954666] Epoch: [0]  [ 8760/10922]  eta: 0:34:20  lr: 0.000100  loss: 0.2962 (0.4552)  loss_near: 0.2021 (0.2735)  loss_rand: 0.0435 (0.0861)  loss_srf: 0.0435 (0.0861)  loss_kl: 0.0369 (0.1423)  loss_grads: 0.7023 (0.8159)  iou: 0.9344 (0.8786)  time: 0.9545  data: 0.0013  max mem: 27709
[18:16:49.035726] Epoch: [0]  [ 8780/10922]  eta: 0:34:01  lr: 0.000100  loss: 0.2969 (0.4548)  loss_near: 0.2011 (0.2733)  loss_rand: 0.0442 (0.0860)  loss_srf: 0.0442 (0.0860)  loss_kl: 0.0366 (0.1421)  loss_grads: 0.7039 (0.8156)  iou: 0.9350 (0.8787)  time: 0.9540  data: 0.0014  max mem: 27709
[18:17:08.244990] Epoch: [0]  [ 8800/10922]  eta: 0:33:42  lr: 0.000100  loss: 0.2974 (0.4545)  loss_near: 0.2029 (0.2731)  loss_rand: 0.0436 (0.0859)  loss_srf: 0.0436 (0.0859)  loss_kl: 0.0367 (0.1418)  loss_grads: 0.7019 (0.8154)  iou: 0.9342 (0.8788)  time: 0.9604  data: 0.0014  max mem: 27709
[18:17:27.322791] Epoch: [0]  [ 8820/10922]  eta: 0:33:22  lr: 0.000100  loss: 0.2973 (0.4541)  loss_near: 0.2015 (0.2730)  loss_rand: 0.0444 (0.0858)  loss_srf: 0.0444 (0.0858)  loss_kl: 0.0364 (0.1416)  loss_grads: 0.7023 (0.8151)  iou: 0.9352 (0.8789)  time: 0.9538  data: 0.0014  max mem: 27709
[18:17:46.393820] Epoch: [0]  [ 8840/10922]  eta: 0:33:03  lr: 0.000100  loss: 0.2964 (0.4538)  loss_near: 0.2018 (0.2728)  loss_rand: 0.0437 (0.0857)  loss_srf: 0.0437 (0.0857)  loss_kl: 0.0364 (0.1414)  loss_grads: 0.7015 (0.8148)  iou: 0.9345 (0.8791)  time: 0.9535  data: 0.0016  max mem: 27709
[18:18:05.471436] Epoch: [0]  [ 8860/10922]  eta: 0:32:44  lr: 0.000100  loss: 0.2959 (0.4534)  loss_near: 0.2012 (0.2726)  loss_rand: 0.0437 (0.0856)  loss_srf: 0.0437 (0.0856)  loss_kl: 0.0362 (0.1411)  loss_grads: 0.6996 (0.8146)  iou: 0.9348 (0.8792)  time: 0.9538  data: 0.0015  max mem: 27709
[18:18:24.550738] Epoch: [0]  [ 8880/10922]  eta: 0:32:25  lr: 0.000100  loss: 0.2965 (0.4531)  loss_near: 0.2022 (0.2725)  loss_rand: 0.0436 (0.0855)  loss_srf: 0.0436 (0.0855)  loss_kl: 0.0361 (0.1409)  loss_grads: 0.7025 (0.8143)  iou: 0.9345 (0.8793)  time: 0.9539  data: 0.0015  max mem: 27709
[18:18:43.610280] Epoch: [0]  [ 8900/10922]  eta: 0:32:06  lr: 0.000100  loss: 0.2964 (0.4527)  loss_near: 0.2012 (0.2723)  loss_rand: 0.0439 (0.0854)  loss_srf: 0.0439 (0.0854)  loss_kl: 0.0359 (0.1406)  loss_grads: 0.7008 (0.8141)  iou: 0.9352 (0.8794)  time: 0.9529  data: 0.0014  max mem: 27709
[18:19:02.655118] Epoch: [0]  [ 8920/10922]  eta: 0:31:47  lr: 0.000100  loss: 0.2960 (0.4524)  loss_near: 0.2018 (0.2722)  loss_rand: 0.0436 (0.0853)  loss_srf: 0.0436 (0.0853)  loss_kl: 0.0358 (0.1404)  loss_grads: 0.7021 (0.8138)  iou: 0.9345 (0.8796)  time: 0.9522  data: 0.0014  max mem: 27709
[18:19:21.710558] Epoch: [0]  [ 8940/10922]  eta: 0:31:28  lr: 0.000100  loss: 0.2960 (0.4520)  loss_near: 0.2011 (0.2720)  loss_rand: 0.0438 (0.0852)  loss_srf: 0.0438 (0.0852)  loss_kl: 0.0357 (0.1402)  loss_grads: 0.6988 (0.8136)  iou: 0.9348 (0.8797)  time: 0.9527  data: 0.0015  max mem: 27709
[18:19:40.784838] Epoch: [0]  [ 8960/10922]  eta: 0:31:09  lr: 0.000100  loss: 0.2965 (0.4517)  loss_near: 0.2022 (0.2718)  loss_rand: 0.0436 (0.0851)  loss_srf: 0.0436 (0.0851)  loss_kl: 0.0354 (0.1399)  loss_grads: 0.7004 (0.8133)  iou: 0.9343 (0.8798)  time: 0.9537  data: 0.0016  max mem: 27709
[18:19:59.832508] Epoch: [0]  [ 8980/10922]  eta: 0:30:50  lr: 0.000100  loss: 0.2964 (0.4513)  loss_near: 0.2010 (0.2717)  loss_rand: 0.0437 (0.0850)  loss_srf: 0.0437 (0.0850)  loss_kl: 0.0353 (0.1397)  loss_grads: 0.7011 (0.8131)  iou: 0.9353 (0.8799)  time: 0.9523  data: 0.0015  max mem: 27709
[18:20:18.885848] Epoch: [0]  [ 9000/10922]  eta: 0:30:31  lr: 0.000100  loss: 0.2954 (0.4510)  loss_near: 0.2019 (0.2715)  loss_rand: 0.0431 (0.0850)  loss_srf: 0.0431 (0.0850)  loss_kl: 0.0351 (0.1395)  loss_grads: 0.6981 (0.8128)  iou: 0.9345 (0.8801)  time: 0.9526  data: 0.0015  max mem: 27709
[18:20:37.939406] Epoch: [0]  [ 9020/10922]  eta: 0:30:12  lr: 0.000100  loss: 0.2966 (0.4506)  loss_near: 0.2012 (0.2714)  loss_rand: 0.0439 (0.0849)  loss_srf: 0.0439 (0.0849)  loss_kl: 0.0350 (0.1392)  loss_grads: 0.6964 (0.8126)  iou: 0.9349 (0.8802)  time: 0.9526  data: 0.0015  max mem: 27709
[18:20:57.009875] Epoch: [0]  [ 9040/10922]  eta: 0:29:53  lr: 0.000100  loss: 0.2963 (0.4503)  loss_near: 0.2024 (0.2712)  loss_rand: 0.0432 (0.0848)  loss_srf: 0.0432 (0.0848)  loss_kl: 0.0347 (0.1390)  loss_grads: 0.6986 (0.8123)  iou: 0.9343 (0.8803)  time: 0.9535  data: 0.0015  max mem: 27709
[18:21:16.068111] Epoch: [0]  [ 9060/10922]  eta: 0:29:34  lr: 0.000100  loss: 0.2958 (0.4499)  loss_near: 0.2013 (0.2711)  loss_rand: 0.0437 (0.0847)  loss_srf: 0.0437 (0.0847)  loss_kl: 0.0347 (0.1388)  loss_grads: 0.6975 (0.8120)  iou: 0.9349 (0.8804)  time: 0.9529  data: 0.0015  max mem: 27709
[18:21:35.129213] Epoch: [0]  [ 9080/10922]  eta: 0:29:15  lr: 0.000100  loss: 0.2961 (0.4496)  loss_near: 0.2018 (0.2709)  loss_rand: 0.0435 (0.0846)  loss_srf: 0.0435 (0.0846)  loss_kl: 0.0346 (0.1386)  loss_grads: 0.6973 (0.8118)  iou: 0.9346 (0.8805)  time: 0.9530  data: 0.0014  max mem: 27709
[18:21:54.169293] Epoch: [0]  [ 9100/10922]  eta: 0:28:56  lr: 0.000100  loss: 0.2962 (0.4493)  loss_near: 0.2015 (0.2708)  loss_rand: 0.0439 (0.0845)  loss_srf: 0.0439 (0.0845)  loss_kl: 0.0345 (0.1383)  loss_grads: 0.6965 (0.8115)  iou: 0.9349 (0.8807)  time: 0.9520  data: 0.0015  max mem: 27709
[18:22:13.221225] Epoch: [0]  [ 9120/10922]  eta: 0:28:37  lr: 0.000100  loss: 0.2961 (0.4489)  loss_near: 0.2013 (0.2706)  loss_rand: 0.0435 (0.0844)  loss_srf: 0.0435 (0.0844)  loss_kl: 0.0345 (0.1381)  loss_grads: 0.6953 (0.8113)  iou: 0.9345 (0.8808)  time: 0.9525  data: 0.0014  max mem: 27709
[18:22:32.256158] Epoch: [0]  [ 9140/10922]  eta: 0:28:18  lr: 0.000100  loss: 0.2955 (0.4486)  loss_near: 0.2012 (0.2705)  loss_rand: 0.0433 (0.0843)  loss_srf: 0.0433 (0.0843)  loss_kl: 0.0345 (0.1379)  loss_grads: 0.6950 (0.8110)  iou: 0.9346 (0.8809)  time: 0.9517  data: 0.0013  max mem: 27709
[18:22:51.295549] Epoch: [0]  [ 9160/10922]  eta: 0:27:59  lr: 0.000100  loss: 0.2958 (0.4483)  loss_near: 0.2014 (0.2703)  loss_rand: 0.0436 (0.0842)  loss_srf: 0.0436 (0.0842)  loss_kl: 0.0344 (0.1376)  loss_grads: 0.6955 (0.8108)  iou: 0.9348 (0.8810)  time: 0.9519  data: 0.0013  max mem: 27709
[18:23:10.349521] Epoch: [0]  [ 9180/10922]  eta: 0:27:39  lr: 0.000100  loss: 0.2954 (0.4479)  loss_near: 0.2009 (0.2702)  loss_rand: 0.0435 (0.0841)  loss_srf: 0.0435 (0.0841)  loss_kl: 0.0343 (0.1374)  loss_grads: 0.6948 (0.8105)  iou: 0.9347 (0.8811)  time: 0.9526  data: 0.0013  max mem: 27709
[18:23:29.404813] Epoch: [0]  [ 9200/10922]  eta: 0:27:20  lr: 0.000100  loss: 0.2949 (0.4476)  loss_near: 0.2011 (0.2700)  loss_rand: 0.0432 (0.0841)  loss_srf: 0.0432 (0.0841)  loss_kl: 0.0343 (0.1372)  loss_grads: 0.6929 (0.8103)  iou: 0.9346 (0.8812)  time: 0.9527  data: 0.0014  max mem: 27709
[18:23:48.451071] Epoch: [0]  [ 9220/10922]  eta: 0:27:01  lr: 0.000100  loss: 0.2955 (0.4473)  loss_near: 0.2015 (0.2699)  loss_rand: 0.0434 (0.0840)  loss_srf: 0.0434 (0.0840)  loss_kl: 0.0341 (0.1370)  loss_grads: 0.6940 (0.8100)  iou: 0.9345 (0.8814)  time: 0.9523  data: 0.0015  max mem: 27709
[18:24:07.498045] Epoch: [0]  [ 9240/10922]  eta: 0:26:42  lr: 0.000100  loss: 0.2955 (0.4469)  loss_near: 0.2011 (0.2697)  loss_rand: 0.0435 (0.0839)  loss_srf: 0.0435 (0.0839)  loss_kl: 0.0341 (0.1368)  loss_grads: 0.6917 (0.8098)  iou: 0.9348 (0.8815)  time: 0.9523  data: 0.0013  max mem: 27709
[18:24:26.552576] Epoch: [0]  [ 9260/10922]  eta: 0:26:23  lr: 0.000100  loss: 0.2950 (0.4466)  loss_near: 0.2013 (0.2696)  loss_rand: 0.0432 (0.0838)  loss_srf: 0.0432 (0.0838)  loss_kl: 0.0339 (0.1365)  loss_grads: 0.6920 (0.8095)  iou: 0.9346 (0.8816)  time: 0.9527  data: 0.0015  max mem: 27709
[18:24:45.606640] Epoch: [0]  [ 9280/10922]  eta: 0:26:04  lr: 0.000100  loss: 0.2953 (0.4463)  loss_near: 0.2006 (0.2694)  loss_rand: 0.0437 (0.0837)  loss_srf: 0.0437 (0.0837)  loss_kl: 0.0338 (0.1363)  loss_grads: 0.6917 (0.8093)  iou: 0.9350 (0.8817)  time: 0.9526  data: 0.0013  max mem: 27709
[18:25:04.645961] Epoch: [0]  [ 9300/10922]  eta: 0:25:45  lr: 0.000100  loss: 0.2954 (0.4460)  loss_near: 0.2015 (0.2693)  loss_rand: 0.0433 (0.0836)  loss_srf: 0.0433 (0.0836)  loss_kl: 0.0338 (0.1361)  loss_grads: 0.6896 (0.8090)  iou: 0.9344 (0.8818)  time: 0.9519  data: 0.0014  max mem: 27709
[18:25:23.697990] Epoch: [0]  [ 9320/10922]  eta: 0:25:26  lr: 0.000100  loss: 0.2946 (0.4456)  loss_near: 0.2006 (0.2691)  loss_rand: 0.0434 (0.0835)  loss_srf: 0.0434 (0.0835)  loss_kl: 0.0336 (0.1359)  loss_grads: 0.6894 (0.8088)  iou: 0.9349 (0.8819)  time: 0.9525  data: 0.0014  max mem: 27709
[18:25:42.747900] Epoch: [0]  [ 9340/10922]  eta: 0:25:07  lr: 0.000100  loss: 0.2950 (0.4453)  loss_near: 0.2014 (0.2690)  loss_rand: 0.0431 (0.0834)  loss_srf: 0.0431 (0.0834)  loss_kl: 0.0335 (0.1357)  loss_grads: 0.6903 (0.8085)  iou: 0.9344 (0.8820)  time: 0.9524  data: 0.0015  max mem: 27709
[18:26:01.806312] Epoch: [0]  [ 9360/10922]  eta: 0:24:48  lr: 0.000100  loss: 0.2959 (0.4450)  loss_near: 0.2009 (0.2688)  loss_rand: 0.0438 (0.0834)  loss_srf: 0.0438 (0.0834)  loss_kl: 0.0333 (0.1354)  loss_grads: 0.6886 (0.8082)  iou: 0.9350 (0.8822)  time: 0.9529  data: 0.0015  max mem: 27709
[18:26:20.855983] Epoch: [0]  [ 9380/10922]  eta: 0:24:29  lr: 0.000100  loss: 0.2952 (0.4447)  loss_near: 0.2017 (0.2687)  loss_rand: 0.0432 (0.0833)  loss_srf: 0.0432 (0.0833)  loss_kl: 0.0333 (0.1352)  loss_grads: 0.6904 (0.8080)  iou: 0.9344 (0.8823)  time: 0.9524  data: 0.0015  max mem: 27709
[18:26:39.904219] Epoch: [0]  [ 9400/10922]  eta: 0:24:10  lr: 0.000100  loss: 0.2949 (0.4444)  loss_near: 0.2006 (0.2686)  loss_rand: 0.0436 (0.0832)  loss_srf: 0.0436 (0.0832)  loss_kl: 0.0331 (0.1350)  loss_grads: 0.6885 (0.8077)  iou: 0.9349 (0.8824)  time: 0.9524  data: 0.0015  max mem: 27709
[18:26:58.964027] Epoch: [0]  [ 9420/10922]  eta: 0:23:51  lr: 0.000100  loss: 0.2946 (0.4440)  loss_near: 0.2016 (0.2684)  loss_rand: 0.0428 (0.0831)  loss_srf: 0.0428 (0.0831)  loss_kl: 0.0329 (0.1348)  loss_grads: 0.6890 (0.8075)  iou: 0.9344 (0.8825)  time: 0.9529  data: 0.0014  max mem: 27709
[18:27:18.024154] Epoch: [0]  [ 9440/10922]  eta: 0:23:32  lr: 0.000100  loss: 0.2952 (0.4437)  loss_near: 0.2006 (0.2683)  loss_rand: 0.0436 (0.0830)  loss_srf: 0.0436 (0.0830)  loss_kl: 0.0328 (0.1346)  loss_grads: 0.6878 (0.8072)  iou: 0.9352 (0.8826)  time: 0.9529  data: 0.0014  max mem: 27709
[18:27:37.075108] Epoch: [0]  [ 9460/10922]  eta: 0:23:13  lr: 0.000100  loss: 0.2947 (0.4434)  loss_near: 0.2013 (0.2681)  loss_rand: 0.0431 (0.0829)  loss_srf: 0.0431 (0.0829)  loss_kl: 0.0328 (0.1343)  loss_grads: 0.6878 (0.8070)  iou: 0.9342 (0.8827)  time: 0.9525  data: 0.0015  max mem: 27709
[18:27:56.130839] Epoch: [0]  [ 9480/10922]  eta: 0:22:54  lr: 0.000100  loss: 0.2947 (0.4431)  loss_near: 0.2006 (0.2680)  loss_rand: 0.0434 (0.0829)  loss_srf: 0.0434 (0.0829)  loss_kl: 0.0326 (0.1341)  loss_grads: 0.6883 (0.8067)  iou: 0.9349 (0.8828)  time: 0.9527  data: 0.0015  max mem: 27709
[18:28:15.180982] Epoch: [0]  [ 9500/10922]  eta: 0:22:35  lr: 0.000100  loss: 0.2948 (0.4428)  loss_near: 0.2019 (0.2678)  loss_rand: 0.0430 (0.0828)  loss_srf: 0.0430 (0.0828)  loss_kl: 0.0325 (0.1339)  loss_grads: 0.6849 (0.8065)  iou: 0.9344 (0.8829)  time: 0.9525  data: 0.0015  max mem: 27709
[18:28:34.246548] Epoch: [0]  [ 9520/10922]  eta: 0:22:15  lr: 0.000100  loss: 0.2957 (0.4425)  loss_near: 0.2005 (0.2677)  loss_rand: 0.0440 (0.0827)  loss_srf: 0.0440 (0.0827)  loss_kl: 0.0325 (0.1337)  loss_grads: 0.6861 (0.8062)  iou: 0.9354 (0.8830)  time: 0.9532  data: 0.0015  max mem: 27709
[18:28:53.311324] Epoch: [0]  [ 9540/10922]  eta: 0:21:56  lr: 0.000100  loss: 0.2947 (0.4422)  loss_near: 0.2010 (0.2676)  loss_rand: 0.0433 (0.0826)  loss_srf: 0.0433 (0.0826)  loss_kl: 0.0323 (0.1335)  loss_grads: 0.6852 (0.8060)  iou: 0.9340 (0.8832)  time: 0.9532  data: 0.0015  max mem: 27709
[18:29:12.364076] Epoch: [0]  [ 9560/10922]  eta: 0:21:37  lr: 0.000100  loss: 0.2944 (0.4419)  loss_near: 0.2006 (0.2674)  loss_rand: 0.0432 (0.0825)  loss_srf: 0.0432 (0.0825)  loss_kl: 0.0321 (0.1333)  loss_grads: 0.6849 (0.8057)  iou: 0.9347 (0.8833)  time: 0.9526  data: 0.0015  max mem: 27709
[18:29:31.409684] Epoch: [0]  [ 9580/10922]  eta: 0:21:18  lr: 0.000100  loss: 0.2944 (0.4415)  loss_near: 0.2012 (0.2673)  loss_rand: 0.0429 (0.0824)  loss_srf: 0.0429 (0.0824)  loss_kl: 0.0320 (0.1331)  loss_grads: 0.6863 (0.8055)  iou: 0.9345 (0.8834)  time: 0.9522  data: 0.0015  max mem: 27709
[18:29:50.462697] Epoch: [0]  [ 9600/10922]  eta: 0:20:59  lr: 0.000100  loss: 0.2941 (0.4412)  loss_near: 0.2005 (0.2671)  loss_rand: 0.0432 (0.0824)  loss_srf: 0.0432 (0.0824)  loss_kl: 0.0320 (0.1329)  loss_grads: 0.6847 (0.8052)  iou: 0.9348 (0.8835)  time: 0.9526  data: 0.0015  max mem: 27709
[18:30:09.522121] Epoch: [0]  [ 9620/10922]  eta: 0:20:40  lr: 0.000100  loss: 0.2934 (0.4409)  loss_near: 0.2006 (0.2670)  loss_rand: 0.0429 (0.0823)  loss_srf: 0.0429 (0.0823)  loss_kl: 0.0318 (0.1327)  loss_grads: 0.6853 (0.8050)  iou: 0.9346 (0.8836)  time: 0.9529  data: 0.0015  max mem: 27709
[18:30:28.576927] Epoch: [0]  [ 9640/10922]  eta: 0:20:21  lr: 0.000100  loss: 0.2939 (0.4406)  loss_near: 0.2006 (0.2669)  loss_rand: 0.0430 (0.0822)  loss_srf: 0.0430 (0.0822)  loss_kl: 0.0317 (0.1324)  loss_grads: 0.6847 (0.8047)  iou: 0.9347 (0.8837)  time: 0.9527  data: 0.0015  max mem: 27709
[18:30:47.635194] Epoch: [0]  [ 9660/10922]  eta: 0:20:02  lr: 0.000100  loss: 0.2939 (0.4403)  loss_near: 0.2007 (0.2667)  loss_rand: 0.0431 (0.0821)  loss_srf: 0.0431 (0.0821)  loss_kl: 0.0315 (0.1322)  loss_grads: 0.6867 (0.8045)  iou: 0.9345 (0.8838)  time: 0.9529  data: 0.0016  max mem: 27709
[18:31:06.707551] Epoch: [0]  [ 9680/10922]  eta: 0:19:43  lr: 0.000100  loss: 0.2939 (0.4400)  loss_near: 0.2006 (0.2666)  loss_rand: 0.0430 (0.0820)  loss_srf: 0.0430 (0.0820)  loss_kl: 0.0315 (0.1320)  loss_grads: 0.6835 (0.8042)  iou: 0.9348 (0.8839)  time: 0.9536  data: 0.0016  max mem: 27709
[18:31:25.765068] Epoch: [0]  [ 9700/10922]  eta: 0:19:24  lr: 0.000100  loss: 0.2935 (0.4397)  loss_near: 0.2004 (0.2665)  loss_rand: 0.0429 (0.0820)  loss_srf: 0.0429 (0.0820)  loss_kl: 0.0313 (0.1318)  loss_grads: 0.6841 (0.8040)  iou: 0.9346 (0.8840)  time: 0.9528  data: 0.0014  max mem: 27709
[18:31:44.815461] Epoch: [0]  [ 9720/10922]  eta: 0:19:05  lr: 0.000100  loss: 0.2937 (0.4394)  loss_near: 0.2005 (0.2663)  loss_rand: 0.0430 (0.0819)  loss_srf: 0.0430 (0.0819)  loss_kl: 0.0312 (0.1316)  loss_grads: 0.6826 (0.8037)  iou: 0.9346 (0.8841)  time: 0.9525  data: 0.0015  max mem: 27709
[18:32:03.879177] Epoch: [0]  [ 9740/10922]  eta: 0:18:46  lr: 0.000100  loss: 0.2939 (0.4391)  loss_near: 0.2008 (0.2662)  loss_rand: 0.0430 (0.0818)  loss_srf: 0.0430 (0.0818)  loss_kl: 0.0311 (0.1314)  loss_grads: 0.6835 (0.8035)  iou: 0.9345 (0.8842)  time: 0.9531  data: 0.0015  max mem: 27709
[18:32:22.939912] Epoch: [0]  [ 9760/10922]  eta: 0:18:27  lr: 0.000100  loss: 0.2940 (0.4388)  loss_near: 0.2003 (0.2661)  loss_rand: 0.0433 (0.0817)  loss_srf: 0.0433 (0.0817)  loss_kl: 0.0309 (0.1312)  loss_grads: 0.6806 (0.8032)  iou: 0.9346 (0.8843)  time: 0.9530  data: 0.0015  max mem: 27709
[18:32:41.990558] Epoch: [0]  [ 9780/10922]  eta: 0:18:08  lr: 0.000100  loss: 0.2939 (0.4385)  loss_near: 0.2006 (0.2659)  loss_rand: 0.0431 (0.0816)  loss_srf: 0.0431 (0.0816)  loss_kl: 0.0309 (0.1310)  loss_grads: 0.6815 (0.8030)  iou: 0.9346 (0.8844)  time: 0.9525  data: 0.0014  max mem: 27709
[18:33:01.038074] Epoch: [0]  [ 9800/10922]  eta: 0:17:49  lr: 0.000100  loss: 0.2940 (0.4382)  loss_near: 0.2006 (0.2658)  loss_rand: 0.0431 (0.0816)  loss_srf: 0.0431 (0.0816)  loss_kl: 0.0307 (0.1308)  loss_grads: 0.6793 (0.8027)  iou: 0.9347 (0.8845)  time: 0.9523  data: 0.0015  max mem: 27709
[18:33:20.083686] Epoch: [0]  [ 9820/10922]  eta: 0:17:30  lr: 0.000100  loss: 0.2936 (0.4379)  loss_near: 0.2007 (0.2657)  loss_rand: 0.0429 (0.0815)  loss_srf: 0.0429 (0.0815)  loss_kl: 0.0307 (0.1306)  loss_grads: 0.6794 (0.8025)  iou: 0.9346 (0.8846)  time: 0.9522  data: 0.0016  max mem: 27709
[18:33:39.146312] Epoch: [0]  [ 9840/10922]  eta: 0:17:11  lr: 0.000100  loss: 0.2934 (0.4376)  loss_near: 0.2003 (0.2655)  loss_rand: 0.0429 (0.0814)  loss_srf: 0.0429 (0.0814)  loss_kl: 0.0306 (0.1304)  loss_grads: 0.6798 (0.8022)  iou: 0.9350 (0.8847)  time: 0.9531  data: 0.0013  max mem: 27709
[18:33:58.198829] Epoch: [0]  [ 9860/10922]  eta: 0:16:51  lr: 0.000100  loss: 0.2934 (0.4374)  loss_near: 0.2004 (0.2654)  loss_rand: 0.0429 (0.0813)  loss_srf: 0.0429 (0.0813)  loss_kl: 0.0306 (0.1302)  loss_grads: 0.6782 (0.8020)  iou: 0.9343 (0.8848)  time: 0.9526  data: 0.0014  max mem: 27709
[18:34:17.253892] Epoch: [0]  [ 9880/10922]  eta: 0:16:32  lr: 0.000100  loss: 0.2934 (0.4371)  loss_near: 0.2002 (0.2653)  loss_rand: 0.0432 (0.0812)  loss_srf: 0.0432 (0.0812)  loss_kl: 0.0304 (0.1300)  loss_grads: 0.6789 (0.8017)  iou: 0.9347 (0.8849)  time: 0.9527  data: 0.0014  max mem: 27709
[18:34:36.306590] Epoch: [0]  [ 9900/10922]  eta: 0:16:13  lr: 0.000100  loss: 0.2931 (0.4368)  loss_near: 0.2004 (0.2651)  loss_rand: 0.0428 (0.0812)  loss_srf: 0.0428 (0.0812)  loss_kl: 0.0304 (0.1298)  loss_grads: 0.6789 (0.8015)  iou: 0.9346 (0.8850)  time: 0.9526  data: 0.0014  max mem: 27709
[18:34:55.360810] Epoch: [0]  [ 9920/10922]  eta: 0:15:54  lr: 0.000100  loss: 0.2932 (0.4365)  loss_near: 0.2005 (0.2650)  loss_rand: 0.0428 (0.0811)  loss_srf: 0.0428 (0.0811)  loss_kl: 0.0303 (0.1296)  loss_grads: 0.6765 (0.8012)  iou: 0.9346 (0.8851)  time: 0.9527  data: 0.0015  max mem: 27709
[18:35:14.403915] Epoch: [0]  [ 9940/10922]  eta: 0:15:35  lr: 0.000100  loss: 0.2927 (0.4362)  loss_near: 0.2002 (0.2649)  loss_rand: 0.0428 (0.0810)  loss_srf: 0.0428 (0.0810)  loss_kl: 0.0303 (0.1294)  loss_grads: 0.6770 (0.8010)  iou: 0.9347 (0.8852)  time: 0.9521  data: 0.0014  max mem: 27709
[18:35:33.465548] Epoch: [0]  [ 9960/10922]  eta: 0:15:16  lr: 0.000100  loss: 0.2933 (0.4359)  loss_near: 0.2001 (0.2647)  loss_rand: 0.0430 (0.0809)  loss_srf: 0.0430 (0.0809)  loss_kl: 0.0302 (0.1292)  loss_grads: 0.6764 (0.8007)  iou: 0.9345 (0.8853)  time: 0.9530  data: 0.0014  max mem: 27709
[18:35:52.514485] Epoch: [0]  [ 9980/10922]  eta: 0:14:57  lr: 0.000100  loss: 0.2932 (0.4356)  loss_near: 0.2004 (0.2646)  loss_rand: 0.0427 (0.0809)  loss_srf: 0.0427 (0.0809)  loss_kl: 0.0301 (0.1290)  loss_grads: 0.6754 (0.8005)  iou: 0.9344 (0.8854)  time: 0.9524  data: 0.0015  max mem: 27709
[18:36:11.567851] Epoch: [0]  [10000/10922]  eta: 0:14:38  lr: 0.000100  loss: 0.2937 (0.4353)  loss_near: 0.2001 (0.2645)  loss_rand: 0.0433 (0.0808)  loss_srf: 0.0433 (0.0808)  loss_kl: 0.0301 (0.1288)  loss_grads: 0.6775 (0.8002)  iou: 0.9351 (0.8855)  time: 0.9526  data: 0.0014  max mem: 27709
[18:36:30.616383] Epoch: [0]  [10020/10922]  eta: 0:14:19  lr: 0.000100  loss: 0.2949 (0.4351)  loss_near: 0.2016 (0.2644)  loss_rand: 0.0431 (0.0807)  loss_srf: 0.0431 (0.0807)  loss_kl: 0.0300 (0.1286)  loss_grads: 0.6762 (0.8000)  iou: 0.9338 (0.8856)  time: 0.9524  data: 0.0014  max mem: 27709
[18:36:49.668280] Epoch: [0]  [10040/10922]  eta: 0:14:00  lr: 0.000100  loss: 0.2947 (0.4348)  loss_near: 0.2007 (0.2642)  loss_rand: 0.0436 (0.0806)  loss_srf: 0.0436 (0.0806)  loss_kl: 0.0299 (0.1284)  loss_grads: 0.6766 (0.7997)  iou: 0.9349 (0.8857)  time: 0.9525  data: 0.0015  max mem: 27709
[18:37:08.727396] Epoch: [0]  [10060/10922]  eta: 0:13:41  lr: 0.000100  loss: 0.2938 (0.4345)  loss_near: 0.2008 (0.2641)  loss_rand: 0.0430 (0.0806)  loss_srf: 0.0430 (0.0806)  loss_kl: 0.0298 (0.1282)  loss_grads: 0.6760 (0.7995)  iou: 0.9345 (0.8858)  time: 0.9529  data: 0.0017  max mem: 27709
[18:37:27.781603] Epoch: [0]  [10080/10922]  eta: 0:13:22  lr: 0.000100  loss: 0.2935 (0.4342)  loss_near: 0.2001 (0.2640)  loss_rand: 0.0432 (0.0805)  loss_srf: 0.0432 (0.0805)  loss_kl: 0.0297 (0.1280)  loss_grads: 0.6741 (0.7993)  iou: 0.9349 (0.8859)  time: 0.9527  data: 0.0015  max mem: 27709
[18:37:46.835863] Epoch: [0]  [10100/10922]  eta: 0:13:03  lr: 0.000100  loss: 0.2945 (0.4339)  loss_near: 0.2011 (0.2638)  loss_rand: 0.0432 (0.0804)  loss_srf: 0.0432 (0.0804)  loss_kl: 0.0296 (0.1278)  loss_grads: 0.6743 (0.7990)  iou: 0.9338 (0.8860)  time: 0.9527  data: 0.0014  max mem: 27709
[18:38:05.895070] Epoch: [0]  [10120/10922]  eta: 0:12:44  lr: 0.000100  loss: 0.2935 (0.4337)  loss_near: 0.2002 (0.2637)  loss_rand: 0.0432 (0.0803)  loss_srf: 0.0432 (0.0803)  loss_kl: 0.0295 (0.1276)  loss_grads: 0.6743 (0.7988)  iou: 0.9348 (0.8861)  time: 0.9529  data: 0.0014  max mem: 27709
[18:38:24.942601] Epoch: [0]  [10140/10922]  eta: 0:12:25  lr: 0.000100  loss: 0.2930 (0.4334)  loss_near: 0.2006 (0.2636)  loss_rand: 0.0426 (0.0803)  loss_srf: 0.0426 (0.0803)  loss_kl: 0.0294 (0.1274)  loss_grads: 0.6745 (0.7985)  iou: 0.9344 (0.8862)  time: 0.9523  data: 0.0016  max mem: 27709
[18:38:44.003573] Epoch: [0]  [10160/10922]  eta: 0:12:06  lr: 0.000100  loss: 0.2933 (0.4331)  loss_near: 0.2000 (0.2635)  loss_rand: 0.0431 (0.0802)  loss_srf: 0.0431 (0.0802)  loss_kl: 0.0293 (0.1272)  loss_grads: 0.6738 (0.7983)  iou: 0.9352 (0.8863)  time: 0.9530  data: 0.0014  max mem: 27709
[18:39:03.071239] Epoch: [0]  [10180/10922]  eta: 0:11:47  lr: 0.000100  loss: 0.2937 (0.4328)  loss_near: 0.2010 (0.2634)  loss_rand: 0.0428 (0.0801)  loss_srf: 0.0428 (0.0801)  loss_kl: 0.0290 (0.1270)  loss_grads: 0.6740 (0.7980)  iou: 0.9340 (0.8864)  time: 0.9533  data: 0.0015  max mem: 27709
[18:39:22.123376] Epoch: [0]  [10200/10922]  eta: 0:11:27  lr: 0.000100  loss: 0.2936 (0.4326)  loss_near: 0.2001 (0.2632)  loss_rand: 0.0432 (0.0800)  loss_srf: 0.0432 (0.0800)  loss_kl: 0.0290 (0.1268)  loss_grads: 0.6723 (0.7978)  iou: 0.9346 (0.8865)  time: 0.9526  data: 0.0015  max mem: 27709
[18:39:41.174050] Epoch: [0]  [10220/10922]  eta: 0:11:08  lr: 0.000100  loss: 0.2928 (0.4323)  loss_near: 0.2002 (0.2631)  loss_rand: 0.0428 (0.0800)  loss_srf: 0.0428 (0.0800)  loss_kl: 0.0288 (0.1266)  loss_grads: 0.6743 (0.7975)  iou: 0.9342 (0.8866)  time: 0.9525  data: 0.0013  max mem: 27709
[18:40:00.242489] Epoch: [0]  [10240/10922]  eta: 0:10:49  lr: 0.000100  loss: 0.2934 (0.4320)  loss_near: 0.1999 (0.2630)  loss_rand: 0.0432 (0.0799)  loss_srf: 0.0432 (0.0799)  loss_kl: 0.0287 (0.1265)  loss_grads: 0.6745 (0.7973)  iou: 0.9350 (0.8867)  time: 0.9534  data: 0.0014  max mem: 27709
[18:40:19.321047] Epoch: [0]  [10260/10922]  eta: 0:10:30  lr: 0.000100  loss: 0.2931 (0.4318)  loss_near: 0.2008 (0.2629)  loss_rand: 0.0426 (0.0798)  loss_srf: 0.0426 (0.0798)  loss_kl: 0.0286 (0.1263)  loss_grads: 0.6702 (0.7971)  iou: 0.9342 (0.8868)  time: 0.9536  data: 0.0014  max mem: 27709
[18:40:38.374022] Epoch: [0]  [10280/10922]  eta: 0:10:11  lr: 0.000100  loss: 0.2927 (0.4315)  loss_near: 0.1997 (0.2627)  loss_rand: 0.0429 (0.0798)  loss_srf: 0.0429 (0.0798)  loss_kl: 0.0286 (0.1261)  loss_grads: 0.6701 (0.7968)  iou: 0.9347 (0.8869)  time: 0.9526  data: 0.0014  max mem: 27709
[18:40:57.430941] Epoch: [0]  [10300/10922]  eta: 0:09:52  lr: 0.000100  loss: 0.2930 (0.4312)  loss_near: 0.2002 (0.2626)  loss_rand: 0.0427 (0.0797)  loss_srf: 0.0427 (0.0797)  loss_kl: 0.0285 (0.1259)  loss_grads: 0.6703 (0.7966)  iou: 0.9342 (0.8869)  time: 0.9528  data: 0.0015  max mem: 27709
[18:41:16.490295] Epoch: [0]  [10320/10922]  eta: 0:09:33  lr: 0.000100  loss: 0.2933 (0.4309)  loss_near: 0.2000 (0.2625)  loss_rand: 0.0430 (0.0796)  loss_srf: 0.0430 (0.0796)  loss_kl: 0.0284 (0.1257)  loss_grads: 0.6701 (0.7963)  iou: 0.9349 (0.8870)  time: 0.9529  data: 0.0014  max mem: 27709
[18:41:35.547472] Epoch: [0]  [10340/10922]  eta: 0:09:14  lr: 0.000100  loss: 0.2924 (0.4307)  loss_near: 0.2002 (0.2624)  loss_rand: 0.0427 (0.0795)  loss_srf: 0.0427 (0.0795)  loss_kl: 0.0282 (0.1255)  loss_grads: 0.6682 (0.7961)  iou: 0.9343 (0.8871)  time: 0.9528  data: 0.0015  max mem: 27709
[18:41:54.634486] Epoch: [0]  [10360/10922]  eta: 0:08:55  lr: 0.000100  loss: 0.2920 (0.4304)  loss_near: 0.1997 (0.2623)  loss_rand: 0.0428 (0.0795)  loss_srf: 0.0428 (0.0795)  loss_kl: 0.0281 (0.1253)  loss_grads: 0.6688 (0.7958)  iou: 0.9345 (0.8872)  time: 0.9543  data: 0.0015  max mem: 27709
[18:42:13.702490] Epoch: [0]  [10380/10922]  eta: 0:08:36  lr: 0.000100  loss: 0.2922 (0.4301)  loss_near: 0.2001 (0.2621)  loss_rand: 0.0425 (0.0794)  loss_srf: 0.0425 (0.0794)  loss_kl: 0.0280 (0.1251)  loss_grads: 0.6676 (0.7956)  iou: 0.9345 (0.8873)  time: 0.9533  data: 0.0016  max mem: 27709
[18:42:32.779602] Epoch: [0]  [10400/10922]  eta: 0:08:17  lr: 0.000100  loss: 0.2924 (0.4299)  loss_near: 0.1997 (0.2620)  loss_rand: 0.0429 (0.0793)  loss_srf: 0.0429 (0.0793)  loss_kl: 0.0281 (0.1249)  loss_grads: 0.6674 (0.7953)  iou: 0.9346 (0.8874)  time: 0.9538  data: 0.0014  max mem: 27709
[18:42:51.840107] Epoch: [0]  [10420/10922]  eta: 0:07:58  lr: 0.000100  loss: 0.2921 (0.4296)  loss_near: 0.1996 (0.2619)  loss_rand: 0.0428 (0.0793)  loss_srf: 0.0428 (0.0793)  loss_kl: 0.0278 (0.1248)  loss_grads: 0.6664 (0.7951)  iou: 0.9344 (0.8875)  time: 0.9530  data: 0.0015  max mem: 27709
[18:43:10.881502] Epoch: [0]  [10440/10922]  eta: 0:07:39  lr: 0.000100  loss: 0.2925 (0.4294)  loss_near: 0.1999 (0.2618)  loss_rand: 0.0428 (0.0792)  loss_srf: 0.0428 (0.0792)  loss_kl: 0.0278 (0.1246)  loss_grads: 0.6663 (0.7948)  iou: 0.9344 (0.8876)  time: 0.9520  data: 0.0014  max mem: 27709
[18:43:29.923277] Epoch: [0]  [10460/10922]  eta: 0:07:20  lr: 0.000100  loss: 0.2932 (0.4291)  loss_near: 0.2003 (0.2617)  loss_rand: 0.0429 (0.0791)  loss_srf: 0.0429 (0.0791)  loss_kl: 0.0277 (0.1244)  loss_grads: 0.6684 (0.7946)  iou: 0.9343 (0.8877)  time: 0.9520  data: 0.0013  max mem: 27709
[18:43:48.989707] Epoch: [0]  [10480/10922]  eta: 0:07:01  lr: 0.000100  loss: 0.2924 (0.4288)  loss_near: 0.1996 (0.2615)  loss_rand: 0.0429 (0.0791)  loss_srf: 0.0429 (0.0791)  loss_kl: 0.0276 (0.1242)  loss_grads: 0.6663 (0.7944)  iou: 0.9348 (0.8878)  time: 0.9533  data: 0.0014  max mem: 27709
[18:44:08.037317] Epoch: [0]  [10500/10922]  eta: 0:06:42  lr: 0.000100  loss: 0.2922 (0.4286)  loss_near: 0.2000 (0.2614)  loss_rand: 0.0426 (0.0790)  loss_srf: 0.0426 (0.0790)  loss_kl: 0.0275 (0.1240)  loss_grads: 0.6643 (0.7941)  iou: 0.9344 (0.8879)  time: 0.9523  data: 0.0014  max mem: 27709
[18:44:27.089653] Epoch: [0]  [10520/10922]  eta: 0:06:23  lr: 0.000100  loss: 0.2918 (0.4283)  loss_near: 0.1995 (0.2613)  loss_rand: 0.0427 (0.0789)  loss_srf: 0.0427 (0.0789)  loss_kl: 0.0274 (0.1238)  loss_grads: 0.6638 (0.7939)  iou: 0.9348 (0.8879)  time: 0.9526  data: 0.0015  max mem: 27709
[18:44:46.135038] Epoch: [0]  [10540/10922]  eta: 0:06:03  lr: 0.000100  loss: 0.2925 (0.4281)  loss_near: 0.2001 (0.2612)  loss_rand: 0.0427 (0.0788)  loss_srf: 0.0427 (0.0788)  loss_kl: 0.0274 (0.1236)  loss_grads: 0.6667 (0.7936)  iou: 0.9343 (0.8880)  time: 0.9522  data: 0.0014  max mem: 27709
[18:45:05.204593] Epoch: [0]  [10560/10922]  eta: 0:05:44  lr: 0.000100  loss: 0.2923 (0.4278)  loss_near: 0.1995 (0.2611)  loss_rand: 0.0430 (0.0788)  loss_srf: 0.0430 (0.0788)  loss_kl: 0.0274 (0.1235)  loss_grads: 0.6656 (0.7934)  iou: 0.9347 (0.8881)  time: 0.9534  data: 0.0015  max mem: 27709
[18:45:24.275475] Epoch: [0]  [10580/10922]  eta: 0:05:25  lr: 0.000100  loss: 0.2914 (0.4275)  loss_near: 0.1995 (0.2610)  loss_rand: 0.0425 (0.0787)  loss_srf: 0.0425 (0.0787)  loss_kl: 0.0273 (0.1233)  loss_grads: 0.6649 (0.7931)  iou: 0.9346 (0.8882)  time: 0.9535  data: 0.0013  max mem: 27709
[18:45:43.356284] Epoch: [0]  [10600/10922]  eta: 0:05:06  lr: 0.000100  loss: 0.2918 (0.4273)  loss_near: 0.1996 (0.2608)  loss_rand: 0.0425 (0.0786)  loss_srf: 0.0425 (0.0786)  loss_kl: 0.0272 (0.1231)  loss_grads: 0.6633 (0.7929)  iou: 0.9345 (0.8883)  time: 0.9540  data: 0.0014  max mem: 27709
[18:46:02.442773] Epoch: [0]  [10620/10922]  eta: 0:04:47  lr: 0.000100  loss: 0.2922 (0.4270)  loss_near: 0.1999 (0.2607)  loss_rand: 0.0428 (0.0786)  loss_srf: 0.0428 (0.0786)  loss_kl: 0.0272 (0.1229)  loss_grads: 0.6636 (0.7927)  iou: 0.9344 (0.8884)  time: 0.9543  data: 0.0015  max mem: 27709
[18:46:21.543365] Epoch: [0]  [10640/10922]  eta: 0:04:28  lr: 0.000100  loss: 0.2915 (0.4268)  loss_near: 0.1993 (0.2606)  loss_rand: 0.0426 (0.0785)  loss_srf: 0.0426 (0.0785)  loss_kl: 0.0271 (0.1227)  loss_grads: 0.6639 (0.7924)  iou: 0.9348 (0.8885)  time: 0.9550  data: 0.0014  max mem: 27709
[18:46:40.636857] Epoch: [0]  [10660/10922]  eta: 0:04:09  lr: 0.000100  loss: 0.2919 (0.4265)  loss_near: 0.1996 (0.2605)  loss_rand: 0.0427 (0.0784)  loss_srf: 0.0427 (0.0784)  loss_kl: 0.0271 (0.1226)  loss_grads: 0.6621 (0.7922)  iou: 0.9344 (0.8886)  time: 0.9546  data: 0.0015  max mem: 27709
[18:46:59.733151] Epoch: [0]  [10680/10922]  eta: 0:03:50  lr: 0.000100  loss: 0.2918 (0.4263)  loss_near: 0.1994 (0.2604)  loss_rand: 0.0427 (0.0784)  loss_srf: 0.0427 (0.0784)  loss_kl: 0.0270 (0.1224)  loss_grads: 0.6629 (0.7919)  iou: 0.9345 (0.8886)  time: 0.9548  data: 0.0014  max mem: 27709
[18:47:18.828607] Epoch: [0]  [10700/10922]  eta: 0:03:31  lr: 0.000100  loss: 0.2913 (0.4260)  loss_near: 0.1993 (0.2603)  loss_rand: 0.0426 (0.0783)  loss_srf: 0.0426 (0.0783)  loss_kl: 0.0270 (0.1222)  loss_grads: 0.6629 (0.7917)  iou: 0.9346 (0.8887)  time: 0.9547  data: 0.0014  max mem: 27709
[18:47:37.929820] Epoch: [0]  [10720/10922]  eta: 0:03:12  lr: 0.000100  loss: 0.2915 (0.4258)  loss_near: 0.1998 (0.2602)  loss_rand: 0.0424 (0.0782)  loss_srf: 0.0424 (0.0782)  loss_kl: 0.0270 (0.1220)  loss_grads: 0.6625 (0.7914)  iou: 0.9346 (0.8888)  time: 0.9550  data: 0.0015  max mem: 27709
[18:47:57.032326] Epoch: [0]  [10740/10922]  eta: 0:02:53  lr: 0.000100  loss: 0.2914 (0.4255)  loss_near: 0.1993 (0.2600)  loss_rand: 0.0426 (0.0782)  loss_srf: 0.0426 (0.0782)  loss_kl: 0.0269 (0.1219)  loss_grads: 0.6601 (0.7912)  iou: 0.9345 (0.8889)  time: 0.9551  data: 0.0015  max mem: 27709
[18:48:16.147346] Epoch: [0]  [10760/10922]  eta: 0:02:34  lr: 0.000100  loss: 0.2913 (0.4253)  loss_near: 0.1993 (0.2599)  loss_rand: 0.0425 (0.0781)  loss_srf: 0.0425 (0.0781)  loss_kl: 0.0268 (0.1217)  loss_grads: 0.6610 (0.7910)  iou: 0.9346 (0.8890)  time: 0.9556  data: 0.0016  max mem: 27709
[18:48:35.245028] Epoch: [0]  [10780/10922]  eta: 0:02:15  lr: 0.000100  loss: 0.2912 (0.4250)  loss_near: 0.1994 (0.2598)  loss_rand: 0.0425 (0.0780)  loss_srf: 0.0425 (0.0780)  loss_kl: 0.0268 (0.1215)  loss_grads: 0.6603 (0.7907)  iou: 0.9346 (0.8891)  time: 0.9548  data: 0.0014  max mem: 27709
[18:48:54.354311] Epoch: [0]  [10800/10922]  eta: 0:01:56  lr: 0.000100  loss: 0.2912 (0.4248)  loss_near: 0.1993 (0.2597)  loss_rand: 0.0424 (0.0780)  loss_srf: 0.0424 (0.0780)  loss_kl: 0.0267 (0.1213)  loss_grads: 0.6582 (0.7905)  iou: 0.9345 (0.8892)  time: 0.9554  data: 0.0015  max mem: 27709
[18:49:13.452484] Epoch: [0]  [10820/10922]  eta: 0:01:37  lr: 0.000100  loss: 0.2911 (0.4245)  loss_near: 0.1992 (0.2596)  loss_rand: 0.0426 (0.0779)  loss_srf: 0.0426 (0.0779)  loss_kl: 0.0268 (0.1212)  loss_grads: 0.6585 (0.7902)  iou: 0.9344 (0.8892)  time: 0.9549  data: 0.0014  max mem: 27709
[18:49:32.556026] Epoch: [0]  [10840/10922]  eta: 0:01:18  lr: 0.000100  loss: 0.2912 (0.4243)  loss_near: 0.1994 (0.2595)  loss_rand: 0.0425 (0.0778)  loss_srf: 0.0425 (0.0778)  loss_kl: 0.0267 (0.1210)  loss_grads: 0.6574 (0.7900)  iou: 0.9345 (0.8893)  time: 0.9551  data: 0.0014  max mem: 27709
[18:49:51.669127] Epoch: [0]  [10860/10922]  eta: 0:00:59  lr: 0.000100  loss: 0.2912 (0.4240)  loss_near: 0.1992 (0.2594)  loss_rand: 0.0425 (0.0778)  loss_srf: 0.0425 (0.0778)  loss_kl: 0.0265 (0.1208)  loss_grads: 0.6576 (0.7897)  iou: 0.9346 (0.8894)  time: 0.9556  data: 0.0015  max mem: 27709
[18:50:10.822136] Epoch: [0]  [10880/10922]  eta: 0:00:40  lr: 0.000100  loss: 0.2914 (0.4238)  loss_near: 0.1993 (0.2593)  loss_rand: 0.0425 (0.0777)  loss_srf: 0.0425 (0.0777)  loss_kl: 0.0264 (0.1206)  loss_grads: 0.6579 (0.7895)  iou: 0.9345 (0.8895)  time: 0.9576  data: 0.0015  max mem: 27709
[18:50:29.926187] Epoch: [0]  [10900/10922]  eta: 0:00:20  lr: 0.000100  loss: 0.2913 (0.4235)  loss_near: 0.1993 (0.2591)  loss_rand: 0.0426 (0.0776)  loss_srf: 0.0426 (0.0776)  loss_kl: 0.0263 (0.1205)  loss_grads: 0.6564 (0.7893)  iou: 0.9345 (0.8896)  time: 0.9551  data: 0.0014  max mem: 27709
[18:50:49.016420] Epoch: [0]  [10920/10922]  eta: 0:00:01  lr: 0.000100  loss: 0.2908 (0.4233)  loss_near: 0.1992 (0.2590)  loss_rand: 0.0424 (0.0776)  loss_srf: 0.0424 (0.0776)  loss_kl: 0.0263 (0.1203)  loss_grads: 0.6558 (0.7890)  iou: 0.9345 (0.8896)  time: 0.9545  data: 0.0013  max mem: 27709
[18:50:49.971364] Epoch: [0]  [10921/10922]  eta: 0:00:00  lr: 0.000100  loss: 0.2908 (0.4233)  loss_near: 0.1992 (0.2590)  loss_rand: 0.0424 (0.0776)  loss_srf: 0.0424 (0.0776)  loss_kl: 0.0263 (0.1203)  loss_grads: 0.6558 (0.7890)  iou: 0.9345 (0.8897)  time: 0.9544  data: 0.0014  max mem: 27709
[18:50:49.998636] Epoch: [0] Total time: 2:53:28 (0.9530 s / it)
[18:50:50.022224] Averaged stats: lr: 0.000100  loss: 0.2908 (0.4233)  loss_near: 0.1992 (0.2590)  loss_rand: 0.0424 (0.0776)  loss_srf: 0.0424 (0.0776)  loss_kl: 0.0263 (0.1203)  loss_grads: 0.6558 (0.7890)  iou: 0.9345 (0.8897)
[18:50:51.574472] log_dir: ./output_single_garment
all 0 vec...
all 0 vec...
all 0 vec...
all 0 vec...
[18:50:54.223995] new_verts <class 'torch.Tensor'>
[18:50:54.224468] u_border_filtered <class 'torch.Tensor'>
[18:50:54.224778] s_border <class 'torch.Tensor'>
[18:50:54.225082] out_vec_filtered <class 'torch.Tensor'>
[18:50:54.297139] Mesh exported at ./output_single_garment_mesh/final_1_0.obj
[18:50:54.309414] `trimesh.viewer.windowed` requires `pip install "pyglet<2"`
[18:50:54.932463] Epoch: [1]  [    0/10922]  eta: 10:11:06  lr: 0.000100  loss: 0.2899 (0.2899)  loss_near: 0.1995 (0.1995)  loss_rand: 0.0418 (0.0418)  loss_srf: 0.0418 (0.0418)  loss_kl: 0.0263 (0.0263)  loss_grads: 0.6585 (0.6585)  iou: 0.9339 (0.9339)  time: 3.3571  data: 0.2018  max mem: 27709
[18:51:14.041384] Epoch: [1]  [   20/10922]  eta: 3:14:22  lr: 0.000100  loss: 0.2912 (0.2912)  loss_near: 0.1993 (0.1994)  loss_rand: 0.0425 (0.0425)  loss_srf: 0.0425 (0.0425)  loss_kl: 0.0262 (0.0262)  loss_grads: 0.6557 (0.6560)  iou: 0.9344 (0.9344)  time: 0.9554  data: 0.0018  max mem: 27712
[18:51:33.162925] Epoch: [1]  [   40/10922]  eta: 3:03:57  lr: 0.000100  loss: 0.2906 (0.2909)  loss_near: 0.1991 (0.1992)  loss_rand: 0.0424 (0.0424)  loss_srf: 0.0424 (0.0424)  loss_kl: 0.0262 (0.0262)  loss_grads: 0.6559 (0.6560)  iou: 0.9346 (0.9345)  time: 0.9560  data: 0.0016  max mem: 27715
[18:51:52.290104] Epoch: [1]  [   60/10922]  eta: 3:00:10  lr: 0.000100  loss: 0.2903 (0.2908)  loss_near: 0.1992 (0.1992)  loss_rand: 0.0422 (0.0424)  loss_srf: 0.0422 (0.0424)  loss_kl: 0.0261 (0.0262)  loss_grads: 0.6557 (0.6560)  iou: 0.9344 (0.9345)  time: 0.9563  data: 0.0016  max mem: 27715
[18:52:11.407202] Epoch: [1]  [   80/10922]  eta: 2:58:04  lr: 0.000100  loss: 0.2905 (0.2908)  loss_near: 0.1989 (0.1992)  loss_rand: 0.0424 (0.0424)  loss_srf: 0.0424 (0.0424)  loss_kl: 0.0261 (0.0262)  loss_grads: 0.6547 (0.6556)  iou: 0.9347 (0.9345)  time: 0.9558  data: 0.0016  max mem: 27715
[18:52:30.516070] Epoch: [1]  [  100/10922]  eta: 2:56:40  lr: 0.000100  loss: 0.2912 (0.2910)  loss_near: 0.1997 (0.1993)  loss_rand: 0.0423 (0.0424)  loss_srf: 0.0423 (0.0424)  loss_kl: 0.0260 (0.0261)  loss_grads: 0.6544 (0.6553)  iou: 0.9340 (0.9345)  time: 0.9554  data: 0.0016  max mem: 27715
[18:52:49.639379] Epoch: [1]  [  120/10922]  eta: 2:55:39  lr: 0.000100  loss: 0.2941 (0.2915)  loss_near: 0.1998 (0.1996)  loss_rand: 0.0430 (0.0425)  loss_srf: 0.0430 (0.0425)  loss_kl: 0.0260 (0.0261)  loss_grads: 0.6552 (0.6553)  iou: 0.9353 (0.9345)  time: 0.9561  data: 0.0016  max mem: 27715
[18:53:08.779779] Epoch: [1]  [  140/10922]  eta: 2:54:51  lr: 0.000100  loss: 0.3009 (0.2926)  loss_near: 0.2029 (0.2001)  loss_rand: 0.0457 (0.0429)  loss_srf: 0.0457 (0.0429)  loss_kl: 0.0259 (0.0261)  loss_grads: 0.6571 (0.6555)  iou: 0.9364 (0.9346)  time: 0.9570  data: 0.0015  max mem: 27715
[18:53:27.921687] Epoch: [1]  [  160/10922]  eta: 2:54:10  lr: 0.000100  loss: 0.2996 (0.2935)  loss_near: 0.2046 (0.2006)  loss_rand: 0.0439 (0.0430)  loss_srf: 0.0439 (0.0430)  loss_kl: 0.0259 (0.0261)  loss_grads: 0.6526 (0.6552)  iou: 0.9322 (0.9344)  time: 0.9570  data: 0.0015  max mem: 27715
[18:53:47.064779] Epoch: [1]  [  180/10922]  eta: 2:53:34  lr: 0.000100  loss: 0.2937 (0.2935)  loss_near: 0.1993 (0.2005)  loss_rand: 0.0436 (0.0431)  loss_srf: 0.0436 (0.0431)  loss_kl: 0.0258 (0.0261)  loss_grads: 0.6525 (0.6549)  iou: 0.9352 (0.9345)  time: 0.9571  data: 0.0015  max mem: 27715
[18:54:06.207612] Epoch: [1]  [  200/10922]  eta: 2:53:01  lr: 0.000100  loss: 0.2915 (0.2935)  loss_near: 0.1993 (0.2006)  loss_rand: 0.0426 (0.0431)  loss_srf: 0.0426 (0.0431)  loss_kl: 0.0259 (0.0260)  loss_grads: 0.6555 (0.6550)  iou: 0.9346 (0.9345)  time: 0.9571  data: 0.0015  max mem: 27715
[18:54:25.348861] Epoch: [1]  [  220/10922]  eta: 2:52:31  lr: 0.000100  loss: 0.2963 (0.2937)  loss_near: 0.2003 (0.2007)  loss_rand: 0.0444 (0.0431)  loss_srf: 0.0444 (0.0431)  loss_kl: 0.0258 (0.0260)  loss_grads: 0.6560 (0.6551)  iou: 0.9356 (0.9345)  time: 0.9570  data: 0.0014  max mem: 27715
[18:54:44.501730] Epoch: [1]  [  240/10922]  eta: 2:52:03  lr: 0.000100  loss: 0.2929 (0.2937)  loss_near: 0.1993 (0.2006)  loss_rand: 0.0432 (0.0432)  loss_srf: 0.0432 (0.0432)  loss_kl: 0.0258 (0.0260)  loss_grads: 0.6578 (0.6554)  iou: 0.9345 (0.9345)  time: 0.9576  data: 0.0016  max mem: 27715
[18:55:03.645437] Epoch: [1]  [  260/10922]  eta: 2:51:36  lr: 0.000100  loss: 0.2943 (0.2937)  loss_near: 0.2018 (0.2006)  loss_rand: 0.0430 (0.0431)  loss_srf: 0.0430 (0.0431)  loss_kl: 0.0256 (0.0260)  loss_grads: 0.6553 (0.6554)  iou: 0.9333 (0.9344)  time: 0.9571  data: 0.0015  max mem: 27715
[18:55:22.777982] Epoch: [1]  [  280/10922]  eta: 2:51:10  lr: 0.000100  loss: 0.2935 (0.2937)  loss_near: 0.1995 (0.2006)  loss_rand: 0.0435 (0.0432)  loss_srf: 0.0435 (0.0432)  loss_kl: 0.0256 (0.0260)  loss_grads: 0.6600 (0.6558)  iou: 0.9351 (0.9345)  time: 0.9566  data: 0.0014  max mem: 27715
[18:55:41.919797] Epoch: [1]  [  300/10922]  eta: 2:50:45  lr: 0.000100  loss: 0.2927 (0.2937)  loss_near: 0.2003 (0.2005)  loss_rand: 0.0426 (0.0432)  loss_srf: 0.0426 (0.0432)  loss_kl: 0.0255 (0.0259)  loss_grads: 0.6590 (0.6560)  iou: 0.9339 (0.9345)  time: 0.9570  data: 0.0014  max mem: 27715
[18:56:01.054220] Epoch: [1]  [  320/10922]  eta: 2:50:20  lr: 0.000100  loss: 0.2940 (0.2937)  loss_near: 0.1999 (0.2005)  loss_rand: 0.0436 (0.0432)  loss_srf: 0.0436 (0.0432)  loss_kl: 0.0255 (0.0259)  loss_grads: 0.6642 (0.6565)  iou: 0.9344 (0.9345)  time: 0.9567  data: 0.0014  max mem: 27715
[18:56:20.179216] Epoch: [1]  [  340/10922]  eta: 2:49:56  lr: 0.000100  loss: 0.2917 (0.2936)  loss_near: 0.1992 (0.2005)  loss_rand: 0.0428 (0.0432)  loss_srf: 0.0428 (0.0432)  loss_kl: 0.0254 (0.0259)  loss_grads: 0.6567 (0.6566)  iou: 0.9345 (0.9345)  time: 0.9562  data: 0.0015  max mem: 27715
[18:56:39.308527] Epoch: [1]  [  360/10922]  eta: 2:49:33  lr: 0.000100  loss: 0.2930 (0.2936)  loss_near: 0.1997 (0.2004)  loss_rand: 0.0431 (0.0432)  loss_srf: 0.0431 (0.0432)  loss_kl: 0.0254 (0.0258)  loss_grads: 0.6600 (0.6568)  iou: 0.9344 (0.9345)  time: 0.9564  data: 0.0017  max mem: 27715
[18:56:58.422631] Epoch: [1]  [  380/10922]  eta: 2:49:09  lr: 0.000100  loss: 0.2928 (0.2935)  loss_near: 0.1995 (0.2004)  loss_rand: 0.0430 (0.0431)  loss_srf: 0.0430 (0.0431)  loss_kl: 0.0253 (0.0258)  loss_grads: 0.6609 (0.6571)  iou: 0.9346 (0.9345)  time: 0.9556  data: 0.0015  max mem: 27715
[18:57:17.549155] Epoch: [1]  [  400/10922]  eta: 2:48:47  lr: 0.000100  loss: 0.2920 (0.2934)  loss_near: 0.1996 (0.2004)  loss_rand: 0.0427 (0.0431)  loss_srf: 0.0427 (0.0431)  loss_kl: 0.0252 (0.0258)  loss_grads: 0.6564 (0.6571)  iou: 0.9343 (0.9345)  time: 0.9563  data: 0.0014  max mem: 27715
[18:57:36.660524] Epoch: [1]  [  420/10922]  eta: 2:48:24  lr: 0.000100  loss: 0.2921 (0.2934)  loss_near: 0.1991 (0.2003)  loss_rand: 0.0431 (0.0431)  loss_srf: 0.0431 (0.0431)  loss_kl: 0.0251 (0.0257)  loss_grads: 0.6573 (0.6571)  iou: 0.9345 (0.9345)  time: 0.9555  data: 0.0016  max mem: 27715
[18:57:55.757252] Epoch: [1]  [  440/10922]  eta: 2:48:01  lr: 0.000100  loss: 0.2910 (0.2933)  loss_near: 0.1991 (0.2002)  loss_rand: 0.0425 (0.0431)  loss_srf: 0.0425 (0.0431)  loss_kl: 0.0250 (0.0257)  loss_grads: 0.6559 (0.6571)  iou: 0.9345 (0.9345)  time: 0.9548  data: 0.0016  max mem: 27715
[18:58:14.871337] Epoch: [1]  [  460/10922]  eta: 2:47:39  lr: 0.000100  loss: 0.2912 (0.2932)  loss_near: 0.1994 (0.2002)  loss_rand: 0.0426 (0.0431)  loss_srf: 0.0426 (0.0431)  loss_kl: 0.0249 (0.0257)  loss_grads: 0.6534 (0.6569)  iou: 0.9345 (0.9345)  time: 0.9556  data: 0.0015  max mem: 27715
[18:58:33.982705] Epoch: [1]  [  480/10922]  eta: 2:47:17  lr: 0.000100  loss: 0.2914 (0.2931)  loss_near: 0.1990 (0.2002)  loss_rand: 0.0428 (0.0431)  loss_srf: 0.0428 (0.0431)  loss_kl: 0.0248 (0.0256)  loss_grads: 0.6538 (0.6568)  iou: 0.9348 (0.9345)  time: 0.9555  data: 0.0014  max mem: 27715
[18:58:53.088374] Epoch: [1]  [  500/10922]  eta: 2:46:55  lr: 0.000100  loss: 0.2912 (0.2930)  loss_near: 0.1992 (0.2001)  loss_rand: 0.0426 (0.0430)  loss_srf: 0.0426 (0.0430)  loss_kl: 0.0248 (0.0256)  loss_grads: 0.6527 (0.6567)  iou: 0.9344 (0.9345)  time: 0.9552  data: 0.0014  max mem: 27715
[18:59:12.211384] Epoch: [1]  [  520/10922]  eta: 2:46:34  lr: 0.000100  loss: 0.2911 (0.2930)  loss_near: 0.1992 (0.2001)  loss_rand: 0.0427 (0.0430)  loss_srf: 0.0427 (0.0430)  loss_kl: 0.0248 (0.0256)  loss_grads: 0.6518 (0.6565)  iou: 0.9343 (0.9345)  time: 0.9561  data: 0.0015  max mem: 27715
[18:59:31.317243] Epoch: [1]  [  540/10922]  eta: 2:46:13  lr: 0.000100  loss: 0.2908 (0.2929)  loss_near: 0.1985 (0.2000)  loss_rand: 0.0426 (0.0430)  loss_srf: 0.0426 (0.0430)  loss_kl: 0.0248 (0.0256)  loss_grads: 0.6509 (0.6563)  iou: 0.9347 (0.9345)  time: 0.9552  data: 0.0015  max mem: 27715
[18:59:50.433025] Epoch: [1]  [  560/10922]  eta: 2:45:52  lr: 0.000100  loss: 0.2905 (0.2928)  loss_near: 0.1992 (0.2000)  loss_rand: 0.0423 (0.0430)  loss_srf: 0.0423 (0.0430)  loss_kl: 0.0247 (0.0255)  loss_grads: 0.6504 (0.6561)  iou: 0.9344 (0.9345)  time: 0.9557  data: 0.0014  max mem: 27715
[19:00:09.542272] Epoch: [1]  [  580/10922]  eta: 2:45:31  lr: 0.000100  loss: 0.2905 (0.2927)  loss_near: 0.1988 (0.2000)  loss_rand: 0.0423 (0.0430)  loss_srf: 0.0423 (0.0430)  loss_kl: 0.0245 (0.0255)  loss_grads: 0.6490 (0.6559)  iou: 0.9346 (0.9345)  time: 0.9554  data: 0.0014  max mem: 27715
[19:00:28.647983] Epoch: [1]  [  600/10922]  eta: 2:45:10  lr: 0.000100  loss: 0.2909 (0.2927)  loss_near: 0.1987 (0.1999)  loss_rand: 0.0427 (0.0430)  loss_srf: 0.0427 (0.0430)  loss_kl: 0.0246 (0.0255)  loss_grads: 0.6497 (0.6557)  iou: 0.9347 (0.9345)  time: 0.9552  data: 0.0014  max mem: 27715
[19:00:47.757390] Epoch: [1]  [  620/10922]  eta: 2:44:49  lr: 0.000100  loss: 0.2906 (0.2926)  loss_near: 0.1990 (0.1999)  loss_rand: 0.0423 (0.0429)  loss_srf: 0.0423 (0.0429)  loss_kl: 0.0244 (0.0254)  loss_grads: 0.6479 (0.6554)  iou: 0.9342 (0.9345)  time: 0.9554  data: 0.0014  max mem: 27715
[19:01:06.884001] Epoch: [1]  [  640/10922]  eta: 2:44:29  lr: 0.000100  loss: 0.2906 (0.2925)  loss_near: 0.1987 (0.1999)  loss_rand: 0.0425 (0.0429)  loss_srf: 0.0425 (0.0429)  loss_kl: 0.0242 (0.0254)  loss_grads: 0.6480 (0.6552)  iou: 0.9347 (0.9345)  time: 0.9563  data: 0.0017  max mem: 27715
[19:01:25.986666] Epoch: [1]  [  660/10922]  eta: 2:44:08  lr: 0.000100  loss: 0.2901 (0.2925)  loss_near: 0.1985 (0.1998)  loss_rand: 0.0424 (0.0429)  loss_srf: 0.0424 (0.0429)  loss_kl: 0.0241 (0.0254)  loss_grads: 0.6464 (0.6550)  iou: 0.9346 (0.9345)  time: 0.9551  data: 0.0014  max mem: 27715
[19:01:45.096238] Epoch: [1]  [  680/10922]  eta: 2:43:48  lr: 0.000100  loss: 0.2902 (0.2924)  loss_near: 0.1992 (0.1998)  loss_rand: 0.0421 (0.0429)  loss_srf: 0.0421 (0.0429)  loss_kl: 0.0240 (0.0253)  loss_grads: 0.6458 (0.6547)  iou: 0.9343 (0.9345)  time: 0.9554  data: 0.0015  max mem: 27715
[19:02:04.209429] Epoch: [1]  [  700/10922]  eta: 2:43:27  lr: 0.000100  loss: 0.2903 (0.2923)  loss_near: 0.1988 (0.1998)  loss_rand: 0.0424 (0.0429)  loss_srf: 0.0424 (0.0429)  loss_kl: 0.0238 (0.0253)  loss_grads: 0.6465 (0.6545)  iou: 0.9348 (0.9345)  time: 0.9556  data: 0.0014  max mem: 27715
[19:02:23.339252] Epoch: [1]  [  720/10922]  eta: 2:43:07  lr: 0.000100  loss: 0.2902 (0.2923)  loss_near: 0.1990 (0.1998)  loss_rand: 0.0422 (0.0429)  loss_srf: 0.0422 (0.0429)  loss_kl: 0.0238 (0.0252)  loss_grads: 0.6462 (0.6543)  iou: 0.9342 (0.9345)  time: 0.9564  data: 0.0014  max mem: 27715
[19:02:42.448297] Epoch: [1]  [  740/10922]  eta: 2:42:47  lr: 0.000100  loss: 0.2893 (0.2922)  loss_near: 0.1986 (0.1997)  loss_rand: 0.0421 (0.0428)  loss_srf: 0.0421 (0.0428)  loss_kl: 0.0237 (0.0252)  loss_grads: 0.6451 (0.6540)  iou: 0.9345 (0.9345)  time: 0.9554  data: 0.0014  max mem: 27715
[19:03:01.561758] Epoch: [1]  [  760/10922]  eta: 2:42:27  lr: 0.000100  loss: 0.2896 (0.2921)  loss_near: 0.1985 (0.1997)  loss_rand: 0.0422 (0.0428)  loss_srf: 0.0422 (0.0428)  loss_kl: 0.0236 (0.0251)  loss_grads: 0.6432 (0.6538)  iou: 0.9345 (0.9345)  time: 0.9556  data: 0.0014  max mem: 27715
[19:03:20.674288] Epoch: [1]  [  780/10922]  eta: 2:42:07  lr: 0.000100  loss: 0.2897 (0.2921)  loss_near: 0.1986 (0.1997)  loss_rand: 0.0422 (0.0428)  loss_srf: 0.0422 (0.0428)  loss_kl: 0.0235 (0.0251)  loss_grads: 0.6420 (0.6535)  iou: 0.9344 (0.9345)  time: 0.9556  data: 0.0016  max mem: 27715
[19:03:39.788109] Epoch: [1]  [  800/10922]  eta: 2:41:47  lr: 0.000100  loss: 0.2893 (0.2920)  loss_near: 0.1983 (0.1996)  loss_rand: 0.0422 (0.0428)  loss_srf: 0.0422 (0.0428)  loss_kl: 0.0235 (0.0251)  loss_grads: 0.6433 (0.6532)  iou: 0.9345 (0.9345)  time: 0.9556  data: 0.0014  max mem: 27715
[19:03:58.885656] Epoch: [1]  [  820/10922]  eta: 2:41:26  lr: 0.000100  loss: 0.2896 (0.2919)  loss_near: 0.1984 (0.1996)  loss_rand: 0.0423 (0.0428)  loss_srf: 0.0423 (0.0428)  loss_kl: 0.0234 (0.0250)  loss_grads: 0.6425 (0.6530)  iou: 0.9345 (0.9345)  time: 0.9548  data: 0.0015  max mem: 27715
[19:04:17.998452] Epoch: [1]  [  840/10922]  eta: 2:41:06  lr: 0.000100  loss: 0.2897 (0.2919)  loss_near: 0.1985 (0.1996)  loss_rand: 0.0421 (0.0428)  loss_srf: 0.0421 (0.0428)  loss_kl: 0.0233 (0.0250)  loss_grads: 0.6412 (0.6527)  iou: 0.9344 (0.9345)  time: 0.9556  data: 0.0018  max mem: 27715
[19:04:37.099604] Epoch: [1]  [  860/10922]  eta: 2:40:46  lr: 0.000100  loss: 0.2893 (0.2918)  loss_near: 0.1985 (0.1995)  loss_rand: 0.0421 (0.0428)  loss_srf: 0.0421 (0.0428)  loss_kl: 0.0233 (0.0249)  loss_grads: 0.6407 (0.6524)  iou: 0.9347 (0.9345)  time: 0.9550  data: 0.0014  max mem: 27715
[19:04:56.224814] Epoch: [1]  [  880/10922]  eta: 2:40:27  lr: 0.000100  loss: 0.2896 (0.2918)  loss_near: 0.1986 (0.1995)  loss_rand: 0.0422 (0.0427)  loss_srf: 0.0422 (0.0427)  loss_kl: 0.0232 (0.0249)  loss_grads: 0.6403 (0.6521)  iou: 0.9343 (0.9345)  time: 0.9562  data: 0.0015  max mem: 27715
[19:05:15.332339] Epoch: [1]  [  900/10922]  eta: 2:40:07  lr: 0.000100  loss: 0.2890 (0.2917)  loss_near: 0.1982 (0.1995)  loss_rand: 0.0421 (0.0427)  loss_srf: 0.0421 (0.0427)  loss_kl: 0.0231 (0.0249)  loss_grads: 0.6401 (0.6519)  iou: 0.9346 (0.9345)  time: 0.9553  data: 0.0015  max mem: 27715
[19:05:34.446277] Epoch: [1]  [  920/10922]  eta: 2:39:47  lr: 0.000100  loss: 0.2891 (0.2917)  loss_near: 0.1981 (0.1995)  loss_rand: 0.0422 (0.0427)  loss_srf: 0.0422 (0.0427)  loss_kl: 0.0229 (0.0248)  loss_grads: 0.6399 (0.6516)  iou: 0.9345 (0.9345)  time: 0.9556  data: 0.0015  max mem: 27715
[19:05:53.557667] Epoch: [1]  [  940/10922]  eta: 2:39:27  lr: 0.000100  loss: 0.2893 (0.2916)  loss_near: 0.1984 (0.1994)  loss_rand: 0.0422 (0.0427)  loss_srf: 0.0422 (0.0427)  loss_kl: 0.0230 (0.0248)  loss_grads: 0.6393 (0.6514)  iou: 0.9344 (0.9345)  time: 0.9555  data: 0.0014  max mem: 27715
[19:06:12.674593] Epoch: [1]  [  960/10922]  eta: 2:39:07  lr: 0.000100  loss: 0.2896 (0.2916)  loss_near: 0.1982 (0.1994)  loss_rand: 0.0424 (0.0427)  loss_srf: 0.0424 (0.0427)  loss_kl: 0.0229 (0.0247)  loss_grads: 0.6383 (0.6511)  iou: 0.9344 (0.9345)  time: 0.9558  data: 0.0014  max mem: 27715
[19:06:31.782370] Epoch: [1]  [  980/10922]  eta: 2:38:47  lr: 0.000100  loss: 0.2889 (0.2915)  loss_near: 0.1985 (0.1994)  loss_rand: 0.0419 (0.0427)  loss_srf: 0.0419 (0.0427)  loss_kl: 0.0228 (0.0247)  loss_grads: 0.6375 (0.6508)  iou: 0.9344 (0.9345)  time: 0.9553  data: 0.0015  max mem: 27715
[19:06:50.889856] Epoch: [1]  [ 1000/10922]  eta: 2:38:28  lr: 0.000100  loss: 0.2886 (0.2915)  loss_near: 0.1980 (0.1994)  loss_rand: 0.0420 (0.0427)  loss_srf: 0.0420 (0.0427)  loss_kl: 0.0227 (0.0247)  loss_grads: 0.6376 (0.6506)  iou: 0.9347 (0.9345)  time: 0.9553  data: 0.0015  max mem: 27715
[19:07:09.999924] Epoch: [1]  [ 1020/10922]  eta: 2:38:08  lr: 0.000100  loss: 0.2886 (0.2914)  loss_near: 0.1984 (0.1994)  loss_rand: 0.0418 (0.0427)  loss_srf: 0.0418 (0.0427)  loss_kl: 0.0226 (0.0246)  loss_grads: 0.6356 (0.6503)  iou: 0.9343 (0.9345)  time: 0.9554  data: 0.0014  max mem: 27715
[19:07:29.116447] Epoch: [1]  [ 1040/10922]  eta: 2:37:48  lr: 0.000100  loss: 0.2891 (0.2914)  loss_near: 0.1980 (0.1993)  loss_rand: 0.0423 (0.0427)  loss_srf: 0.0423 (0.0427)  loss_kl: 0.0226 (0.0246)  loss_grads: 0.6364 (0.6500)  iou: 0.9344 (0.9345)  time: 0.9558  data: 0.0015  max mem: 27715
[19:07:48.226027] Epoch: [1]  [ 1060/10922]  eta: 2:37:29  lr: 0.000100  loss: 0.2889 (0.2913)  loss_near: 0.1982 (0.1993)  loss_rand: 0.0420 (0.0426)  loss_srf: 0.0420 (0.0426)  loss_kl: 0.0225 (0.0245)  loss_grads: 0.6354 (0.6498)  iou: 0.9343 (0.9345)  time: 0.9554  data: 0.0015  max mem: 27715
[19:08:07.339942] Epoch: [1]  [ 1080/10922]  eta: 2:37:09  lr: 0.000100  loss: 0.2893 (0.2913)  loss_near: 0.1981 (0.1993)  loss_rand: 0.0422 (0.0426)  loss_srf: 0.0422 (0.0426)  loss_kl: 0.0224 (0.0245)  loss_grads: 0.6350 (0.6495)  iou: 0.9343 (0.9345)  time: 0.9556  data: 0.0015  max mem: 27715
[19:08:26.447151] Epoch: [1]  [ 1100/10922]  eta: 2:36:49  lr: 0.000100  loss: 0.2889 (0.2913)  loss_near: 0.1980 (0.1993)  loss_rand: 0.0421 (0.0426)  loss_srf: 0.0421 (0.0426)  loss_kl: 0.0225 (0.0245)  loss_grads: 0.6348 (0.6492)  iou: 0.9344 (0.9345)  time: 0.9553  data: 0.0014  max mem: 27715
[19:08:45.564365] Epoch: [1]  [ 1120/10922]  eta: 2:36:30  lr: 0.000100  loss: 0.2892 (0.2912)  loss_near: 0.1984 (0.1993)  loss_rand: 0.0422 (0.0426)  loss_srf: 0.0422 (0.0426)  loss_kl: 0.0224 (0.0244)  loss_grads: 0.6334 (0.6489)  iou: 0.9342 (0.9345)  time: 0.9558  data: 0.0016  max mem: 27715
[19:09:04.680329] Epoch: [1]  [ 1140/10922]  eta: 2:36:10  lr: 0.000100  loss: 0.2887 (0.2912)  loss_near: 0.1982 (0.1992)  loss_rand: 0.0419 (0.0426)  loss_srf: 0.0419 (0.0426)  loss_kl: 0.0224 (0.0244)  loss_grads: 0.6327 (0.6487)  iou: 0.9347 (0.9345)  time: 0.9557  data: 0.0016  max mem: 27715
[19:09:23.777501] Epoch: [1]  [ 1160/10922]  eta: 2:35:51  lr: 0.000100  loss: 0.2890 (0.2911)  loss_near: 0.1983 (0.1992)  loss_rand: 0.0421 (0.0426)  loss_srf: 0.0421 (0.0426)  loss_kl: 0.0224 (0.0244)  loss_grads: 0.6334 (0.6484)  iou: 0.9342 (0.9345)  time: 0.9548  data: 0.0016  max mem: 27715
[19:09:42.883131] Epoch: [1]  [ 1180/10922]  eta: 2:35:31  lr: 0.000100  loss: 0.2890 (0.2911)  loss_near: 0.1980 (0.1992)  loss_rand: 0.0423 (0.0426)  loss_srf: 0.0423 (0.0426)  loss_kl: 0.0223 (0.0243)  loss_grads: 0.6331 (0.6482)  iou: 0.9346 (0.9345)  time: 0.9552  data: 0.0014  max mem: 27715
[19:10:02.000045] Epoch: [1]  [ 1200/10922]  eta: 2:35:12  lr: 0.000100  loss: 0.2886 (0.2910)  loss_near: 0.1982 (0.1992)  loss_rand: 0.0420 (0.0426)  loss_srf: 0.0420 (0.0426)  loss_kl: 0.0222 (0.0243)  loss_grads: 0.6305 (0.6479)  iou: 0.9342 (0.9345)  time: 0.9558  data: 0.0014  max mem: 27715
[19:10:21.124741] Epoch: [1]  [ 1220/10922]  eta: 2:34:52  lr: 0.000100  loss: 0.2889 (0.2910)  loss_near: 0.1983 (0.1992)  loss_rand: 0.0421 (0.0426)  loss_srf: 0.0421 (0.0426)  loss_kl: 0.0221 (0.0243)  loss_grads: 0.6313 (0.6476)  iou: 0.9344 (0.9345)  time: 0.9562  data: 0.0016  max mem: 27715
[19:10:40.238709] Epoch: [1]  [ 1240/10922]  eta: 2:34:33  lr: 0.000100  loss: 0.2890 (0.2910)  loss_near: 0.1979 (0.1991)  loss_rand: 0.0422 (0.0426)  loss_srf: 0.0422 (0.0426)  loss_kl: 0.0221 (0.0242)  loss_grads: 0.6304 (0.6473)  iou: 0.9345 (0.9345)  time: 0.9556  data: 0.0015  max mem: 27715
[19:10:59.346557] Epoch: [1]  [ 1260/10922]  eta: 2:34:13  lr: 0.000100  loss: 0.2885 (0.2909)  loss_near: 0.1979 (0.1991)  loss_rand: 0.0420 (0.0426)  loss_srf: 0.0420 (0.0426)  loss_kl: 0.0219 (0.0242)  loss_grads: 0.6311 (0.6471)  iou: 0.9345 (0.9345)  time: 0.9553  data: 0.0014  max mem: 27715
[19:11:18.479919] Epoch: [1]  [ 1280/10922]  eta: 2:33:54  lr: 0.000100  loss: 0.2890 (0.2909)  loss_near: 0.1980 (0.1991)  loss_rand: 0.0422 (0.0425)  loss_srf: 0.0422 (0.0425)  loss_kl: 0.0219 (0.0242)  loss_grads: 0.6337 (0.6469)  iou: 0.9344 (0.9345)  time: 0.9566  data: 0.0016  max mem: 27715
[19:11:37.578594] Epoch: [1]  [ 1300/10922]  eta: 2:33:34  lr: 0.000100  loss: 0.2886 (0.2909)  loss_near: 0.1982 (0.1991)  loss_rand: 0.0419 (0.0425)  loss_srf: 0.0419 (0.0425)  loss_kl: 0.0217 (0.0241)  loss_grads: 0.6313 (0.6466)  iou: 0.9343 (0.9345)  time: 0.9549  data: 0.0014  max mem: 27715
[19:11:56.693362] Epoch: [1]  [ 1320/10922]  eta: 2:33:15  lr: 0.000100  loss: 0.2885 (0.2909)  loss_near: 0.1980 (0.1991)  loss_rand: 0.0421 (0.0425)  loss_srf: 0.0421 (0.0425)  loss_kl: 0.0217 (0.0241)  loss_grads: 0.6290 (0.6464)  iou: 0.9343 (0.9345)  time: 0.9557  data: 0.0015  max mem: 27715
[19:12:15.808205] Epoch: [1]  [ 1340/10922]  eta: 2:32:55  lr: 0.000100  loss: 0.2891 (0.2908)  loss_near: 0.1979 (0.1991)  loss_rand: 0.0423 (0.0425)  loss_srf: 0.0423 (0.0425)  loss_kl: 0.0217 (0.0240)  loss_grads: 0.6291 (0.6461)  iou: 0.9345 (0.9345)  time: 0.9557  data: 0.0015  max mem: 27715
[19:12:34.924819] Epoch: [1]  [ 1360/10922]  eta: 2:32:36  lr: 0.000100  loss: 0.2891 (0.2908)  loss_near: 0.1984 (0.1991)  loss_rand: 0.0422 (0.0425)  loss_srf: 0.0422 (0.0425)  loss_kl: 0.0216 (0.0240)  loss_grads: 0.6319 (0.6459)  iou: 0.9342 (0.9345)  time: 0.9558  data: 0.0015  max mem: 27715
[19:12:54.040124] Epoch: [1]  [ 1380/10922]  eta: 2:32:16  lr: 0.000100  loss: 0.2888 (0.2908)  loss_near: 0.1979 (0.1990)  loss_rand: 0.0423 (0.0425)  loss_srf: 0.0423 (0.0425)  loss_kl: 0.0215 (0.0240)  loss_grads: 0.6300 (0.6457)  iou: 0.9348 (0.9345)  time: 0.9557  data: 0.0016  max mem: 27715
[19:13:13.163311] Epoch: [1]  [ 1400/10922]  eta: 2:31:57  lr: 0.000100  loss: 0.2885 (0.2907)  loss_near: 0.1979 (0.1990)  loss_rand: 0.0422 (0.0425)  loss_srf: 0.0422 (0.0425)  loss_kl: 0.0215 (0.0239)  loss_grads: 0.6273 (0.6454)  iou: 0.9341 (0.9345)  time: 0.9561  data: 0.0016  max mem: 27715
[19:13:32.269292] Epoch: [1]  [ 1420/10922]  eta: 2:31:38  lr: 0.000100  loss: 0.2886 (0.2907)  loss_near: 0.1978 (0.1990)  loss_rand: 0.0421 (0.0425)  loss_srf: 0.0421 (0.0425)  loss_kl: 0.0214 (0.0239)  loss_grads: 0.6281 (0.6452)  iou: 0.9346 (0.9345)  time: 0.9552  data: 0.0014  max mem: 27715
[19:13:51.383413] Epoch: [1]  [ 1440/10922]  eta: 2:31:18  lr: 0.000100  loss: 0.2880 (0.2907)  loss_near: 0.1980 (0.1990)  loss_rand: 0.0419 (0.0425)  loss_srf: 0.0419 (0.0425)  loss_kl: 0.0214 (0.0239)  loss_grads: 0.6279 (0.6450)  iou: 0.9344 (0.9345)  time: 0.9557  data: 0.0014  max mem: 27715
[19:14:10.489199] Epoch: [1]  [ 1460/10922]  eta: 2:30:59  lr: 0.000100  loss: 0.2883 (0.2906)  loss_near: 0.1977 (0.1990)  loss_rand: 0.0421 (0.0425)  loss_srf: 0.0421 (0.0425)  loss_kl: 0.0213 (0.0238)  loss_grads: 0.6255 (0.6447)  iou: 0.9343 (0.9345)  time: 0.9552  data: 0.0015  max mem: 27715
[19:14:29.597490] Epoch: [1]  [ 1480/10922]  eta: 2:30:39  lr: 0.000100  loss: 0.2882 (0.2906)  loss_near: 0.1979 (0.1990)  loss_rand: 0.0419 (0.0425)  loss_srf: 0.0419 (0.0425)  loss_kl: 0.0212 (0.0238)  loss_grads: 0.6259 (0.6445)  iou: 0.9342 (0.9345)  time: 0.9554  data: 0.0015  max mem: 27715
[19:14:48.709696] Epoch: [1]  [ 1500/10922]  eta: 2:30:20  lr: 0.000100  loss: 0.2886 (0.2906)  loss_near: 0.1979 (0.1989)  loss_rand: 0.0421 (0.0425)  loss_srf: 0.0421 (0.0425)  loss_kl: 0.0211 (0.0238)  loss_grads: 0.6266 (0.6442)  iou: 0.9343 (0.9345)  time: 0.9556  data: 0.0015  max mem: 27715
[19:15:07.833512] Epoch: [1]  [ 1520/10922]  eta: 2:30:01  lr: 0.000100  loss: 0.2878 (0.2906)  loss_near: 0.1976 (0.1989)  loss_rand: 0.0419 (0.0425)  loss_srf: 0.0419 (0.0425)  loss_kl: 0.0212 (0.0237)  loss_grads: 0.6266 (0.6440)  iou: 0.9345 (0.9345)  time: 0.9561  data: 0.0015  max mem: 27715
[19:15:26.949869] Epoch: [1]  [ 1540/10922]  eta: 2:29:41  lr: 0.000100  loss: 0.2881 (0.2905)  loss_near: 0.1975 (0.1989)  loss_rand: 0.0419 (0.0425)  loss_srf: 0.0419 (0.0425)  loss_kl: 0.0211 (0.0237)  loss_grads: 0.6255 (0.6438)  iou: 0.9344 (0.9345)  time: 0.9558  data: 0.0015  max mem: 27715
[19:15:46.063728] Epoch: [1]  [ 1560/10922]  eta: 2:29:22  lr: 0.000100  loss: 0.2877 (0.2905)  loss_near: 0.1976 (0.1989)  loss_rand: 0.0418 (0.0425)  loss_srf: 0.0418 (0.0425)  loss_kl: 0.0210 (0.0237)  loss_grads: 0.6246 (0.6435)  iou: 0.9344 (0.9345)  time: 0.9556  data: 0.0014  max mem: 27715
[19:16:05.177763] Epoch: [1]  [ 1580/10922]  eta: 2:29:03  lr: 0.000100  loss: 0.2883 (0.2905)  loss_near: 0.1979 (0.1989)  loss_rand: 0.0420 (0.0425)  loss_srf: 0.0420 (0.0425)  loss_kl: 0.0210 (0.0236)  loss_grads: 0.6235 (0.6433)  iou: 0.9344 (0.9345)  time: 0.9556  data: 0.0014  max mem: 27715
[19:16:24.303740] Epoch: [1]  [ 1600/10922]  eta: 2:28:43  lr: 0.000100  loss: 0.2881 (0.2904)  loss_near: 0.1979 (0.1989)  loss_rand: 0.0420 (0.0424)  loss_srf: 0.0420 (0.0424)  loss_kl: 0.0210 (0.0236)  loss_grads: 0.6236 (0.6430)  iou: 0.9345 (0.9345)  time: 0.9562  data: 0.0015  max mem: 27715
[19:16:43.415938] Epoch: [1]  [ 1620/10922]  eta: 2:28:24  lr: 0.000100  loss: 0.2876 (0.2904)  loss_near: 0.1975 (0.1988)  loss_rand: 0.0417 (0.0424)  loss_srf: 0.0417 (0.0424)  loss_kl: 0.0209 (0.0236)  loss_grads: 0.6225 (0.6428)  iou: 0.9345 (0.9345)  time: 0.9556  data: 0.0015  max mem: 27715
[19:17:02.525671] Epoch: [1]  [ 1640/10922]  eta: 2:28:05  lr: 0.000100  loss: 0.2879 (0.2904)  loss_near: 0.1977 (0.1988)  loss_rand: 0.0420 (0.0424)  loss_srf: 0.0420 (0.0424)  loss_kl: 0.0209 (0.0235)  loss_grads: 0.6215 (0.6425)  iou: 0.9343 (0.9345)  time: 0.9554  data: 0.0014  max mem: 27715
[19:17:21.638810] Epoch: [1]  [ 1660/10922]  eta: 2:27:45  lr: 0.000100  loss: 0.2878 (0.2903)  loss_near: 0.1976 (0.1988)  loss_rand: 0.0420 (0.0424)  loss_srf: 0.0420 (0.0424)  loss_kl: 0.0208 (0.0235)  loss_grads: 0.6233 (0.6423)  iou: 0.9344 (0.9345)  time: 0.9556  data: 0.0015  max mem: 27715
[19:17:40.772637] Epoch: [1]  [ 1680/10922]  eta: 2:27:26  lr: 0.000100  loss: 0.2876 (0.2903)  loss_near: 0.1975 (0.1988)  loss_rand: 0.0418 (0.0424)  loss_srf: 0.0418 (0.0424)  loss_kl: 0.0208 (0.0235)  loss_grads: 0.6216 (0.6421)  iou: 0.9344 (0.9345)  time: 0.9566  data: 0.0015  max mem: 27715
[19:17:59.882595] Epoch: [1]  [ 1700/10922]  eta: 2:27:07  lr: 0.000100  loss: 0.2878 (0.2903)  loss_near: 0.1976 (0.1988)  loss_rand: 0.0419 (0.0424)  loss_srf: 0.0419 (0.0424)  loss_kl: 0.0207 (0.0234)  loss_grads: 0.6221 (0.6418)  iou: 0.9344 (0.9345)  time: 0.9554  data: 0.0015  max mem: 27715
[19:18:18.988890] Epoch: [1]  [ 1720/10922]  eta: 2:26:48  lr: 0.000100  loss: 0.2878 (0.2902)  loss_near: 0.1975 (0.1988)  loss_rand: 0.0419 (0.0424)  loss_srf: 0.0419 (0.0424)  loss_kl: 0.0207 (0.0234)  loss_grads: 0.6202 (0.6416)  iou: 0.9343 (0.9344)  time: 0.9553  data: 0.0015  max mem: 27715
[19:18:38.097573] Epoch: [1]  [ 1740/10922]  eta: 2:26:28  lr: 0.000100  loss: 0.2877 (0.2902)  loss_near: 0.1975 (0.1988)  loss_rand: 0.0419 (0.0424)  loss_srf: 0.0419 (0.0424)  loss_kl: 0.0206 (0.0234)  loss_grads: 0.6193 (0.6413)  iou: 0.9343 (0.9344)  time: 0.9554  data: 0.0016  max mem: 27715
[19:18:57.213814] Epoch: [1]  [ 1760/10922]  eta: 2:26:09  lr: 0.000100  loss: 0.2874 (0.2902)  loss_near: 0.1974 (0.1987)  loss_rand: 0.0418 (0.0424)  loss_srf: 0.0418 (0.0424)  loss_kl: 0.0205 (0.0233)  loss_grads: 0.6205 (0.6411)  iou: 0.9343 (0.9344)  time: 0.9558  data: 0.0015  max mem: 27715
[19:19:16.325836] Epoch: [1]  [ 1780/10922]  eta: 2:25:50  lr: 0.000100  loss: 0.2874 (0.2901)  loss_near: 0.1973 (0.1987)  loss_rand: 0.0418 (0.0424)  loss_srf: 0.0418 (0.0424)  loss_kl: 0.0205 (0.0233)  loss_grads: 0.6184 (0.6408)  iou: 0.9345 (0.9344)  time: 0.9555  data: 0.0015  max mem: 27715
[19:19:35.443485] Epoch: [1]  [ 1800/10922]  eta: 2:25:30  lr: 0.000100  loss: 0.2872 (0.2901)  loss_near: 0.1977 (0.1987)  loss_rand: 0.0416 (0.0424)  loss_srf: 0.0416 (0.0424)  loss_kl: 0.0204 (0.0233)  loss_grads: 0.6178 (0.6406)  iou: 0.9343 (0.9344)  time: 0.9558  data: 0.0015  max mem: 27715
[19:19:54.547822] Epoch: [1]  [ 1820/10922]  eta: 2:25:11  lr: 0.000100  loss: 0.2869 (0.2901)  loss_near: 0.1973 (0.1987)  loss_rand: 0.0416 (0.0424)  loss_srf: 0.0416 (0.0424)  loss_kl: 0.0204 (0.0232)  loss_grads: 0.6165 (0.6403)  iou: 0.9343 (0.9344)  time: 0.9552  data: 0.0014  max mem: 27715
[19:20:13.672244] Epoch: [1]  [ 1840/10922]  eta: 2:24:52  lr: 0.000100  loss: 0.2877 (0.2901)  loss_near: 0.1973 (0.1987)  loss_rand: 0.0420 (0.0424)  loss_srf: 0.0420 (0.0424)  loss_kl: 0.0204 (0.0232)  loss_grads: 0.6169 (0.6401)  iou: 0.9344 (0.9344)  time: 0.9562  data: 0.0015  max mem: 27715
[19:20:32.776242] Epoch: [1]  [ 1860/10922]  eta: 2:24:32  lr: 0.000100  loss: 0.2874 (0.2900)  loss_near: 0.1977 (0.1987)  loss_rand: 0.0417 (0.0424)  loss_srf: 0.0417 (0.0424)  loss_kl: 0.0204 (0.0232)  loss_grads: 0.6155 (0.6398)  iou: 0.9342 (0.9344)  time: 0.9551  data: 0.0015  max mem: 27715
[19:20:51.890750] Epoch: [1]  [ 1880/10922]  eta: 2:24:13  lr: 0.000100  loss: 0.2872 (0.2900)  loss_near: 0.1973 (0.1987)  loss_rand: 0.0418 (0.0424)  loss_srf: 0.0418 (0.0424)  loss_kl: 0.0204 (0.0231)  loss_grads: 0.6164 (0.6396)  iou: 0.9344 (0.9344)  time: 0.9557  data: 0.0015  max mem: 27715
[19:21:11.005451] Epoch: [1]  [ 1900/10922]  eta: 2:23:54  lr: 0.000100  loss: 0.2872 (0.2900)  loss_near: 0.1973 (0.1987)  loss_rand: 0.0416 (0.0423)  loss_srf: 0.0416 (0.0423)  loss_kl: 0.0203 (0.0231)  loss_grads: 0.6149 (0.6393)  iou: 0.9342 (0.9344)  time: 0.9557  data: 0.0014  max mem: 27715
[19:21:30.244473] Epoch: [1]  [ 1920/10922]  eta: 2:23:35  lr: 0.000100  loss: 0.2871 (0.2899)  loss_near: 0.1972 (0.1986)  loss_rand: 0.0419 (0.0423)  loss_srf: 0.0419 (0.0423)  loss_kl: 0.0203 (0.0231)  loss_grads: 0.6156 (0.6391)  iou: 0.9346 (0.9344)  time: 0.9619  data: 0.0014  max mem: 27715
[19:21:49.360147] Epoch: [1]  [ 1940/10922]  eta: 2:23:16  lr: 0.000100  loss: 0.2876 (0.2899)  loss_near: 0.1975 (0.1986)  loss_rand: 0.0418 (0.0423)  loss_srf: 0.0418 (0.0423)  loss_kl: 0.0203 (0.0231)  loss_grads: 0.6145 (0.6388)  iou: 0.9342 (0.9344)  time: 0.9557  data: 0.0015  max mem: 27715
[19:22:08.485512] Epoch: [1]  [ 1960/10922]  eta: 2:22:57  lr: 0.000100  loss: 0.2878 (0.2899)  loss_near: 0.1976 (0.1986)  loss_rand: 0.0419 (0.0423)  loss_srf: 0.0419 (0.0423)  loss_kl: 0.0203 (0.0230)  loss_grads: 0.6141 (0.6386)  iou: 0.9344 (0.9344)  time: 0.9559  data: 0.0017  max mem: 27715
[19:22:27.590608] Epoch: [1]  [ 1980/10922]  eta: 2:22:37  lr: 0.000100  loss: 0.2882 (0.2899)  loss_near: 0.1975 (0.1986)  loss_rand: 0.0422 (0.0423)  loss_srf: 0.0422 (0.0423)  loss_kl: 0.0203 (0.0230)  loss_grads: 0.6145 (0.6383)  iou: 0.9351 (0.9344)  time: 0.9552  data: 0.0014  max mem: 27715
[19:22:46.723338] Epoch: [1]  [ 2000/10922]  eta: 2:22:18  lr: 0.000100  loss: 0.2879 (0.2899)  loss_near: 0.1987 (0.1986)  loss_rand: 0.0416 (0.0423)  loss_srf: 0.0416 (0.0423)  loss_kl: 0.0202 (0.0230)  loss_grads: 0.6133 (0.6381)  iou: 0.9338 (0.9344)  time: 0.9566  data: 0.0016  max mem: 27715
[19:23:05.865750] Epoch: [1]  [ 2020/10922]  eta: 2:21:59  lr: 0.000100  loss: 0.2882 (0.2898)  loss_near: 0.1979 (0.1986)  loss_rand: 0.0421 (0.0423)  loss_srf: 0.0421 (0.0423)  loss_kl: 0.0202 (0.0229)  loss_grads: 0.6126 (0.6378)  iou: 0.9349 (0.9344)  time: 0.9571  data: 0.0015  max mem: 27715
[19:23:25.003343] Epoch: [1]  [ 2040/10922]  eta: 2:21:40  lr: 0.000100  loss: 0.2884 (0.2898)  loss_near: 0.1980 (0.1986)  loss_rand: 0.0420 (0.0423)  loss_srf: 0.0420 (0.0423)  loss_kl: 0.0202 (0.0229)  loss_grads: 0.6131 (0.6376)  iou: 0.9340 (0.9344)  time: 0.9568  data: 0.0015  max mem: 27715
[19:23:44.149667] Epoch: [1]  [ 2060/10922]  eta: 2:21:21  lr: 0.000100  loss: 0.2871 (0.2898)  loss_near: 0.1974 (0.1986)  loss_rand: 0.0415 (0.0423)  loss_srf: 0.0415 (0.0423)  loss_kl: 0.0202 (0.0229)  loss_grads: 0.6133 (0.6374)  iou: 0.9343 (0.9344)  time: 0.9573  data: 0.0015  max mem: 27715
[19:24:03.307188] Epoch: [1]  [ 2080/10922]  eta: 2:21:02  lr: 0.000100  loss: 0.2872 (0.2898)  loss_near: 0.1973 (0.1986)  loss_rand: 0.0418 (0.0423)  loss_srf: 0.0418 (0.0423)  loss_kl: 0.0201 (0.0229)  loss_grads: 0.6127 (0.6371)  iou: 0.9343 (0.9344)  time: 0.9578  data: 0.0015  max mem: 27715
[19:24:22.469581] Epoch: [1]  [ 2100/10922]  eta: 2:20:43  lr: 0.000100  loss: 0.2873 (0.2898)  loss_near: 0.1972 (0.1986)  loss_rand: 0.0419 (0.0423)  loss_srf: 0.0419 (0.0423)  loss_kl: 0.0200 (0.0228)  loss_grads: 0.6125 (0.6369)  iou: 0.9343 (0.9344)  time: 0.9581  data: 0.0015  max mem: 27715
[19:24:41.631707] Epoch: [1]  [ 2120/10922]  eta: 2:20:24  lr: 0.000100  loss: 0.2866 (0.2897)  loss_near: 0.1971 (0.1985)  loss_rand: 0.0416 (0.0423)  loss_srf: 0.0416 (0.0423)  loss_kl: 0.0200 (0.0228)  loss_grads: 0.6107 (0.6367)  iou: 0.9344 (0.9344)  time: 0.9581  data: 0.0015  max mem: 27715
[19:25:00.791326] Epoch: [1]  [ 2140/10922]  eta: 2:20:04  lr: 0.000100  loss: 0.2864 (0.2897)  loss_near: 0.1972 (0.1985)  loss_rand: 0.0415 (0.0423)  loss_srf: 0.0415 (0.0423)  loss_kl: 0.0199 (0.0228)  loss_grads: 0.6123 (0.6364)  iou: 0.9343 (0.9344)  time: 0.9579  data: 0.0014  max mem: 27715
[19:25:19.966162] Epoch: [1]  [ 2160/10922]  eta: 2:19:45  lr: 0.000100  loss: 0.2874 (0.2897)  loss_near: 0.1972 (0.1985)  loss_rand: 0.0419 (0.0423)  loss_srf: 0.0419 (0.0423)  loss_kl: 0.0200 (0.0228)  loss_grads: 0.6114 (0.6362)  iou: 0.9345 (0.9344)  time: 0.9587  data: 0.0014  max mem: 27715
[19:25:39.124778] Epoch: [1]  [ 2180/10922]  eta: 2:19:26  lr: 0.000100  loss: 0.2870 (0.2897)  loss_near: 0.1974 (0.1985)  loss_rand: 0.0416 (0.0423)  loss_srf: 0.0416 (0.0423)  loss_kl: 0.0199 (0.0227)  loss_grads: 0.6100 (0.6360)  iou: 0.9343 (0.9344)  time: 0.9579  data: 0.0015  max mem: 27715
[19:25:58.292507] Epoch: [1]  [ 2200/10922]  eta: 2:19:07  lr: 0.000100  loss: 0.2866 (0.2896)  loss_near: 0.1971 (0.1985)  loss_rand: 0.0416 (0.0423)  loss_srf: 0.0416 (0.0423)  loss_kl: 0.0199 (0.0227)  loss_grads: 0.6113 (0.6357)  iou: 0.9345 (0.9344)  time: 0.9583  data: 0.0016  max mem: 27715
[19:26:17.453697] Epoch: [1]  [ 2220/10922]  eta: 2:18:48  lr: 0.000100  loss: 0.2872 (0.2896)  loss_near: 0.1974 (0.1985)  loss_rand: 0.0417 (0.0423)  loss_srf: 0.0417 (0.0423)  loss_kl: 0.0199 (0.0227)  loss_grads: 0.6092 (0.6355)  iou: 0.9345 (0.9344)  time: 0.9580  data: 0.0014  max mem: 27715
[19:26:36.619874] Epoch: [1]  [ 2240/10922]  eta: 2:18:29  lr: 0.000100  loss: 0.2872 (0.2896)  loss_near: 0.1969 (0.1985)  loss_rand: 0.0419 (0.0423)  loss_srf: 0.0419 (0.0423)  loss_kl: 0.0198 (0.0227)  loss_grads: 0.6079 (0.6353)  iou: 0.9343 (0.9344)  time: 0.9583  data: 0.0014  max mem: 27715
[19:26:55.794117] Epoch: [1]  [ 2260/10922]  eta: 2:18:10  lr: 0.000100  loss: 0.2867 (0.2896)  loss_near: 0.1969 (0.1985)  loss_rand: 0.0417 (0.0423)  loss_srf: 0.0417 (0.0423)  loss_kl: 0.0198 (0.0226)  loss_grads: 0.6076 (0.6350)  iou: 0.9343 (0.9344)  time: 0.9587  data: 0.0015  max mem: 27715
[19:27:14.956630] Epoch: [1]  [ 2280/10922]  eta: 2:17:51  lr: 0.000100  loss: 0.2869 (0.2895)  loss_near: 0.1972 (0.1985)  loss_rand: 0.0417 (0.0423)  loss_srf: 0.0417 (0.0423)  loss_kl: 0.0197 (0.0226)  loss_grads: 0.6090 (0.6348)  iou: 0.9342 (0.9344)  time: 0.9581  data: 0.0015  max mem: 27715
[19:27:34.122682] Epoch: [1]  [ 2300/10922]  eta: 2:17:32  lr: 0.000100  loss: 0.2866 (0.2895)  loss_near: 0.1970 (0.1984)  loss_rand: 0.0416 (0.0423)  loss_srf: 0.0416 (0.0423)  loss_kl: 0.0197 (0.0226)  loss_grads: 0.6077 (0.6346)  iou: 0.9343 (0.9344)  time: 0.9582  data: 0.0015  max mem: 27715
[19:27:53.296308] Epoch: [1]  [ 2320/10922]  eta: 2:17:13  lr: 0.000100  loss: 0.2864 (0.2895)  loss_near: 0.1971 (0.1984)  loss_rand: 0.0416 (0.0422)  loss_srf: 0.0416 (0.0422)  loss_kl: 0.0197 (0.0226)  loss_grads: 0.6062 (0.6343)  iou: 0.9343 (0.9344)  time: 0.9586  data: 0.0015  max mem: 27715
[19:28:12.464324] Epoch: [1]  [ 2340/10922]  eta: 2:16:54  lr: 0.000100  loss: 0.2865 (0.2895)  loss_near: 0.1970 (0.1984)  loss_rand: 0.0416 (0.0422)  loss_srf: 0.0416 (0.0422)  loss_kl: 0.0196 (0.0225)  loss_grads: 0.6078 (0.6341)  iou: 0.9343 (0.9344)  time: 0.9583  data: 0.0014  max mem: 27715
[19:28:31.627714] Epoch: [1]  [ 2360/10922]  eta: 2:16:35  lr: 0.000100  loss: 0.2860 (0.2894)  loss_near: 0.1970 (0.1984)  loss_rand: 0.0415 (0.0422)  loss_srf: 0.0415 (0.0422)  loss_kl: 0.0196 (0.0225)  loss_grads: 0.6059 (0.6339)  iou: 0.9343 (0.9344)  time: 0.9581  data: 0.0014  max mem: 27715
[19:28:50.777771] Epoch: [1]  [ 2380/10922]  eta: 2:16:16  lr: 0.000100  loss: 0.2866 (0.2894)  loss_near: 0.1968 (0.1984)  loss_rand: 0.0418 (0.0422)  loss_srf: 0.0418 (0.0422)  loss_kl: 0.0195 (0.0225)  loss_grads: 0.6046 (0.6336)  iou: 0.9345 (0.9344)  time: 0.9575  data: 0.0015  max mem: 27715
[19:29:09.930737] Epoch: [1]  [ 2400/10922]  eta: 2:15:57  lr: 0.000100  loss: 0.2869 (0.2894)  loss_near: 0.1973 (0.1984)  loss_rand: 0.0415 (0.0422)  loss_srf: 0.0415 (0.0422)  loss_kl: 0.0195 (0.0225)  loss_grads: 0.6055 (0.6334)  iou: 0.9342 (0.9344)  time: 0.9576  data: 0.0015  max mem: 27715
[19:29:29.056934] Epoch: [1]  [ 2420/10922]  eta: 2:15:37  lr: 0.000100  loss: 0.2864 (0.2894)  loss_near: 0.1970 (0.1984)  loss_rand: 0.0417 (0.0422)  loss_srf: 0.0417 (0.0422)  loss_kl: 0.0194 (0.0224)  loss_grads: 0.6060 (0.6332)  iou: 0.9344 (0.9344)  time: 0.9563  data: 0.0014  max mem: 27715
[19:29:48.183043] Epoch: [1]  [ 2440/10922]  eta: 2:15:18  lr: 0.000100  loss: 0.2866 (0.2893)  loss_near: 0.1971 (0.1984)  loss_rand: 0.0416 (0.0422)  loss_srf: 0.0416 (0.0422)  loss_kl: 0.0193 (0.0224)  loss_grads: 0.6038 (0.6329)  iou: 0.9344 (0.9344)  time: 0.9562  data: 0.0014  max mem: 27715
[19:30:07.322935] Epoch: [1]  [ 2460/10922]  eta: 2:14:59  lr: 0.000100  loss: 0.2867 (0.2893)  loss_near: 0.1971 (0.1983)  loss_rand: 0.0416 (0.0422)  loss_srf: 0.0416 (0.0422)  loss_kl: 0.0193 (0.0224)  loss_grads: 0.6036 (0.6327)  iou: 0.9342 (0.9344)  time: 0.9569  data: 0.0014  max mem: 27715
[19:30:26.482746] Epoch: [1]  [ 2480/10922]  eta: 2:14:40  lr: 0.000100  loss: 0.2871 (0.2893)  loss_near: 0.1970 (0.1983)  loss_rand: 0.0419 (0.0422)  loss_srf: 0.0419 (0.0422)  loss_kl: 0.0193 (0.0224)  loss_grads: 0.6067 (0.6325)  iou: 0.9346 (0.9344)  time: 0.9579  data: 0.0015  max mem: 27715
[19:30:45.645107] Epoch: [1]  [ 2500/10922]  eta: 2:14:21  lr: 0.000100  loss: 0.2870 (0.2893)  loss_near: 0.1975 (0.1983)  loss_rand: 0.0416 (0.0422)  loss_srf: 0.0416 (0.0422)  loss_kl: 0.0192 (0.0223)  loss_grads: 0.6035 (0.6323)  iou: 0.9339 (0.9344)  time: 0.9581  data: 0.0015  max mem: 27715
[19:31:04.813212] Epoch: [1]  [ 2520/10922]  eta: 2:14:02  lr: 0.000100  loss: 0.2870 (0.2893)  loss_near: 0.1972 (0.1983)  loss_rand: 0.0418 (0.0422)  loss_srf: 0.0418 (0.0422)  loss_kl: 0.0192 (0.0223)  loss_grads: 0.6050 (0.6321)  iou: 0.9345 (0.9344)  time: 0.9584  data: 0.0016  max mem: 27715
[19:31:23.970670] Epoch: [1]  [ 2540/10922]  eta: 2:13:43  lr: 0.000100  loss: 0.2874 (0.2893)  loss_near: 0.1976 (0.1983)  loss_rand: 0.0418 (0.0422)  loss_srf: 0.0418 (0.0422)  loss_kl: 0.0192 (0.0223)  loss_grads: 0.6045 (0.6318)  iou: 0.9347 (0.9344)  time: 0.9578  data: 0.0015  max mem: 27715
[19:31:43.137994] Epoch: [1]  [ 2560/10922]  eta: 2:13:24  lr: 0.000100  loss: 0.2871 (0.2892)  loss_near: 0.1981 (0.1983)  loss_rand: 0.0415 (0.0422)  loss_srf: 0.0415 (0.0422)  loss_kl: 0.0191 (0.0223)  loss_grads: 0.6052 (0.6316)  iou: 0.9337 (0.9344)  time: 0.9583  data: 0.0015  max mem: 27715
[19:32:02.298280] Epoch: [1]  [ 2580/10922]  eta: 2:13:05  lr: 0.000100  loss: 0.2879 (0.2892)  loss_near: 0.1975 (0.1983)  loss_rand: 0.0420 (0.0422)  loss_srf: 0.0420 (0.0422)  loss_kl: 0.0191 (0.0222)  loss_grads: 0.6061 (0.6314)  iou: 0.9353 (0.9344)  time: 0.9580  data: 0.0015  max mem: 27715
[19:32:21.445140] Epoch: [1]  [ 2600/10922]  eta: 2:12:45  lr: 0.000100  loss: 0.2877 (0.2892)  loss_near: 0.1979 (0.1983)  loss_rand: 0.0414 (0.0422)  loss_srf: 0.0414 (0.0422)  loss_kl: 0.0190 (0.0222)  loss_grads: 0.6046 (0.6312)  iou: 0.9339 (0.9344)  time: 0.9573  data: 0.0016  max mem: 27715
[19:32:40.582263] Epoch: [1]  [ 2620/10922]  eta: 2:12:26  lr: 0.000100  loss: 0.2870 (0.2892)  loss_near: 0.1974 (0.1983)  loss_rand: 0.0418 (0.0422)  loss_srf: 0.0418 (0.0422)  loss_kl: 0.0190 (0.0222)  loss_grads: 0.6040 (0.6310)  iou: 0.9340 (0.9344)  time: 0.9568  data: 0.0015  max mem: 27715
[19:32:59.729737] Epoch: [1]  [ 2640/10922]  eta: 2:12:07  lr: 0.000100  loss: 0.2862 (0.2892)  loss_near: 0.1968 (0.1983)  loss_rand: 0.0415 (0.0422)  loss_srf: 0.0415 (0.0422)  loss_kl: 0.0191 (0.0222)  loss_grads: 0.6044 (0.6308)  iou: 0.9345 (0.9344)  time: 0.9573  data: 0.0015  max mem: 27715
[19:33:18.854396] Epoch: [1]  [ 2660/10922]  eta: 2:11:48  lr: 0.000100  loss: 0.2859 (0.2892)  loss_near: 0.1970 (0.1983)  loss_rand: 0.0413 (0.0422)  loss_srf: 0.0413 (0.0422)  loss_kl: 0.0190 (0.0221)  loss_grads: 0.6027 (0.6306)  iou: 0.9344 (0.9344)  time: 0.9562  data: 0.0016  max mem: 27715
[19:33:37.973028] Epoch: [1]  [ 2680/10922]  eta: 2:11:29  lr: 0.000100  loss: 0.2866 (0.2891)  loss_near: 0.1969 (0.1983)  loss_rand: 0.0417 (0.0422)  loss_srf: 0.0417 (0.0422)  loss_kl: 0.0190 (0.0221)  loss_grads: 0.6045 (0.6304)  iou: 0.9342 (0.9344)  time: 0.9559  data: 0.0015  max mem: 27715
[19:33:57.076924] Epoch: [1]  [ 2700/10922]  eta: 2:11:09  lr: 0.000100  loss: 0.2863 (0.2891)  loss_near: 0.1967 (0.1983)  loss_rand: 0.0417 (0.0422)  loss_srf: 0.0417 (0.0422)  loss_kl: 0.0189 (0.0221)  loss_grads: 0.6037 (0.6302)  iou: 0.9342 (0.9344)  time: 0.9551  data: 0.0016  max mem: 27715
[19:34:16.208666] Epoch: [1]  [ 2720/10922]  eta: 2:10:50  lr: 0.000100  loss: 0.2862 (0.2891)  loss_near: 0.1967 (0.1982)  loss_rand: 0.0416 (0.0422)  loss_srf: 0.0416 (0.0422)  loss_kl: 0.0190 (0.0221)  loss_grads: 0.6023 (0.6300)  iou: 0.9344 (0.9344)  time: 0.9565  data: 0.0015  max mem: 27715
[19:34:35.331048] Epoch: [1]  [ 2740/10922]  eta: 2:10:31  lr: 0.000100  loss: 0.2860 (0.2891)  loss_near: 0.1968 (0.1982)  loss_rand: 0.0414 (0.0422)  loss_srf: 0.0414 (0.0422)  loss_kl: 0.0189 (0.0220)  loss_grads: 0.6017 (0.6298)  iou: 0.9343 (0.9344)  time: 0.9561  data: 0.0014  max mem: 27715
[19:34:54.437132] Epoch: [1]  [ 2760/10922]  eta: 2:10:12  lr: 0.000100  loss: 0.2858 (0.2891)  loss_near: 0.1967 (0.1982)  loss_rand: 0.0414 (0.0422)  loss_srf: 0.0414 (0.0422)  loss_kl: 0.0189 (0.0220)  loss_grads: 0.5995 (0.6296)  iou: 0.9344 (0.9344)  time: 0.9552  data: 0.0014  max mem: 27715
[19:35:13.540395] Epoch: [1]  [ 2780/10922]  eta: 2:09:53  lr: 0.000100  loss: 0.2860 (0.2890)  loss_near: 0.1969 (0.1982)  loss_rand: 0.0415 (0.0422)  loss_srf: 0.0415 (0.0422)  loss_kl: 0.0188 (0.0220)  loss_grads: 0.5993 (0.6294)  iou: 0.9344 (0.9344)  time: 0.9551  data: 0.0014  max mem: 27715
[19:35:32.657912] Epoch: [1]  [ 2800/10922]  eta: 2:09:33  lr: 0.000100  loss: 0.2857 (0.2890)  loss_near: 0.1967 (0.1982)  loss_rand: 0.0416 (0.0421)  loss_srf: 0.0416 (0.0421)  loss_kl: 0.0188 (0.0220)  loss_grads: 0.6003 (0.6292)  iou: 0.9343 (0.9344)  time: 0.9558  data: 0.0014  max mem: 27715
[19:35:51.768635] Epoch: [1]  [ 2820/10922]  eta: 2:09:14  lr: 0.000100  loss: 0.2866 (0.2890)  loss_near: 0.1967 (0.1982)  loss_rand: 0.0418 (0.0421)  loss_srf: 0.0418 (0.0421)  loss_kl: 0.0188 (0.0220)  loss_grads: 0.5992 (0.6290)  iou: 0.9343 (0.9344)  time: 0.9555  data: 0.0014  max mem: 27715
[19:36:10.874947] Epoch: [1]  [ 2840/10922]  eta: 2:08:55  lr: 0.000100  loss: 0.2864 (0.2890)  loss_near: 0.1970 (0.1982)  loss_rand: 0.0416 (0.0421)  loss_srf: 0.0416 (0.0421)  loss_kl: 0.0187 (0.0219)  loss_grads: 0.6004 (0.6288)  iou: 0.9342 (0.9344)  time: 0.9553  data: 0.0014  max mem: 27715
[19:36:29.978813] Epoch: [1]  [ 2860/10922]  eta: 2:08:36  lr: 0.000100  loss: 0.2871 (0.2890)  loss_near: 0.1973 (0.1982)  loss_rand: 0.0418 (0.0421)  loss_srf: 0.0418 (0.0421)  loss_kl: 0.0187 (0.0219)  loss_grads: 0.5988 (0.6286)  iou: 0.9338 (0.9344)  time: 0.9551  data: 0.0014  max mem: 27715
[19:36:49.102900] Epoch: [1]  [ 2880/10922]  eta: 2:08:16  lr: 0.000100  loss: 0.2864 (0.2889)  loss_near: 0.1968 (0.1982)  loss_rand: 0.0418 (0.0421)  loss_srf: 0.0418 (0.0421)  loss_kl: 0.0187 (0.0219)  loss_grads: 0.5985 (0.6284)  iou: 0.9349 (0.9344)  time: 0.9561  data: 0.0014  max mem: 27715
[19:37:08.219757] Epoch: [1]  [ 2900/10922]  eta: 2:07:57  lr: 0.000100  loss: 0.2855 (0.2889)  loss_near: 0.1967 (0.1982)  loss_rand: 0.0414 (0.0421)  loss_srf: 0.0414 (0.0421)  loss_kl: 0.0186 (0.0219)  loss_grads: 0.5973 (0.6282)  iou: 0.9341 (0.9344)  time: 0.9558  data: 0.0015  max mem: 27715
[19:37:27.329204] Epoch: [1]  [ 2920/10922]  eta: 2:07:38  lr: 0.000100  loss: 0.2859 (0.2889)  loss_near: 0.1965 (0.1981)  loss_rand: 0.0415 (0.0421)  loss_srf: 0.0415 (0.0421)  loss_kl: 0.0186 (0.0218)  loss_grads: 0.5977 (0.6279)  iou: 0.9345 (0.9344)  time: 0.9554  data: 0.0014  max mem: 27715
[19:37:46.442100] Epoch: [1]  [ 2940/10922]  eta: 2:07:19  lr: 0.000100  loss: 0.2857 (0.2889)  loss_near: 0.1968 (0.1981)  loss_rand: 0.0414 (0.0421)  loss_srf: 0.0414 (0.0421)  loss_kl: 0.0186 (0.0218)  loss_grads: 0.5960 (0.6277)  iou: 0.9341 (0.9344)  time: 0.9556  data: 0.0016  max mem: 27715
[19:38:05.557523] Epoch: [1]  [ 2960/10922]  eta: 2:06:59  lr: 0.000100  loss: 0.2859 (0.2889)  loss_near: 0.1965 (0.1981)  loss_rand: 0.0415 (0.0421)  loss_srf: 0.0415 (0.0421)  loss_kl: 0.0185 (0.0218)  loss_grads: 0.5973 (0.6275)  iou: 0.9346 (0.9344)  time: 0.9557  data: 0.0017  max mem: 27715
[19:38:24.670387] Epoch: [1]  [ 2980/10922]  eta: 2:06:40  lr: 0.000100  loss: 0.2861 (0.2888)  loss_near: 0.1970 (0.1981)  loss_rand: 0.0414 (0.0421)  loss_srf: 0.0414 (0.0421)  loss_kl: 0.0185 (0.0218)  loss_grads: 0.5971 (0.6273)  iou: 0.9339 (0.9344)  time: 0.9556  data: 0.0015  max mem: 27715
[19:38:43.771053] Epoch: [1]  [ 3000/10922]  eta: 2:06:21  lr: 0.000100  loss: 0.2860 (0.2888)  loss_near: 0.1968 (0.1981)  loss_rand: 0.0415 (0.0421)  loss_srf: 0.0415 (0.0421)  loss_kl: 0.0185 (0.0217)  loss_grads: 0.5980 (0.6271)  iou: 0.9344 (0.9344)  time: 0.9550  data: 0.0016  max mem: 27715
[19:39:02.876782] Epoch: [1]  [ 3020/10922]  eta: 2:06:02  lr: 0.000100  loss: 0.2856 (0.2888)  loss_near: 0.1969 (0.1981)  loss_rand: 0.0413 (0.0421)  loss_srf: 0.0413 (0.0421)  loss_kl: 0.0185 (0.0217)  loss_grads: 0.5971 (0.6269)  iou: 0.9343 (0.9344)  time: 0.9552  data: 0.0016  max mem: 27715
[19:39:21.990879] Epoch: [1]  [ 3040/10922]  eta: 2:05:43  lr: 0.000100  loss: 0.2854 (0.2888)  loss_near: 0.1963 (0.1981)  loss_rand: 0.0413 (0.0421)  loss_srf: 0.0413 (0.0421)  loss_kl: 0.0184 (0.0217)  loss_grads: 0.5954 (0.6267)  iou: 0.9344 (0.9344)  time: 0.9557  data: 0.0015  max mem: 27715
[19:39:41.099192] Epoch: [1]  [ 3060/10922]  eta: 2:05:23  lr: 0.000100  loss: 0.2857 (0.2888)  loss_near: 0.1968 (0.1981)  loss_rand: 0.0415 (0.0421)  loss_srf: 0.0415 (0.0421)  loss_kl: 0.0183 (0.0217)  loss_grads: 0.5946 (0.6265)  iou: 0.9340 (0.9344)  time: 0.9554  data: 0.0016  max mem: 27715
[19:40:00.210660] Epoch: [1]  [ 3080/10922]  eta: 2:05:04  lr: 0.000100  loss: 0.2859 (0.2887)  loss_near: 0.1967 (0.1981)  loss_rand: 0.0415 (0.0421)  loss_srf: 0.0415 (0.0421)  loss_kl: 0.0184 (0.0217)  loss_grads: 0.5960 (0.6263)  iou: 0.9344 (0.9344)  time: 0.9555  data: 0.0017  max mem: 27715
[19:40:19.320243] Epoch: [1]  [ 3100/10922]  eta: 2:04:45  lr: 0.000100  loss: 0.2854 (0.2887)  loss_near: 0.1966 (0.1981)  loss_rand: 0.0413 (0.0421)  loss_srf: 0.0413 (0.0421)  loss_kl: 0.0184 (0.0216)  loss_grads: 0.5950 (0.6261)  iou: 0.9344 (0.9344)  time: 0.9554  data: 0.0016  max mem: 27715
[19:40:38.437110] Epoch: [1]  [ 3120/10922]  eta: 2:04:26  lr: 0.000100  loss: 0.2855 (0.2887)  loss_near: 0.1965 (0.1981)  loss_rand: 0.0412 (0.0421)  loss_srf: 0.0412 (0.0421)  loss_kl: 0.0183 (0.0216)  loss_grads: 0.5955 (0.6259)  iou: 0.9342 (0.9344)  time: 0.9558  data: 0.0014  max mem: 27715
[19:40:57.550966] Epoch: [1]  [ 3140/10922]  eta: 2:04:07  lr: 0.000100  loss: 0.2852 (0.2887)  loss_near: 0.1962 (0.1980)  loss_rand: 0.0413 (0.0421)  loss_srf: 0.0413 (0.0421)  loss_kl: 0.0183 (0.0216)  loss_grads: 0.5938 (0.6257)  iou: 0.9344 (0.9344)  time: 0.9556  data: 0.0014  max mem: 27715
[19:41:16.655139] Epoch: [1]  [ 3160/10922]  eta: 2:03:47  lr: 0.000100  loss: 0.2857 (0.2887)  loss_near: 0.1966 (0.1980)  loss_rand: 0.0415 (0.0421)  loss_srf: 0.0415 (0.0421)  loss_kl: 0.0183 (0.0216)  loss_grads: 0.5951 (0.6255)  iou: 0.9343 (0.9344)  time: 0.9552  data: 0.0014  max mem: 27715
[19:41:35.761595] Epoch: [1]  [ 3180/10922]  eta: 2:03:28  lr: 0.000100  loss: 0.2858 (0.2886)  loss_near: 0.1965 (0.1980)  loss_rand: 0.0415 (0.0421)  loss_srf: 0.0415 (0.0421)  loss_kl: 0.0182 (0.0216)  loss_grads: 0.5929 (0.6253)  iou: 0.9343 (0.9344)  time: 0.9553  data: 0.0015  max mem: 27715
[19:41:54.882582] Epoch: [1]  [ 3200/10922]  eta: 2:03:09  lr: 0.000100  loss: 0.2853 (0.2886)  loss_near: 0.1966 (0.1980)  loss_rand: 0.0414 (0.0421)  loss_srf: 0.0414 (0.0421)  loss_kl: 0.0182 (0.0215)  loss_grads: 0.5933 (0.6251)  iou: 0.9342 (0.9344)  time: 0.9560  data: 0.0016  max mem: 27715
[19:42:13.991965] Epoch: [1]  [ 3220/10922]  eta: 2:02:50  lr: 0.000100  loss: 0.2853 (0.2886)  loss_near: 0.1965 (0.1980)  loss_rand: 0.0415 (0.0421)  loss_srf: 0.0415 (0.0421)  loss_kl: 0.0182 (0.0215)  loss_grads: 0.5915 (0.6249)  iou: 0.9342 (0.9344)  time: 0.9554  data: 0.0016  max mem: 27715
[19:42:33.095651] Epoch: [1]  [ 3240/10922]  eta: 2:02:30  lr: 0.000100  loss: 0.2859 (0.2886)  loss_near: 0.1965 (0.1980)  loss_rand: 0.0416 (0.0421)  loss_srf: 0.0416 (0.0421)  loss_kl: 0.0182 (0.0215)  loss_grads: 0.5921 (0.6247)  iou: 0.9343 (0.9344)  time: 0.9551  data: 0.0015  max mem: 27715
[19:42:52.215841] Epoch: [1]  [ 3260/10922]  eta: 2:02:11  lr: 0.000100  loss: 0.2858 (0.2886)  loss_near: 0.1968 (0.1980)  loss_rand: 0.0415 (0.0421)  loss_srf: 0.0415 (0.0421)  loss_kl: 0.0181 (0.0215)  loss_grads: 0.5919 (0.6245)  iou: 0.9340 (0.9344)  time: 0.9560  data: 0.0015  max mem: 27715
[19:43:11.336717] Epoch: [1]  [ 3280/10922]  eta: 2:01:52  lr: 0.000100  loss: 0.2853 (0.2885)  loss_near: 0.1963 (0.1980)  loss_rand: 0.0415 (0.0421)  loss_srf: 0.0415 (0.0421)  loss_kl: 0.0181 (0.0215)  loss_grads: 0.5927 (0.6243)  iou: 0.9345 (0.9344)  time: 0.9560  data: 0.0015  max mem: 27715
[19:43:30.450485] Epoch: [1]  [ 3300/10922]  eta: 2:01:33  lr: 0.000100  loss: 0.2848 (0.2885)  loss_near: 0.1964 (0.1980)  loss_rand: 0.0412 (0.0420)  loss_srf: 0.0412 (0.0420)  loss_kl: 0.0179 (0.0214)  loss_grads: 0.5924 (0.6242)  iou: 0.9342 (0.9344)  time: 0.9556  data: 0.0014  max mem: 27715
[19:43:49.556486] Epoch: [1]  [ 3320/10922]  eta: 2:01:14  lr: 0.000100  loss: 0.2850 (0.2885)  loss_near: 0.1963 (0.1980)  loss_rand: 0.0413 (0.0420)  loss_srf: 0.0413 (0.0420)  loss_kl: 0.0179 (0.0214)  loss_grads: 0.5911 (0.6240)  iou: 0.9343 (0.9344)  time: 0.9552  data: 0.0014  max mem: 27715
[19:44:08.666098] Epoch: [1]  [ 3340/10922]  eta: 2:00:54  lr: 0.000100  loss: 0.2855 (0.2885)  loss_near: 0.1963 (0.1980)  loss_rand: 0.0415 (0.0420)  loss_srf: 0.0415 (0.0420)  loss_kl: 0.0179 (0.0214)  loss_grads: 0.5916 (0.6238)  iou: 0.9343 (0.9344)  time: 0.9554  data: 0.0015  max mem: 27715
[19:44:27.779087] Epoch: [1]  [ 3360/10922]  eta: 2:00:35  lr: 0.000100  loss: 0.2851 (0.2885)  loss_near: 0.1962 (0.1979)  loss_rand: 0.0412 (0.0420)  loss_srf: 0.0412 (0.0420)  loss_kl: 0.0178 (0.0214)  loss_grads: 0.5910 (0.6236)  iou: 0.9344 (0.9344)  time: 0.9556  data: 0.0014  max mem: 27715
[19:44:46.878660] Epoch: [1]  [ 3380/10922]  eta: 2:00:16  lr: 0.000100  loss: 0.2851 (0.2884)  loss_near: 0.1963 (0.1979)  loss_rand: 0.0414 (0.0420)  loss_srf: 0.0414 (0.0420)  loss_kl: 0.0177 (0.0213)  loss_grads: 0.5907 (0.6234)  iou: 0.9345 (0.9344)  time: 0.9549  data: 0.0014  max mem: 27715
[19:45:05.998388] Epoch: [1]  [ 3400/10922]  eta: 1:59:57  lr: 0.000100  loss: 0.2852 (0.2884)  loss_near: 0.1964 (0.1979)  loss_rand: 0.0413 (0.0420)  loss_srf: 0.0413 (0.0420)  loss_kl: 0.0178 (0.0213)  loss_grads: 0.5882 (0.6232)  iou: 0.9341 (0.9344)  time: 0.9559  data: 0.0015  max mem: 27715
[19:45:25.102740] Epoch: [1]  [ 3420/10922]  eta: 1:59:38  lr: 0.000100  loss: 0.2855 (0.2884)  loss_near: 0.1965 (0.1979)  loss_rand: 0.0413 (0.0420)  loss_srf: 0.0413 (0.0420)  loss_kl: 0.0177 (0.0213)  loss_grads: 0.5892 (0.6230)  iou: 0.9340 (0.9344)  time: 0.9552  data: 0.0016  max mem: 27715
[19:45:44.223387] Epoch: [1]  [ 3440/10922]  eta: 1:59:18  lr: 0.000100  loss: 0.2860 (0.2884)  loss_near: 0.1968 (0.1979)  loss_rand: 0.0416 (0.0420)  loss_srf: 0.0416 (0.0420)  loss_kl: 0.0177 (0.0213)  loss_grads: 0.5900 (0.6228)  iou: 0.9352 (0.9344)  time: 0.9560  data: 0.0015  max mem: 27715
[19:46:03.328094] Epoch: [1]  [ 3460/10922]  eta: 1:58:59  lr: 0.000100  loss: 0.2879 (0.2884)  loss_near: 0.1982 (0.1979)  loss_rand: 0.0415 (0.0420)  loss_srf: 0.0415 (0.0420)  loss_kl: 0.0176 (0.0213)  loss_grads: 0.5928 (0.6226)  iou: 0.9332 (0.9344)  time: 0.9552  data: 0.0014  max mem: 27715
[19:46:22.435643] Epoch: [1]  [ 3480/10922]  eta: 1:58:40  lr: 0.000100  loss: 0.2881 (0.2884)  loss_near: 0.1980 (0.1979)  loss_rand: 0.0417 (0.0420)  loss_srf: 0.0417 (0.0420)  loss_kl: 0.0176 (0.0212)  loss_grads: 0.5908 (0.6224)  iou: 0.9354 (0.9344)  time: 0.9553  data: 0.0014  max mem: 27715
[19:46:41.550640] Epoch: [1]  [ 3500/10922]  eta: 1:58:21  lr: 0.000100  loss: 0.2869 (0.2884)  loss_near: 0.1970 (0.1979)  loss_rand: 0.0419 (0.0420)  loss_srf: 0.0419 (0.0420)  loss_kl: 0.0176 (0.0212)  loss_grads: 0.5908 (0.6223)  iou: 0.9348 (0.9344)  time: 0.9557  data: 0.0016  max mem: 27715
[19:47:00.667543] Epoch: [1]  [ 3520/10922]  eta: 1:58:02  lr: 0.000100  loss: 0.2866 (0.2884)  loss_near: 0.1969 (0.1979)  loss_rand: 0.0417 (0.0420)  loss_srf: 0.0417 (0.0420)  loss_kl: 0.0175 (0.0212)  loss_grads: 0.5903 (0.6221)  iou: 0.9338 (0.9344)  time: 0.9558  data: 0.0014  max mem: 27715
[19:47:19.775566] Epoch: [1]  [ 3540/10922]  eta: 1:57:43  lr: 0.000100  loss: 0.2864 (0.2884)  loss_near: 0.1965 (0.1979)  loss_rand: 0.0418 (0.0420)  loss_srf: 0.0418 (0.0420)  loss_kl: 0.0176 (0.0212)  loss_grads: 0.5960 (0.6219)  iou: 0.9347 (0.9344)  time: 0.9553  data: 0.0014  max mem: 27715
[19:47:38.886619] Epoch: [1]  [ 3560/10922]  eta: 1:57:23  lr: 0.000100  loss: 0.2849 (0.2883)  loss_near: 0.1963 (0.1979)  loss_rand: 0.0413 (0.0420)  loss_srf: 0.0413 (0.0420)  loss_kl: 0.0176 (0.0212)  loss_grads: 0.5889 (0.6217)  iou: 0.9342 (0.9344)  time: 0.9555  data: 0.0015  max mem: 27715
[19:47:57.992581] Epoch: [1]  [ 3580/10922]  eta: 1:57:04  lr: 0.000100  loss: 0.2859 (0.2883)  loss_near: 0.1964 (0.1979)  loss_rand: 0.0417 (0.0420)  loss_srf: 0.0417 (0.0420)  loss_kl: 0.0175 (0.0211)  loss_grads: 0.5909 (0.6216)  iou: 0.9342 (0.9344)  time: 0.9552  data: 0.0014  max mem: 27715
[19:48:17.111916] Epoch: [1]  [ 3600/10922]  eta: 1:56:45  lr: 0.000100  loss: 0.2863 (0.2883)  loss_near: 0.1972 (0.1979)  loss_rand: 0.0417 (0.0420)  loss_srf: 0.0417 (0.0420)  loss_kl: 0.0176 (0.0211)  loss_grads: 0.5919 (0.6214)  iou: 0.9337 (0.9344)  time: 0.9559  data: 0.0014  max mem: 27715
[19:48:36.224868] Epoch: [1]  [ 3620/10922]  eta: 1:56:26  lr: 0.000100  loss: 0.2855 (0.2883)  loss_near: 0.1963 (0.1979)  loss_rand: 0.0414 (0.0420)  loss_srf: 0.0414 (0.0420)  loss_kl: 0.0176 (0.0211)  loss_grads: 0.5903 (0.6212)  iou: 0.9347 (0.9344)  time: 0.9556  data: 0.0016  max mem: 27715
[19:48:55.334659] Epoch: [1]  [ 3640/10922]  eta: 1:56:07  lr: 0.000100  loss: 0.2853 (0.2883)  loss_near: 0.1967 (0.1979)  loss_rand: 0.0413 (0.0420)  loss_srf: 0.0413 (0.0420)  loss_kl: 0.0177 (0.0211)  loss_grads: 0.5895 (0.6211)  iou: 0.9342 (0.9344)  time: 0.9554  data: 0.0016  max mem: 27715
[19:49:14.446682] Epoch: [1]  [ 3660/10922]  eta: 1:55:47  lr: 0.000100  loss: 0.2852 (0.2883)  loss_near: 0.1963 (0.1979)  loss_rand: 0.0415 (0.0420)  loss_srf: 0.0415 (0.0420)  loss_kl: 0.0177 (0.0211)  loss_grads: 0.5901 (0.6209)  iou: 0.9345 (0.9344)  time: 0.9555  data: 0.0015  max mem: 27715
[19:49:33.571965] Epoch: [1]  [ 3680/10922]  eta: 1:55:28  lr: 0.000100  loss: 0.2854 (0.2882)  loss_near: 0.1967 (0.1978)  loss_rand: 0.0413 (0.0420)  loss_srf: 0.0413 (0.0420)  loss_kl: 0.0177 (0.0210)  loss_grads: 0.5854 (0.6207)  iou: 0.9338 (0.9344)  time: 0.9562  data: 0.0015  max mem: 27715
[19:49:52.677017] Epoch: [1]  [ 3700/10922]  eta: 1:55:09  lr: 0.000100  loss: 0.2853 (0.2882)  loss_near: 0.1963 (0.1978)  loss_rand: 0.0414 (0.0420)  loss_srf: 0.0414 (0.0420)  loss_kl: 0.0177 (0.0210)  loss_grads: 0.5875 (0.6205)  iou: 0.9345 (0.9344)  time: 0.9552  data: 0.0015  max mem: 27715
[19:50:11.788102] Epoch: [1]  [ 3720/10922]  eta: 1:54:50  lr: 0.000100  loss: 0.2847 (0.2882)  loss_near: 0.1962 (0.1978)  loss_rand: 0.0412 (0.0420)  loss_srf: 0.0412 (0.0420)  loss_kl: 0.0177 (0.0210)  loss_grads: 0.5866 (0.6203)  iou: 0.9341 (0.9344)  time: 0.9555  data: 0.0014  max mem: 27715
[19:50:30.908390] Epoch: [1]  [ 3740/10922]  eta: 1:54:31  lr: 0.000100  loss: 0.2855 (0.2882)  loss_near: 0.1966 (0.1978)  loss_rand: 0.0415 (0.0420)  loss_srf: 0.0415 (0.0420)  loss_kl: 0.0176 (0.0210)  loss_grads: 0.5860 (0.6202)  iou: 0.9349 (0.9344)  time: 0.9560  data: 0.0015  max mem: 27715
[19:50:50.027954] Epoch: [1]  [ 3760/10922]  eta: 1:54:12  lr: 0.000100  loss: 0.2849 (0.2882)  loss_near: 0.1966 (0.1978)  loss_rand: 0.0412 (0.0420)  loss_srf: 0.0412 (0.0420)  loss_kl: 0.0176 (0.0210)  loss_grads: 0.5856 (0.6200)  iou: 0.9340 (0.9344)  time: 0.9559  data: 0.0015  max mem: 27715
[19:51:09.143874] Epoch: [1]  [ 3780/10922]  eta: 1:53:52  lr: 0.000100  loss: 0.2846 (0.2882)  loss_near: 0.1961 (0.1978)  loss_rand: 0.0413 (0.0420)  loss_srf: 0.0413 (0.0420)  loss_kl: 0.0175 (0.0210)  loss_grads: 0.5851 (0.6198)  iou: 0.9343 (0.9344)  time: 0.9557  data: 0.0015  max mem: 27715
[19:51:28.256331] Epoch: [1]  [ 3800/10922]  eta: 1:53:33  lr: 0.000100  loss: 0.2848 (0.2881)  loss_near: 0.1961 (0.1978)  loss_rand: 0.0412 (0.0420)  loss_srf: 0.0412 (0.0420)  loss_kl: 0.0175 (0.0209)  loss_grads: 0.5841 (0.6196)  iou: 0.9344 (0.9344)  time: 0.9556  data: 0.0016  max mem: 27715
[19:51:47.374646] Epoch: [1]  [ 3820/10922]  eta: 1:53:14  lr: 0.000100  loss: 0.2848 (0.2881)  loss_near: 0.1961 (0.1978)  loss_rand: 0.0413 (0.0420)  loss_srf: 0.0413 (0.0420)  loss_kl: 0.0175 (0.0209)  loss_grads: 0.5846 (0.6194)  iou: 0.9343 (0.9344)  time: 0.9559  data: 0.0014  max mem: 27715
[19:52:06.497206] Epoch: [1]  [ 3840/10922]  eta: 1:52:55  lr: 0.000100  loss: 0.2845 (0.2881)  loss_near: 0.1961 (0.1978)  loss_rand: 0.0412 (0.0420)  loss_srf: 0.0412 (0.0420)  loss_kl: 0.0174 (0.0209)  loss_grads: 0.5841 (0.6192)  iou: 0.9344 (0.9344)  time: 0.9561  data: 0.0016  max mem: 27715
[19:52:25.608667] Epoch: [1]  [ 3860/10922]  eta: 1:52:36  lr: 0.000100  loss: 0.2849 (0.2881)  loss_near: 0.1963 (0.1978)  loss_rand: 0.0413 (0.0420)  loss_srf: 0.0413 (0.0420)  loss_kl: 0.0173 (0.0209)  loss_grads: 0.5830 (0.6191)  iou: 0.9341 (0.9344)  time: 0.9555  data: 0.0015  max mem: 27715
[19:52:44.719002] Epoch: [1]  [ 3880/10922]  eta: 1:52:17  lr: 0.000100  loss: 0.2853 (0.2881)  loss_near: 0.1961 (0.1978)  loss_rand: 0.0415 (0.0420)  loss_srf: 0.0415 (0.0420)  loss_kl: 0.0173 (0.0209)  loss_grads: 0.5864 (0.6189)  iou: 0.9347 (0.9344)  time: 0.9555  data: 0.0015  max mem: 27715
[19:53:03.830947] Epoch: [1]  [ 3900/10922]  eta: 1:51:57  lr: 0.000100  loss: 0.2852 (0.2881)  loss_near: 0.1962 (0.1978)  loss_rand: 0.0414 (0.0420)  loss_srf: 0.0414 (0.0420)  loss_kl: 0.0172 (0.0208)  loss_grads: 0.5833 (0.6187)  iou: 0.9342 (0.9344)  time: 0.9555  data: 0.0015  max mem: 27715
[19:53:22.949880] Epoch: [1]  [ 3920/10922]  eta: 1:51:38  lr: 0.000100  loss: 0.2845 (0.2880)  loss_near: 0.1959 (0.1978)  loss_rand: 0.0412 (0.0420)  loss_srf: 0.0412 (0.0420)  loss_kl: 0.0171 (0.0208)  loss_grads: 0.5816 (0.6185)  iou: 0.9345 (0.9344)  time: 0.9559  data: 0.0014  max mem: 27715
[19:53:42.072337] Epoch: [1]  [ 3940/10922]  eta: 1:51:19  lr: 0.000100  loss: 0.2854 (0.2880)  loss_near: 0.1968 (0.1977)  loss_rand: 0.0414 (0.0419)  loss_srf: 0.0414 (0.0419)  loss_kl: 0.0171 (0.0208)  loss_grads: 0.5833 (0.6184)  iou: 0.9340 (0.9344)  time: 0.9561  data: 0.0015  max mem: 27715
[19:54:01.322611] Epoch: [1]  [ 3960/10922]  eta: 1:51:00  lr: 0.000100  loss: 0.2848 (0.2880)  loss_near: 0.1962 (0.1977)  loss_rand: 0.0415 (0.0419)  loss_srf: 0.0415 (0.0419)  loss_kl: 0.0170 (0.0208)  loss_grads: 0.5839 (0.6182)  iou: 0.9344 (0.9344)  time: 0.9625  data: 0.0017  max mem: 27715
[19:54:20.439198] Epoch: [1]  [ 3980/10922]  eta: 1:50:41  lr: 0.000100  loss: 0.2848 (0.2880)  loss_near: 0.1960 (0.1977)  loss_rand: 0.0414 (0.0419)  loss_srf: 0.0414 (0.0419)  loss_kl: 0.0170 (0.0208)  loss_grads: 0.5821 (0.6180)  iou: 0.9342 (0.9344)  time: 0.9558  data: 0.0015  max mem: 27715
[19:54:39.563091] Epoch: [1]  [ 4000/10922]  eta: 1:50:22  lr: 0.000100  loss: 0.2849 (0.2880)  loss_near: 0.1958 (0.1977)  loss_rand: 0.0415 (0.0419)  loss_srf: 0.0415 (0.0419)  loss_kl: 0.0169 (0.0208)  loss_grads: 0.5811 (0.6178)  iou: 0.9346 (0.9344)  time: 0.9561  data: 0.0016  max mem: 27715
[19:54:58.667259] Epoch: [1]  [ 4020/10922]  eta: 1:50:03  lr: 0.000100  loss: 0.2847 (0.2880)  loss_near: 0.1966 (0.1977)  loss_rand: 0.0411 (0.0419)  loss_srf: 0.0411 (0.0419)  loss_kl: 0.0169 (0.0207)  loss_grads: 0.5817 (0.6176)  iou: 0.9338 (0.9344)  time: 0.9552  data: 0.0015  max mem: 27715
[19:55:17.790467] Epoch: [1]  [ 4040/10922]  eta: 1:49:43  lr: 0.000100  loss: 0.2848 (0.2880)  loss_near: 0.1959 (0.1977)  loss_rand: 0.0414 (0.0419)  loss_srf: 0.0414 (0.0419)  loss_kl: 0.0168 (0.0207)  loss_grads: 0.5799 (0.6174)  iou: 0.9344 (0.9344)  time: 0.9561  data: 0.0016  max mem: 27715
[19:55:36.914118] Epoch: [1]  [ 4060/10922]  eta: 1:49:24  lr: 0.000100  loss: 0.2841 (0.2879)  loss_near: 0.1963 (0.1977)  loss_rand: 0.0410 (0.0419)  loss_srf: 0.0410 (0.0419)  loss_kl: 0.0168 (0.0207)  loss_grads: 0.5799 (0.6173)  iou: 0.9340 (0.9344)  time: 0.9561  data: 0.0016  max mem: 27715
[19:55:56.309214] Epoch: [1]  [ 4080/10922]  eta: 1:49:06  lr: 0.000100  loss: 0.2851 (0.2879)  loss_near: 0.1961 (0.1977)  loss_rand: 0.0416 (0.0419)  loss_srf: 0.0416 (0.0419)  loss_kl: 0.0168 (0.0207)  loss_grads: 0.5798 (0.6171)  iou: 0.9348 (0.9344)  time: 0.9688  data: 0.0025  max mem: 27715
[19:56:15.419000] Epoch: [1]  [ 4100/10922]  eta: 1:48:46  lr: 0.000100  loss: 0.2848 (0.2879)  loss_near: 0.1965 (0.1977)  loss_rand: 0.0412 (0.0419)  loss_srf: 0.0412 (0.0419)  loss_kl: 0.0167 (0.0207)  loss_grads: 0.5797 (0.6169)  iou: 0.9338 (0.9344)  time: 0.9554  data: 0.0015  max mem: 27715
[19:56:34.534241] Epoch: [1]  [ 4120/10922]  eta: 1:48:27  lr: 0.000100  loss: 0.2844 (0.2879)  loss_near: 0.1960 (0.1977)  loss_rand: 0.0412 (0.0419)  loss_srf: 0.0412 (0.0419)  loss_kl: 0.0166 (0.0206)  loss_grads: 0.5784 (0.6167)  iou: 0.9344 (0.9344)  time: 0.9557  data: 0.0015  max mem: 27715
[19:56:53.647693] Epoch: [1]  [ 4140/10922]  eta: 1:48:08  lr: 0.000100  loss: 0.2840 (0.2879)  loss_near: 0.1961 (0.1977)  loss_rand: 0.0410 (0.0419)  loss_srf: 0.0410 (0.0419)  loss_kl: 0.0166 (0.0206)  loss_grads: 0.5754 (0.6165)  iou: 0.9340 (0.9344)  time: 0.9556  data: 0.0014  max mem: 27715
[19:57:12.778106] Epoch: [1]  [ 4160/10922]  eta: 1:47:49  lr: 0.000100  loss: 0.2845 (0.2879)  loss_near: 0.1960 (0.1977)  loss_rand: 0.0413 (0.0419)  loss_srf: 0.0413 (0.0419)  loss_kl: 0.0166 (0.0206)  loss_grads: 0.5785 (0.6163)  iou: 0.9348 (0.9344)  time: 0.9565  data: 0.0014  max mem: 27715
[19:57:31.892789] Epoch: [1]  [ 4180/10922]  eta: 1:47:30  lr: 0.000100  loss: 0.2837 (0.2878)  loss_near: 0.1960 (0.1977)  loss_rand: 0.0409 (0.0419)  loss_srf: 0.0409 (0.0419)  loss_kl: 0.0165 (0.0206)  loss_grads: 0.5787 (0.6162)  iou: 0.9343 (0.9344)  time: 0.9557  data: 0.0014  max mem: 27715
[19:57:50.999684] Epoch: [1]  [ 4200/10922]  eta: 1:47:11  lr: 0.000100  loss: 0.2840 (0.2878)  loss_near: 0.1957 (0.1976)  loss_rand: 0.0412 (0.0419)  loss_srf: 0.0412 (0.0419)  loss_kl: 0.0166 (0.0206)  loss_grads: 0.5769 (0.6160)  iou: 0.9343 (0.9344)  time: 0.9553  data: 0.0016  max mem: 27715
[19:58:10.110724] Epoch: [1]  [ 4220/10922]  eta: 1:46:51  lr: 0.000100  loss: 0.2844 (0.2878)  loss_near: 0.1962 (0.1976)  loss_rand: 0.0414 (0.0419)  loss_srf: 0.0414 (0.0419)  loss_kl: 0.0166 (0.0205)  loss_grads: 0.5767 (0.6158)  iou: 0.9341 (0.9344)  time: 0.9555  data: 0.0017  max mem: 27715
[19:58:29.225850] Epoch: [1]  [ 4240/10922]  eta: 1:46:32  lr: 0.000100  loss: 0.2845 (0.2878)  loss_near: 0.1960 (0.1976)  loss_rand: 0.0412 (0.0419)  loss_srf: 0.0412 (0.0419)  loss_kl: 0.0165 (0.0205)  loss_grads: 0.5770 (0.6156)  iou: 0.9347 (0.9344)  time: 0.9557  data: 0.0014  max mem: 27715
[19:58:48.328427] Epoch: [1]  [ 4260/10922]  eta: 1:46:13  lr: 0.000100  loss: 0.2833 (0.2878)  loss_near: 0.1959 (0.1976)  loss_rand: 0.0408 (0.0419)  loss_srf: 0.0408 (0.0419)  loss_kl: 0.0164 (0.0205)  loss_grads: 0.5768 (0.6154)  iou: 0.9341 (0.9344)  time: 0.9551  data: 0.0016  max mem: 27715
[19:59:07.433931] Epoch: [1]  [ 4280/10922]  eta: 1:45:54  lr: 0.000100  loss: 0.2847 (0.2878)  loss_near: 0.1959 (0.1976)  loss_rand: 0.0414 (0.0419)  loss_srf: 0.0414 (0.0419)  loss_kl: 0.0163 (0.0205)  loss_grads: 0.5762 (0.6152)  iou: 0.9340 (0.9344)  time: 0.9552  data: 0.0015  max mem: 27715
[19:59:26.547915] Epoch: [1]  [ 4300/10922]  eta: 1:45:35  lr: 0.000100  loss: 0.2844 (0.2877)  loss_near: 0.1959 (0.1976)  loss_rand: 0.0412 (0.0419)  loss_srf: 0.0412 (0.0419)  loss_kl: 0.0164 (0.0205)  loss_grads: 0.5751 (0.6151)  iou: 0.9341 (0.9344)  time: 0.9556  data: 0.0016  max mem: 27715
[19:59:45.672125] Epoch: [1]  [ 4320/10922]  eta: 1:45:16  lr: 0.000100  loss: 0.2838 (0.2877)  loss_near: 0.1955 (0.1976)  loss_rand: 0.0412 (0.0419)  loss_srf: 0.0412 (0.0419)  loss_kl: 0.0163 (0.0204)  loss_grads: 0.5747 (0.6149)  iou: 0.9344 (0.9344)  time: 0.9562  data: 0.0016  max mem: 27715
[20:00:04.794147] Epoch: [1]  [ 4340/10922]  eta: 1:44:56  lr: 0.000100  loss: 0.2838 (0.2877)  loss_near: 0.1957 (0.1976)  loss_rand: 0.0411 (0.0419)  loss_srf: 0.0411 (0.0419)  loss_kl: 0.0162 (0.0204)  loss_grads: 0.5732 (0.6147)  iou: 0.9344 (0.9344)  time: 0.9560  data: 0.0014  max mem: 27715
[20:00:23.913854] Epoch: [1]  [ 4360/10922]  eta: 1:44:37  lr: 0.000100  loss: 0.2837 (0.2877)  loss_near: 0.1958 (0.1976)  loss_rand: 0.0409 (0.0419)  loss_srf: 0.0409 (0.0419)  loss_kl: 0.0162 (0.0204)  loss_grads: 0.5748 (0.6145)  iou: 0.9343 (0.9344)  time: 0.9559  data: 0.0014  max mem: 27715
[20:00:43.054788] Epoch: [1]  [ 4380/10922]  eta: 1:44:18  lr: 0.000100  loss: 0.2840 (0.2877)  loss_near: 0.1958 (0.1976)  loss_rand: 0.0412 (0.0419)  loss_srf: 0.0412 (0.0419)  loss_kl: 0.0162 (0.0204)  loss_grads: 0.5721 (0.6143)  iou: 0.9337 (0.9344)  time: 0.9570  data: 0.0015  max mem: 27715
[20:01:02.211033] Epoch: [1]  [ 4400/10922]  eta: 1:43:59  lr: 0.000100  loss: 0.2840 (0.2877)  loss_near: 0.1957 (0.1976)  loss_rand: 0.0411 (0.0419)  loss_srf: 0.0411 (0.0419)  loss_kl: 0.0161 (0.0204)  loss_grads: 0.5728 (0.6141)  iou: 0.9346 (0.9344)  time: 0.9578  data: 0.0016  max mem: 27715
[20:01:21.359330] Epoch: [1]  [ 4420/10922]  eta: 1:43:40  lr: 0.000100  loss: 0.2832 (0.2876)  loss_near: 0.1956 (0.1976)  loss_rand: 0.0409 (0.0419)  loss_srf: 0.0409 (0.0419)  loss_kl: 0.0161 (0.0203)  loss_grads: 0.5726 (0.6139)  iou: 0.9342 (0.9344)  time: 0.9574  data: 0.0015  max mem: 27715
[20:01:40.515604] Epoch: [1]  [ 4440/10922]  eta: 1:43:21  lr: 0.000100  loss: 0.2840 (0.2876)  loss_near: 0.1958 (0.1975)  loss_rand: 0.0412 (0.0419)  loss_srf: 0.0412 (0.0419)  loss_kl: 0.0161 (0.0203)  loss_grads: 0.5716 (0.6137)  iou: 0.9343 (0.9344)  time: 0.9578  data: 0.0018  max mem: 27715
[20:01:59.666244] Epoch: [1]  [ 4460/10922]  eta: 1:43:02  lr: 0.000100  loss: 0.2840 (0.2876)  loss_near: 0.1962 (0.1975)  loss_rand: 0.0409 (0.0419)  loss_srf: 0.0409 (0.0419)  loss_kl: 0.0161 (0.0203)  loss_grads: 0.5719 (0.6136)  iou: 0.9339 (0.9344)  time: 0.9575  data: 0.0014  max mem: 27715
[20:02:18.835934] Epoch: [1]  [ 4480/10922]  eta: 1:42:43  lr: 0.000100  loss: 0.2845 (0.2876)  loss_near: 0.1960 (0.1975)  loss_rand: 0.0413 (0.0419)  loss_srf: 0.0413 (0.0419)  loss_kl: 0.0160 (0.0203)  loss_grads: 0.5713 (0.6134)  iou: 0.9349 (0.9344)  time: 0.9584  data: 0.0014  max mem: 27715
[20:02:37.988450] Epoch: [1]  [ 4500/10922]  eta: 1:42:23  lr: 0.000100  loss: 0.2839 (0.2876)  loss_near: 0.1962 (0.1975)  loss_rand: 0.0408 (0.0419)  loss_srf: 0.0408 (0.0419)  loss_kl: 0.0160 (0.0203)  loss_grads: 0.5692 (0.6132)  iou: 0.9337 (0.9344)  time: 0.9576  data: 0.0014  max mem: 27715
[20:02:57.134875] Epoch: [1]  [ 4520/10922]  eta: 1:42:04  lr: 0.000100  loss: 0.2843 (0.2876)  loss_near: 0.1956 (0.1975)  loss_rand: 0.0413 (0.0419)  loss_srf: 0.0413 (0.0419)  loss_kl: 0.0159 (0.0203)  loss_grads: 0.5719 (0.6130)  iou: 0.9344 (0.9344)  time: 0.9573  data: 0.0014  max mem: 27715
[20:03:16.291467] Epoch: [1]  [ 4540/10922]  eta: 1:41:45  lr: 0.000100  loss: 0.2839 (0.2875)  loss_near: 0.1959 (0.1975)  loss_rand: 0.0411 (0.0418)  loss_srf: 0.0411 (0.0418)  loss_kl: 0.0159 (0.0202)  loss_grads: 0.5697 (0.6128)  iou: 0.9341 (0.9344)  time: 0.9578  data: 0.0015  max mem: 27715
[20:03:35.463853] Epoch: [1]  [ 4560/10922]  eta: 1:41:26  lr: 0.000100  loss: 0.2839 (0.2875)  loss_near: 0.1957 (0.1975)  loss_rand: 0.0411 (0.0418)  loss_srf: 0.0411 (0.0418)  loss_kl: 0.0158 (0.0202)  loss_grads: 0.5698 (0.6126)  iou: 0.9348 (0.9344)  time: 0.9586  data: 0.0014  max mem: 27715
[20:03:54.635192] Epoch: [1]  [ 4580/10922]  eta: 1:41:07  lr: 0.000100  loss: 0.2843 (0.2875)  loss_near: 0.1964 (0.1975)  loss_rand: 0.0411 (0.0418)  loss_srf: 0.0411 (0.0418)  loss_kl: 0.0158 (0.0202)  loss_grads: 0.5707 (0.6124)  iou: 0.9338 (0.9344)  time: 0.9585  data: 0.0016  max mem: 27715
[20:04:13.809592] Epoch: [1]  [ 4600/10922]  eta: 1:40:48  lr: 0.000100  loss: 0.2842 (0.2875)  loss_near: 0.1958 (0.1975)  loss_rand: 0.0413 (0.0418)  loss_srf: 0.0413 (0.0418)  loss_kl: 0.0157 (0.0202)  loss_grads: 0.5725 (0.6123)  iou: 0.9343 (0.9344)  time: 0.9587  data: 0.0016  max mem: 27715
[20:04:32.979497] Epoch: [1]  [ 4620/10922]  eta: 1:40:29  lr: 0.000100  loss: 0.2837 (0.2875)  loss_near: 0.1959 (0.1975)  loss_rand: 0.0409 (0.0418)  loss_srf: 0.0409 (0.0418)  loss_kl: 0.0156 (0.0202)  loss_grads: 0.5702 (0.6121)  iou: 0.9341 (0.9344)  time: 0.9584  data: 0.0016  max mem: 27715
[20:04:52.155317] Epoch: [1]  [ 4640/10922]  eta: 1:40:10  lr: 0.000100  loss: 0.2843 (0.2875)  loss_near: 0.1955 (0.1975)  loss_rand: 0.0414 (0.0418)  loss_srf: 0.0414 (0.0418)  loss_kl: 0.0155 (0.0201)  loss_grads: 0.5706 (0.6119)  iou: 0.9347 (0.9344)  time: 0.9587  data: 0.0015  max mem: 27715
[20:05:11.326309] Epoch: [1]  [ 4660/10922]  eta: 1:39:51  lr: 0.000100  loss: 0.2852 (0.2875)  loss_near: 0.1966 (0.1975)  loss_rand: 0.0414 (0.0418)  loss_srf: 0.0414 (0.0418)  loss_kl: 0.0154 (0.0201)  loss_grads: 0.5693 (0.6117)  iou: 0.9334 (0.9344)  time: 0.9585  data: 0.0016  max mem: 27715
[20:05:30.496748] Epoch: [1]  [ 4680/10922]  eta: 1:39:32  lr: 0.000100  loss: 0.2854 (0.2874)  loss_near: 0.1963 (0.1975)  loss_rand: 0.0416 (0.0418)  loss_srf: 0.0416 (0.0418)  loss_kl: 0.0153 (0.0201)  loss_grads: 0.5696 (0.6116)  iou: 0.9343 (0.9344)  time: 0.9585  data: 0.0015  max mem: 27715
[20:05:49.669152] Epoch: [1]  [ 4700/10922]  eta: 1:39:13  lr: 0.000100  loss: 0.2837 (0.2874)  loss_near: 0.1958 (0.1975)  loss_rand: 0.0410 (0.0418)  loss_srf: 0.0410 (0.0418)  loss_kl: 0.0152 (0.0201)  loss_grads: 0.5678 (0.6114)  iou: 0.9342 (0.9344)  time: 0.9586  data: 0.0014  max mem: 27715
[20:06:08.834632] Epoch: [1]  [ 4720/10922]  eta: 1:38:53  lr: 0.000100  loss: 0.2841 (0.2874)  loss_near: 0.1956 (0.1975)  loss_rand: 0.0414 (0.0418)  loss_srf: 0.0414 (0.0418)  loss_kl: 0.0152 (0.0201)  loss_grads: 0.5714 (0.6112)  iou: 0.9345 (0.9344)  time: 0.9582  data: 0.0015  max mem: 27715
[20:06:27.980339] Epoch: [1]  [ 4740/10922]  eta: 1:38:34  lr: 0.000100  loss: 0.2843 (0.2874)  loss_near: 0.1965 (0.1974)  loss_rand: 0.0410 (0.0418)  loss_srf: 0.0410 (0.0418)  loss_kl: 0.0151 (0.0200)  loss_grads: 0.5724 (0.6111)  iou: 0.9338 (0.9344)  time: 0.9572  data: 0.0015  max mem: 27715
[20:06:47.128606] Epoch: [1]  [ 4760/10922]  eta: 1:38:15  lr: 0.000100  loss: 0.2846 (0.2874)  loss_near: 0.1963 (0.1974)  loss_rand: 0.0412 (0.0418)  loss_srf: 0.0412 (0.0418)  loss_kl: 0.0152 (0.0200)  loss_grads: 0.5787 (0.6109)  iou: 0.9346 (0.9344)  time: 0.9574  data: 0.0014  max mem: 27715
[20:07:06.260827] Epoch: [1]  [ 4780/10922]  eta: 1:37:56  lr: 0.000100  loss: 0.2848 (0.2874)  loss_near: 0.1963 (0.1974)  loss_rand: 0.0413 (0.0418)  loss_srf: 0.0413 (0.0418)  loss_kl: 0.0151 (0.0200)  loss_grads: 0.5772 (0.6108)  iou: 0.9344 (0.9344)  time: 0.9566  data: 0.0014  max mem: 27715
[20:07:25.417794] Epoch: [1]  [ 4800/10922]  eta: 1:37:37  lr: 0.000100  loss: 0.2841 (0.2874)  loss_near: 0.1957 (0.1974)  loss_rand: 0.0413 (0.0418)  loss_srf: 0.0413 (0.0418)  loss_kl: 0.0151 (0.0200)  loss_grads: 0.5701 (0.6106)  iou: 0.9342 (0.9344)  time: 0.9578  data: 0.0014  max mem: 27715
[20:07:44.566229] Epoch: [1]  [ 4820/10922]  eta: 1:37:18  lr: 0.000100  loss: 0.2843 (0.2874)  loss_near: 0.1957 (0.1974)  loss_rand: 0.0412 (0.0418)  loss_srf: 0.0412 (0.0418)  loss_kl: 0.0151 (0.0200)  loss_grads: 0.5716 (0.6104)  iou: 0.9340 (0.9344)  time: 0.9574  data: 0.0014  max mem: 27715
[20:08:03.714990] Epoch: [1]  [ 4840/10922]  eta: 1:36:59  lr: 0.000100  loss: 0.2841 (0.2873)  loss_near: 0.1958 (0.1974)  loss_rand: 0.0413 (0.0418)  loss_srf: 0.0413 (0.0418)  loss_kl: 0.0151 (0.0199)  loss_grads: 0.5737 (0.6103)  iou: 0.9345 (0.9344)  time: 0.9574  data: 0.0015  max mem: 27715
[20:08:22.871834] Epoch: [1]  [ 4860/10922]  eta: 1:36:40  lr: 0.000100  loss: 0.2840 (0.2873)  loss_near: 0.1959 (0.1974)  loss_rand: 0.0410 (0.0418)  loss_srf: 0.0410 (0.0418)  loss_kl: 0.0151 (0.0199)  loss_grads: 0.5701 (0.6101)  iou: 0.9342 (0.9344)  time: 0.9578  data: 0.0015  max mem: 27715
[20:08:42.037718] Epoch: [1]  [ 4880/10922]  eta: 1:36:21  lr: 0.000100  loss: 0.2835 (0.2873)  loss_near: 0.1954 (0.1974)  loss_rand: 0.0410 (0.0418)  loss_srf: 0.0410 (0.0418)  loss_kl: 0.0151 (0.0199)  loss_grads: 0.5701 (0.6100)  iou: 0.9342 (0.9344)  time: 0.9582  data: 0.0015  max mem: 27715
[20:09:01.195040] Epoch: [1]  [ 4900/10922]  eta: 1:36:01  lr: 0.000100  loss: 0.2834 (0.2873)  loss_near: 0.1955 (0.1974)  loss_rand: 0.0409 (0.0418)  loss_srf: 0.0409 (0.0418)  loss_kl: 0.0152 (0.0199)  loss_grads: 0.5676 (0.6098)  iou: 0.9342 (0.9344)  time: 0.9578  data: 0.0015  max mem: 27715
[20:09:20.348489] Epoch: [1]  [ 4920/10922]  eta: 1:35:42  lr: 0.000100  loss: 0.2836 (0.2873)  loss_near: 0.1956 (0.1974)  loss_rand: 0.0411 (0.0418)  loss_srf: 0.0411 (0.0418)  loss_kl: 0.0152 (0.0199)  loss_grads: 0.5693 (0.6096)  iou: 0.9343 (0.9344)  time: 0.9576  data: 0.0014  max mem: 27715
[20:09:39.508111] Epoch: [1]  [ 4940/10922]  eta: 1:35:23  lr: 0.000100  loss: 0.2833 (0.2873)  loss_near: 0.1955 (0.1974)  loss_rand: 0.0409 (0.0418)  loss_srf: 0.0409 (0.0418)  loss_kl: 0.0152 (0.0198)  loss_grads: 0.5689 (0.6095)  iou: 0.9342 (0.9344)  time: 0.9579  data: 0.0014  max mem: 27715
[20:09:58.671124] Epoch: [1]  [ 4960/10922]  eta: 1:35:04  lr: 0.000100  loss: 0.2832 (0.2873)  loss_near: 0.1955 (0.1974)  loss_rand: 0.0409 (0.0418)  loss_srf: 0.0409 (0.0418)  loss_kl: 0.0152 (0.0198)  loss_grads: 0.5680 (0.6093)  iou: 0.9345 (0.9344)  time: 0.9581  data: 0.0015  max mem: 27715
[20:10:17.806774] Epoch: [1]  [ 4980/10922]  eta: 1:34:45  lr: 0.000100  loss: 0.2834 (0.2872)  loss_near: 0.1956 (0.1974)  loss_rand: 0.0407 (0.0418)  loss_srf: 0.0407 (0.0418)  loss_kl: 0.0153 (0.0198)  loss_grads: 0.5690 (0.6091)  iou: 0.9339 (0.9344)  time: 0.9567  data: 0.0014  max mem: 27715
[20:10:36.938596] Epoch: [1]  [ 5000/10922]  eta: 1:34:26  lr: 0.000100  loss: 0.2834 (0.2872)  loss_near: 0.1953 (0.1974)  loss_rand: 0.0412 (0.0418)  loss_srf: 0.0412 (0.0418)  loss_kl: 0.0152 (0.0198)  loss_grads: 0.5661 (0.6090)  iou: 0.9343 (0.9344)  time: 0.9565  data: 0.0015  max mem: 27715
[20:10:56.075634] Epoch: [1]  [ 5020/10922]  eta: 1:34:07  lr: 0.000100  loss: 0.2833 (0.2872)  loss_near: 0.1954 (0.1974)  loss_rand: 0.0409 (0.0418)  loss_srf: 0.0409 (0.0418)  loss_kl: 0.0153 (0.0198)  loss_grads: 0.5632 (0.6088)  iou: 0.9342 (0.9344)  time: 0.9568  data: 0.0015  max mem: 27715
[20:11:15.221294] Epoch: [1]  [ 5040/10922]  eta: 1:33:48  lr: 0.000100  loss: 0.2837 (0.2872)  loss_near: 0.1954 (0.1973)  loss_rand: 0.0412 (0.0418)  loss_srf: 0.0412 (0.0418)  loss_kl: 0.0153 (0.0197)  loss_grads: 0.5644 (0.6086)  iou: 0.9343 (0.9344)  time: 0.9572  data: 0.0015  max mem: 27715
[20:11:34.336681] Epoch: [1]  [ 5060/10922]  eta: 1:33:28  lr: 0.000100  loss: 0.2837 (0.2872)  loss_near: 0.1956 (0.1973)  loss_rand: 0.0412 (0.0418)  loss_srf: 0.0412 (0.0418)  loss_kl: 0.0153 (0.0197)  loss_grads: 0.5647 (0.6084)  iou: 0.9340 (0.9344)  time: 0.9557  data: 0.0015  max mem: 27715
[20:11:53.456404] Epoch: [1]  [ 5080/10922]  eta: 1:33:09  lr: 0.000100  loss: 0.2828 (0.2872)  loss_near: 0.1955 (0.1973)  loss_rand: 0.0407 (0.0418)  loss_srf: 0.0407 (0.0418)  loss_kl: 0.0154 (0.0197)  loss_grads: 0.5642 (0.6083)  iou: 0.9343 (0.9344)  time: 0.9559  data: 0.0015  max mem: 27715
[20:12:12.577117] Epoch: [1]  [ 5100/10922]  eta: 1:32:50  lr: 0.000100  loss: 0.2838 (0.2871)  loss_near: 0.1957 (0.1973)  loss_rand: 0.0412 (0.0418)  loss_srf: 0.0412 (0.0418)  loss_kl: 0.0153 (0.0197)  loss_grads: 0.5639 (0.6081)  iou: 0.9342 (0.9344)  time: 0.9560  data: 0.0017  max mem: 27715
[20:12:31.705972] Epoch: [1]  [ 5120/10922]  eta: 1:32:31  lr: 0.000100  loss: 0.2838 (0.2871)  loss_near: 0.1954 (0.1973)  loss_rand: 0.0413 (0.0418)  loss_srf: 0.0413 (0.0418)  loss_kl: 0.0153 (0.0197)  loss_grads: 0.5645 (0.6079)  iou: 0.9343 (0.9344)  time: 0.9564  data: 0.0014  max mem: 27715
[20:12:50.821734] Epoch: [1]  [ 5140/10922]  eta: 1:32:12  lr: 0.000100  loss: 0.2830 (0.2871)  loss_near: 0.1954 (0.1973)  loss_rand: 0.0409 (0.0418)  loss_srf: 0.0409 (0.0418)  loss_kl: 0.0153 (0.0197)  loss_grads: 0.5607 (0.6078)  iou: 0.9341 (0.9344)  time: 0.9557  data: 0.0015  max mem: 27715
[20:13:09.933464] Epoch: [1]  [ 5160/10922]  eta: 1:31:53  lr: 0.000100  loss: 0.2836 (0.2871)  loss_near: 0.1956 (0.1973)  loss_rand: 0.0410 (0.0418)  loss_srf: 0.0410 (0.0418)  loss_kl: 0.0153 (0.0196)  loss_grads: 0.5642 (0.6076)  iou: 0.9343 (0.9344)  time: 0.9555  data: 0.0014  max mem: 27715
[20:13:29.041174] Epoch: [1]  [ 5180/10922]  eta: 1:31:33  lr: 0.000100  loss: 0.2836 (0.2871)  loss_near: 0.1957 (0.1973)  loss_rand: 0.0410 (0.0418)  loss_srf: 0.0410 (0.0418)  loss_kl: 0.0153 (0.0196)  loss_grads: 0.5631 (0.6074)  iou: 0.9342 (0.9344)  time: 0.9553  data: 0.0014  max mem: 27715
[20:13:48.155897] Epoch: [1]  [ 5200/10922]  eta: 1:31:14  lr: 0.000100  loss: 0.2834 (0.2871)  loss_near: 0.1954 (0.1973)  loss_rand: 0.0411 (0.0418)  loss_srf: 0.0411 (0.0418)  loss_kl: 0.0153 (0.0196)  loss_grads: 0.5620 (0.6072)  iou: 0.9341 (0.9344)  time: 0.9557  data: 0.0013  max mem: 27715
[20:14:07.260685] Epoch: [1]  [ 5220/10922]  eta: 1:30:55  lr: 0.000100  loss: 0.2830 (0.2871)  loss_near: 0.1953 (0.1973)  loss_rand: 0.0409 (0.0418)  loss_srf: 0.0409 (0.0418)  loss_kl: 0.0154 (0.0196)  loss_grads: 0.5625 (0.6071)  iou: 0.9344 (0.9344)  time: 0.9552  data: 0.0015  max mem: 27715
[20:14:26.371153] Epoch: [1]  [ 5240/10922]  eta: 1:30:36  lr: 0.000100  loss: 0.2829 (0.2870)  loss_near: 0.1954 (0.1973)  loss_rand: 0.0409 (0.0418)  loss_srf: 0.0409 (0.0418)  loss_kl: 0.0153 (0.0196)  loss_grads: 0.5631 (0.6069)  iou: 0.9343 (0.9344)  time: 0.9555  data: 0.0015  max mem: 27715
[20:14:45.482713] Epoch: [1]  [ 5260/10922]  eta: 1:30:17  lr: 0.000100  loss: 0.2828 (0.2870)  loss_near: 0.1952 (0.1973)  loss_rand: 0.0410 (0.0418)  loss_srf: 0.0410 (0.0418)  loss_kl: 0.0154 (0.0196)  loss_grads: 0.5645 (0.6067)  iou: 0.9342 (0.9344)  time: 0.9555  data: 0.0015  max mem: 27715
[20:15:04.602738] Epoch: [1]  [ 5280/10922]  eta: 1:29:58  lr: 0.000100  loss: 0.2830 (0.2870)  loss_near: 0.1954 (0.1973)  loss_rand: 0.0408 (0.0417)  loss_srf: 0.0408 (0.0417)  loss_kl: 0.0155 (0.0195)  loss_grads: 0.5635 (0.6066)  iou: 0.9343 (0.9344)  time: 0.9559  data: 0.0015  max mem: 27715
[20:15:23.716632] Epoch: [1]  [ 5300/10922]  eta: 1:29:38  lr: 0.000100  loss: 0.2826 (0.2870)  loss_near: 0.1952 (0.1973)  loss_rand: 0.0409 (0.0417)  loss_srf: 0.0409 (0.0417)  loss_kl: 0.0155 (0.0195)  loss_grads: 0.5604 (0.6064)  iou: 0.9342 (0.9344)  time: 0.9556  data: 0.0016  max mem: 27715
[20:15:42.825538] Epoch: [1]  [ 5320/10922]  eta: 1:29:19  lr: 0.000100  loss: 0.2825 (0.2870)  loss_near: 0.1952 (0.1972)  loss_rand: 0.0409 (0.0417)  loss_srf: 0.0409 (0.0417)  loss_kl: 0.0156 (0.0195)  loss_grads: 0.5594 (0.6062)  iou: 0.9343 (0.9344)  time: 0.9554  data: 0.0015  max mem: 27715
[20:16:01.929945] Epoch: [1]  [ 5340/10922]  eta: 1:29:00  lr: 0.000100  loss: 0.2831 (0.2870)  loss_near: 0.1954 (0.1972)  loss_rand: 0.0409 (0.0417)  loss_srf: 0.0409 (0.0417)  loss_kl: 0.0156 (0.0195)  loss_grads: 0.5584 (0.6061)  iou: 0.9342 (0.9344)  time: 0.9552  data: 0.0014  max mem: 27715
[20:16:21.049673] Epoch: [1]  [ 5360/10922]  eta: 1:28:41  lr: 0.000100  loss: 0.2824 (0.2869)  loss_near: 0.1953 (0.1972)  loss_rand: 0.0408 (0.0417)  loss_srf: 0.0408 (0.0417)  loss_kl: 0.0156 (0.0195)  loss_grads: 0.5576 (0.6059)  iou: 0.9343 (0.9344)  time: 0.9559  data: 0.0014  max mem: 27715
[20:16:40.144693] Epoch: [1]  [ 5380/10922]  eta: 1:28:22  lr: 0.000100  loss: 0.2825 (0.2869)  loss_near: 0.1952 (0.1972)  loss_rand: 0.0409 (0.0417)  loss_srf: 0.0409 (0.0417)  loss_kl: 0.0157 (0.0195)  loss_grads: 0.5598 (0.6057)  iou: 0.9340 (0.9344)  time: 0.9547  data: 0.0014  max mem: 27715
[20:16:59.239599] Epoch: [1]  [ 5400/10922]  eta: 1:28:03  lr: 0.000100  loss: 0.2830 (0.2869)  loss_near: 0.1953 (0.1972)  loss_rand: 0.0411 (0.0417)  loss_srf: 0.0411 (0.0417)  loss_kl: 0.0156 (0.0195)  loss_grads: 0.5582 (0.6055)  iou: 0.9342 (0.9344)  time: 0.9547  data: 0.0014  max mem: 27715
[20:17:18.340064] Epoch: [1]  [ 5420/10922]  eta: 1:27:43  lr: 0.000100  loss: 0.2830 (0.2869)  loss_near: 0.1954 (0.1972)  loss_rand: 0.0409 (0.0417)  loss_srf: 0.0409 (0.0417)  loss_kl: 0.0157 (0.0194)  loss_grads: 0.5553 (0.6053)  iou: 0.9341 (0.9343)  time: 0.9550  data: 0.0015  max mem: 27715
[20:17:37.453536] Epoch: [1]  [ 5440/10922]  eta: 1:27:24  lr: 0.000100  loss: 0.2831 (0.2869)  loss_near: 0.1952 (0.1972)  loss_rand: 0.0411 (0.0417)  loss_srf: 0.0411 (0.0417)  loss_kl: 0.0157 (0.0194)  loss_grads: 0.5569 (0.6052)  iou: 0.9346 (0.9344)  time: 0.9556  data: 0.0015  max mem: 27715
[20:17:56.543809] Epoch: [1]  [ 5460/10922]  eta: 1:27:05  lr: 0.000100  loss: 0.2832 (0.2869)  loss_near: 0.1957 (0.1972)  loss_rand: 0.0409 (0.0417)  loss_srf: 0.0409 (0.0417)  loss_kl: 0.0157 (0.0194)  loss_grads: 0.5567 (0.6050)  iou: 0.9337 (0.9343)  time: 0.9545  data: 0.0013  max mem: 27715
[20:18:15.644290] Epoch: [1]  [ 5480/10922]  eta: 1:26:46  lr: 0.000100  loss: 0.2832 (0.2869)  loss_near: 0.1957 (0.1972)  loss_rand: 0.0410 (0.0417)  loss_srf: 0.0410 (0.0417)  loss_kl: 0.0156 (0.0194)  loss_grads: 0.5592 (0.6048)  iou: 0.9344 (0.9343)  time: 0.9550  data: 0.0015  max mem: 27715
[20:18:34.742267] Epoch: [1]  [ 5500/10922]  eta: 1:26:27  lr: 0.000100  loss: 0.2830 (0.2869)  loss_near: 0.1952 (0.1972)  loss_rand: 0.0408 (0.0417)  loss_srf: 0.0408 (0.0417)  loss_kl: 0.0155 (0.0194)  loss_grads: 0.5576 (0.6046)  iou: 0.9343 (0.9343)  time: 0.9548  data: 0.0014  max mem: 27715
[20:18:53.859481] Epoch: [1]  [ 5520/10922]  eta: 1:26:08  lr: 0.000100  loss: 0.2826 (0.2868)  loss_near: 0.1952 (0.1972)  loss_rand: 0.0408 (0.0417)  loss_srf: 0.0408 (0.0417)  loss_kl: 0.0156 (0.0194)  loss_grads: 0.5561 (0.6045)  iou: 0.9341 (0.9343)  time: 0.9558  data: 0.0014  max mem: 27715
[20:19:12.969391] Epoch: [1]  [ 5540/10922]  eta: 1:25:48  lr: 0.000100  loss: 0.2823 (0.2868)  loss_near: 0.1950 (0.1972)  loss_rand: 0.0407 (0.0417)  loss_srf: 0.0407 (0.0417)  loss_kl: 0.0155 (0.0194)  loss_grads: 0.5561 (0.6043)  iou: 0.9342 (0.9343)  time: 0.9554  data: 0.0014  max mem: 27715
[20:19:32.076234] Epoch: [1]  [ 5560/10922]  eta: 1:25:29  lr: 0.000100  loss: 0.2825 (0.2868)  loss_near: 0.1952 (0.1972)  loss_rand: 0.0408 (0.0417)  loss_srf: 0.0408 (0.0417)  loss_kl: 0.0156 (0.0193)  loss_grads: 0.5570 (0.6041)  iou: 0.9342 (0.9343)  time: 0.9553  data: 0.0014  max mem: 27715
[20:19:51.182713] Epoch: [1]  [ 5580/10922]  eta: 1:25:10  lr: 0.000100  loss: 0.2829 (0.2868)  loss_near: 0.1951 (0.1972)  loss_rand: 0.0410 (0.0417)  loss_srf: 0.0410 (0.0417)  loss_kl: 0.0155 (0.0193)  loss_grads: 0.5570 (0.6040)  iou: 0.9342 (0.9343)  time: 0.9553  data: 0.0015  max mem: 27715
[20:20:10.283088] Epoch: [1]  [ 5600/10922]  eta: 1:24:51  lr: 0.000100  loss: 0.2824 (0.2868)  loss_near: 0.1951 (0.1971)  loss_rand: 0.0407 (0.0417)  loss_srf: 0.0407 (0.0417)  loss_kl: 0.0156 (0.0193)  loss_grads: 0.5581 (0.6038)  iou: 0.9342 (0.9343)  time: 0.9550  data: 0.0014  max mem: 27715
[20:20:29.387059] Epoch: [1]  [ 5620/10922]  eta: 1:24:32  lr: 0.000100  loss: 0.2826 (0.2868)  loss_near: 0.1951 (0.1971)  loss_rand: 0.0409 (0.0417)  loss_srf: 0.0409 (0.0417)  loss_kl: 0.0156 (0.0193)  loss_grads: 0.5539 (0.6036)  iou: 0.9342 (0.9343)  time: 0.9551  data: 0.0014  max mem: 27715
[20:20:48.503941] Epoch: [1]  [ 5640/10922]  eta: 1:24:13  lr: 0.000100  loss: 0.2822 (0.2867)  loss_near: 0.1950 (0.1971)  loss_rand: 0.0407 (0.0417)  loss_srf: 0.0407 (0.0417)  loss_kl: 0.0156 (0.0193)  loss_grads: 0.5548 (0.6034)  iou: 0.9342 (0.9343)  time: 0.9558  data: 0.0015  max mem: 27715
[20:21:07.602496] Epoch: [1]  [ 5660/10922]  eta: 1:23:53  lr: 0.000100  loss: 0.2821 (0.2867)  loss_near: 0.1948 (0.1971)  loss_rand: 0.0408 (0.0417)  loss_srf: 0.0408 (0.0417)  loss_kl: 0.0157 (0.0193)  loss_grads: 0.5547 (0.6033)  iou: 0.9342 (0.9343)  time: 0.9549  data: 0.0014  max mem: 27715
[20:21:26.721864] Epoch: [1]  [ 5680/10922]  eta: 1:23:34  lr: 0.000100  loss: 0.2822 (0.2867)  loss_near: 0.1949 (0.1971)  loss_rand: 0.0407 (0.0417)  loss_srf: 0.0407 (0.0417)  loss_kl: 0.0157 (0.0193)  loss_grads: 0.5553 (0.6031)  iou: 0.9344 (0.9343)  time: 0.9559  data: 0.0014  max mem: 27715
[20:21:45.829085] Epoch: [1]  [ 5700/10922]  eta: 1:23:15  lr: 0.000100  loss: 0.2824 (0.2867)  loss_near: 0.1951 (0.1971)  loss_rand: 0.0409 (0.0417)  loss_srf: 0.0409 (0.0417)  loss_kl: 0.0158 (0.0193)  loss_grads: 0.5507 (0.6029)  iou: 0.9342 (0.9343)  time: 0.9553  data: 0.0015  max mem: 27715
[20:22:04.938194] Epoch: [1]  [ 5720/10922]  eta: 1:22:56  lr: 0.000100  loss: 0.2825 (0.2867)  loss_near: 0.1949 (0.1971)  loss_rand: 0.0409 (0.0417)  loss_srf: 0.0409 (0.0417)  loss_kl: 0.0159 (0.0192)  loss_grads: 0.5518 (0.6028)  iou: 0.9343 (0.9343)  time: 0.9554  data: 0.0015  max mem: 27715
[20:22:24.029859] Epoch: [1]  [ 5740/10922]  eta: 1:22:37  lr: 0.000100  loss: 0.2822 (0.2867)  loss_near: 0.1950 (0.1971)  loss_rand: 0.0408 (0.0417)  loss_srf: 0.0408 (0.0417)  loss_kl: 0.0159 (0.0192)  loss_grads: 0.5510 (0.6026)  iou: 0.9341 (0.9343)  time: 0.9545  data: 0.0013  max mem: 27715
[20:22:43.147475] Epoch: [1]  [ 5760/10922]  eta: 1:22:18  lr: 0.000100  loss: 0.2825 (0.2867)  loss_near: 0.1949 (0.1971)  loss_rand: 0.0409 (0.0417)  loss_srf: 0.0409 (0.0417)  loss_kl: 0.0160 (0.0192)  loss_grads: 0.5540 (0.6024)  iou: 0.9343 (0.9343)  time: 0.9558  data: 0.0015  max mem: 27715
[20:23:02.249571] Epoch: [1]  [ 5780/10922]  eta: 1:21:59  lr: 0.000100  loss: 0.2824 (0.2866)  loss_near: 0.1951 (0.1971)  loss_rand: 0.0408 (0.0417)  loss_srf: 0.0408 (0.0417)  loss_kl: 0.0160 (0.0192)  loss_grads: 0.5514 (0.6022)  iou: 0.9341 (0.9343)  time: 0.9550  data: 0.0013  max mem: 27715
[20:23:21.351064] Epoch: [1]  [ 5800/10922]  eta: 1:21:39  lr: 0.000100  loss: 0.2821 (0.2866)  loss_near: 0.1951 (0.1971)  loss_rand: 0.0406 (0.0417)  loss_srf: 0.0406 (0.0417)  loss_kl: 0.0161 (0.0192)  loss_grads: 0.5525 (0.6021)  iou: 0.9341 (0.9343)  time: 0.9550  data: 0.0014  max mem: 27715
[20:23:40.446444] Epoch: [1]  [ 5820/10922]  eta: 1:21:20  lr: 0.000100  loss: 0.2822 (0.2866)  loss_near: 0.1948 (0.1971)  loss_rand: 0.0408 (0.0417)  loss_srf: 0.0408 (0.0417)  loss_kl: 0.0162 (0.0192)  loss_grads: 0.5514 (0.6019)  iou: 0.9341 (0.9343)  time: 0.9547  data: 0.0014  max mem: 27715
[20:23:59.562454] Epoch: [1]  [ 5840/10922]  eta: 1:21:01  lr: 0.000100  loss: 0.2819 (0.2866)  loss_near: 0.1949 (0.1971)  loss_rand: 0.0406 (0.0417)  loss_srf: 0.0406 (0.0417)  loss_kl: 0.0163 (0.0192)  loss_grads: 0.5511 (0.6017)  iou: 0.9343 (0.9343)  time: 0.9557  data: 0.0014  max mem: 27715
[20:24:18.665687] Epoch: [1]  [ 5860/10922]  eta: 1:20:42  lr: 0.000100  loss: 0.2821 (0.2866)  loss_near: 0.1949 (0.1971)  loss_rand: 0.0407 (0.0417)  loss_srf: 0.0407 (0.0417)  loss_kl: 0.0163 (0.0192)  loss_grads: 0.5506 (0.6015)  iou: 0.9343 (0.9343)  time: 0.9551  data: 0.0014  max mem: 27715
[20:24:37.765574] Epoch: [1]  [ 5880/10922]  eta: 1:20:23  lr: 0.000100  loss: 0.2818 (0.2866)  loss_near: 0.1948 (0.1970)  loss_rand: 0.0406 (0.0417)  loss_srf: 0.0406 (0.0417)  loss_kl: 0.0164 (0.0192)  loss_grads: 0.5494 (0.6014)  iou: 0.9342 (0.9343)  time: 0.9549  data: 0.0014  max mem: 27715
[20:24:56.882769] Epoch: [1]  [ 5900/10922]  eta: 1:20:04  lr: 0.000100  loss: 0.2819 (0.2865)  loss_near: 0.1950 (0.1970)  loss_rand: 0.0406 (0.0417)  loss_srf: 0.0406 (0.0417)  loss_kl: 0.0164 (0.0192)  loss_grads: 0.5471 (0.6012)  iou: 0.9343 (0.9343)  time: 0.9558  data: 0.0016  max mem: 27715
[20:25:15.995968] Epoch: [1]  [ 5920/10922]  eta: 1:19:44  lr: 0.000100  loss: 0.2822 (0.2865)  loss_near: 0.1947 (0.1970)  loss_rand: 0.0409 (0.0416)  loss_srf: 0.0409 (0.0416)  loss_kl: 0.0163 (0.0191)  loss_grads: 0.5468 (0.6010)  iou: 0.9345 (0.9343)  time: 0.9556  data: 0.0016  max mem: 27715
[20:25:35.101385] Epoch: [1]  [ 5940/10922]  eta: 1:19:25  lr: 0.000100  loss: 0.2820 (0.2865)  loss_near: 0.1949 (0.1970)  loss_rand: 0.0408 (0.0416)  loss_srf: 0.0408 (0.0416)  loss_kl: 0.0163 (0.0191)  loss_grads: 0.5477 (0.6008)  iou: 0.9341 (0.9343)  time: 0.9552  data: 0.0014  max mem: 27715
[20:25:54.194852] Epoch: [1]  [ 5960/10922]  eta: 1:19:06  lr: 0.000100  loss: 0.2819 (0.2865)  loss_near: 0.1948 (0.1970)  loss_rand: 0.0407 (0.0416)  loss_srf: 0.0407 (0.0416)  loss_kl: 0.0162 (0.0191)  loss_grads: 0.5474 (0.6006)  iou: 0.9343 (0.9343)  time: 0.9546  data: 0.0013  max mem: 27715
[20:26:13.303181] Epoch: [1]  [ 5980/10922]  eta: 1:18:47  lr: 0.000100  loss: 0.2829 (0.2865)  loss_near: 0.1955 (0.1970)  loss_rand: 0.0408 (0.0416)  loss_srf: 0.0408 (0.0416)  loss_kl: 0.0162 (0.0191)  loss_grads: 0.5495 (0.6005)  iou: 0.9348 (0.9343)  time: 0.9553  data: 0.0015  max mem: 27715
[20:26:32.508365] Epoch: [1]  [ 6000/10922]  eta: 1:18:28  lr: 0.000100  loss: 0.2853 (0.2865)  loss_near: 0.1978 (0.1970)  loss_rand: 0.0410 (0.0416)  loss_srf: 0.0410 (0.0416)  loss_kl: 0.0161 (0.0191)  loss_grads: 0.5451 (0.6003)  iou: 0.9330 (0.9343)  time: 0.9602  data: 0.0014  max mem: 27715
[20:26:51.610394] Epoch: [1]  [ 6020/10922]  eta: 1:18:09  lr: 0.000100  loss: 0.2902 (0.2865)  loss_near: 0.1997 (0.1970)  loss_rand: 0.0424 (0.0416)  loss_srf: 0.0424 (0.0416)  loss_kl: 0.0160 (0.0191)  loss_grads: 0.5487 (0.6001)  iou: 0.9361 (0.9343)  time: 0.9550  data: 0.0015  max mem: 27715
[20:27:10.715354] Epoch: [1]  [ 6040/10922]  eta: 1:17:50  lr: 0.000100  loss: 0.2880 (0.2865)  loss_near: 0.1983 (0.1970)  loss_rand: 0.0420 (0.0416)  loss_srf: 0.0420 (0.0416)  loss_kl: 0.0159 (0.0191)  loss_grads: 0.5504 (0.6000)  iou: 0.9323 (0.9343)  time: 0.9551  data: 0.0016  max mem: 27715
[20:27:29.820947] Epoch: [1]  [ 6060/10922]  eta: 1:17:30  lr: 0.000100  loss: 0.2838 (0.2865)  loss_near: 0.1958 (0.1970)  loss_rand: 0.0412 (0.0416)  loss_srf: 0.0412 (0.0416)  loss_kl: 0.0159 (0.0191)  loss_grads: 0.5531 (0.5998)  iou: 0.9341 (0.9343)  time: 0.9552  data: 0.0015  max mem: 27715
[20:27:48.947100] Epoch: [1]  [ 6080/10922]  eta: 1:17:11  lr: 0.000100  loss: 0.2847 (0.2865)  loss_near: 0.1970 (0.1970)  loss_rand: 0.0411 (0.0416)  loss_srf: 0.0411 (0.0416)  loss_kl: 0.0159 (0.0191)  loss_grads: 0.5559 (0.5997)  iou: 0.9334 (0.9343)  time: 0.9563  data: 0.0015  max mem: 27715
[20:28:08.045952] Epoch: [1]  [ 6100/10922]  eta: 1:16:52  lr: 0.000100  loss: 0.2867 (0.2865)  loss_near: 0.1971 (0.1970)  loss_rand: 0.0420 (0.0416)  loss_srf: 0.0420 (0.0416)  loss_kl: 0.0158 (0.0191)  loss_grads: 0.5594 (0.5995)  iou: 0.9358 (0.9343)  time: 0.9549  data: 0.0015  max mem: 27715
[20:28:27.145541] Epoch: [1]  [ 6120/10922]  eta: 1:16:33  lr: 0.000100  loss: 0.2849 (0.2865)  loss_near: 0.1963 (0.1970)  loss_rand: 0.0414 (0.0416)  loss_srf: 0.0414 (0.0416)  loss_kl: 0.0158 (0.0190)  loss_grads: 0.5653 (0.5994)  iou: 0.9331 (0.9343)  time: 0.9549  data: 0.0014  max mem: 27715
[20:28:46.243040] Epoch: [1]  [ 6140/10922]  eta: 1:16:14  lr: 0.000100  loss: 0.2837 (0.2865)  loss_near: 0.1958 (0.1970)  loss_rand: 0.0412 (0.0416)  loss_srf: 0.0412 (0.0416)  loss_kl: 0.0158 (0.0190)  loss_grads: 0.5581 (0.5993)  iou: 0.9353 (0.9343)  time: 0.9548  data: 0.0014  max mem: 27715
[20:29:05.355130] Epoch: [1]  [ 6160/10922]  eta: 1:15:55  lr: 0.000100  loss: 0.2847 (0.2865)  loss_near: 0.1971 (0.1970)  loss_rand: 0.0411 (0.0416)  loss_srf: 0.0411 (0.0416)  loss_kl: 0.0157 (0.0190)  loss_grads: 0.5619 (0.5992)  iou: 0.9343 (0.9343)  time: 0.9555  data: 0.0015  max mem: 27715
[20:29:24.471605] Epoch: [1]  [ 6180/10922]  eta: 1:15:36  lr: 0.000100  loss: 0.2839 (0.2865)  loss_near: 0.1957 (0.1970)  loss_rand: 0.0413 (0.0416)  loss_srf: 0.0413 (0.0416)  loss_kl: 0.0157 (0.0190)  loss_grads: 0.5658 (0.5991)  iou: 0.9341 (0.9343)  time: 0.9558  data: 0.0015  max mem: 27715
[20:29:43.579579] Epoch: [1]  [ 6200/10922]  eta: 1:15:16  lr: 0.000100  loss: 0.2836 (0.2865)  loss_near: 0.1955 (0.1970)  loss_rand: 0.0413 (0.0416)  loss_srf: 0.0413 (0.0416)  loss_kl: 0.0157 (0.0190)  loss_grads: 0.5564 (0.5989)  iou: 0.9341 (0.9343)  time: 0.9553  data: 0.0015  max mem: 27715
[20:30:02.685246] Epoch: [1]  [ 6220/10922]  eta: 1:14:57  lr: 0.000100  loss: 0.2833 (0.2864)  loss_near: 0.1956 (0.1970)  loss_rand: 0.0410 (0.0416)  loss_srf: 0.0410 (0.0416)  loss_kl: 0.0157 (0.0190)  loss_grads: 0.5551 (0.5988)  iou: 0.9341 (0.9343)  time: 0.9552  data: 0.0014  max mem: 27715
[20:30:21.796821] Epoch: [1]  [ 6240/10922]  eta: 1:14:38  lr: 0.000100  loss: 0.2832 (0.2864)  loss_near: 0.1952 (0.1970)  loss_rand: 0.0411 (0.0416)  loss_srf: 0.0411 (0.0416)  loss_kl: 0.0156 (0.0190)  loss_grads: 0.5545 (0.5987)  iou: 0.9344 (0.9343)  time: 0.9555  data: 0.0014  max mem: 27715
[20:30:40.889095] Epoch: [1]  [ 6260/10922]  eta: 1:14:19  lr: 0.000100  loss: 0.2831 (0.2864)  loss_near: 0.1951 (0.1970)  loss_rand: 0.0413 (0.0416)  loss_srf: 0.0413 (0.0416)  loss_kl: 0.0156 (0.0190)  loss_grads: 0.5505 (0.5985)  iou: 0.9341 (0.9343)  time: 0.9546  data: 0.0014  max mem: 27715
[20:30:59.987628] Epoch: [1]  [ 6280/10922]  eta: 1:14:00  lr: 0.000100  loss: 0.2825 (0.2864)  loss_near: 0.1951 (0.1970)  loss_rand: 0.0409 (0.0416)  loss_srf: 0.0409 (0.0416)  loss_kl: 0.0156 (0.0190)  loss_grads: 0.5502 (0.5983)  iou: 0.9343 (0.9343)  time: 0.9549  data: 0.0013  max mem: 27715
[20:31:19.084602] Epoch: [1]  [ 6300/10922]  eta: 1:13:41  lr: 0.000100  loss: 0.2827 (0.2864)  loss_near: 0.1951 (0.1970)  loss_rand: 0.0410 (0.0416)  loss_srf: 0.0410 (0.0416)  loss_kl: 0.0156 (0.0189)  loss_grads: 0.5533 (0.5982)  iou: 0.9341 (0.9343)  time: 0.9548  data: 0.0014  max mem: 27715
[20:31:38.216016] Epoch: [1]  [ 6320/10922]  eta: 1:13:21  lr: 0.000100  loss: 0.2819 (0.2864)  loss_near: 0.1949 (0.1970)  loss_rand: 0.0407 (0.0416)  loss_srf: 0.0407 (0.0416)  loss_kl: 0.0155 (0.0189)  loss_grads: 0.5508 (0.5981)  iou: 0.9341 (0.9343)  time: 0.9565  data: 0.0015  max mem: 27715
[20:31:57.313113] Epoch: [1]  [ 6340/10922]  eta: 1:13:02  lr: 0.000100  loss: 0.2829 (0.2864)  loss_near: 0.1950 (0.1970)  loss_rand: 0.0410 (0.0416)  loss_srf: 0.0410 (0.0416)  loss_kl: 0.0154 (0.0189)  loss_grads: 0.5535 (0.5979)  iou: 0.9342 (0.9343)  time: 0.9548  data: 0.0014  max mem: 27715
[20:32:16.414803] Epoch: [1]  [ 6360/10922]  eta: 1:12:43  lr: 0.000100  loss: 0.2822 (0.2864)  loss_near: 0.1949 (0.1970)  loss_rand: 0.0408 (0.0416)  loss_srf: 0.0408 (0.0416)  loss_kl: 0.0154 (0.0189)  loss_grads: 0.5476 (0.5978)  iou: 0.9342 (0.9343)  time: 0.9550  data: 0.0015  max mem: 27715
[20:32:35.516650] Epoch: [1]  [ 6380/10922]  eta: 1:12:24  lr: 0.000100  loss: 0.2822 (0.2864)  loss_near: 0.1948 (0.1970)  loss_rand: 0.0410 (0.0416)  loss_srf: 0.0410 (0.0416)  loss_kl: 0.0154 (0.0189)  loss_grads: 0.5487 (0.5976)  iou: 0.9342 (0.9343)  time: 0.9550  data: 0.0014  max mem: 27715
[20:32:54.636098] Epoch: [1]  [ 6400/10922]  eta: 1:12:05  lr: 0.000100  loss: 0.2821 (0.2863)  loss_near: 0.1947 (0.1969)  loss_rand: 0.0408 (0.0416)  loss_srf: 0.0408 (0.0416)  loss_kl: 0.0154 (0.0189)  loss_grads: 0.5464 (0.5975)  iou: 0.9342 (0.9343)  time: 0.9559  data: 0.0014  max mem: 27715
[20:33:13.733066] Epoch: [1]  [ 6420/10922]  eta: 1:11:46  lr: 0.000100  loss: 0.2816 (0.2863)  loss_near: 0.1948 (0.1969)  loss_rand: 0.0406 (0.0416)  loss_srf: 0.0406 (0.0416)  loss_kl: 0.0155 (0.0189)  loss_grads: 0.5464 (0.5973)  iou: 0.9342 (0.9343)  time: 0.9548  data: 0.0015  max mem: 27715
[20:33:32.830606] Epoch: [1]  [ 6440/10922]  eta: 1:11:27  lr: 0.000100  loss: 0.2817 (0.2863)  loss_near: 0.1947 (0.1969)  loss_rand: 0.0408 (0.0416)  loss_srf: 0.0408 (0.0416)  loss_kl: 0.0154 (0.0189)  loss_grads: 0.5451 (0.5971)  iou: 0.9341 (0.9343)  time: 0.9548  data: 0.0014  max mem: 27715
[20:33:51.956457] Epoch: [1]  [ 6460/10922]  eta: 1:11:07  lr: 0.000100  loss: 0.2817 (0.2863)  loss_near: 0.1947 (0.1969)  loss_rand: 0.0407 (0.0416)  loss_srf: 0.0407 (0.0416)  loss_kl: 0.0154 (0.0189)  loss_grads: 0.5438 (0.5970)  iou: 0.9341 (0.9343)  time: 0.9562  data: 0.0015  max mem: 27715
[20:34:11.071939] Epoch: [1]  [ 6480/10922]  eta: 1:10:48  lr: 0.000100  loss: 0.2816 (0.2863)  loss_near: 0.1949 (0.1969)  loss_rand: 0.0407 (0.0416)  loss_srf: 0.0407 (0.0416)  loss_kl: 0.0154 (0.0188)  loss_grads: 0.5431 (0.5968)  iou: 0.9341 (0.9343)  time: 0.9557  data: 0.0016  max mem: 27715
[20:34:30.181659] Epoch: [1]  [ 6500/10922]  eta: 1:10:29  lr: 0.000100  loss: 0.2819 (0.2863)  loss_near: 0.1949 (0.1969)  loss_rand: 0.0408 (0.0416)  loss_srf: 0.0408 (0.0416)  loss_kl: 0.0154 (0.0188)  loss_grads: 0.5437 (0.5966)  iou: 0.9342 (0.9343)  time: 0.9554  data: 0.0015  max mem: 27715
[20:34:49.276172] Epoch: [1]  [ 6520/10922]  eta: 1:10:10  lr: 0.000100  loss: 0.2817 (0.2863)  loss_near: 0.1948 (0.1969)  loss_rand: 0.0407 (0.0416)  loss_srf: 0.0407 (0.0416)  loss_kl: 0.0154 (0.0188)  loss_grads: 0.5403 (0.5965)  iou: 0.9342 (0.9343)  time: 0.9547  data: 0.0014  max mem: 27715
[20:35:08.374147] Epoch: [1]  [ 6540/10922]  eta: 1:09:51  lr: 0.000100  loss: 0.2819 (0.2862)  loss_near: 0.1946 (0.1969)  loss_rand: 0.0407 (0.0416)  loss_srf: 0.0407 (0.0416)  loss_kl: 0.0153 (0.0188)  loss_grads: 0.5408 (0.5963)  iou: 0.9341 (0.9343)  time: 0.9548  data: 0.0014  max mem: 27715
[20:35:27.479319] Epoch: [1]  [ 6560/10922]  eta: 1:09:32  lr: 0.000100  loss: 0.2814 (0.2862)  loss_near: 0.1947 (0.1969)  loss_rand: 0.0405 (0.0416)  loss_srf: 0.0405 (0.0416)  loss_kl: 0.0154 (0.0188)  loss_grads: 0.5398 (0.5961)  iou: 0.9342 (0.9343)  time: 0.9552  data: 0.0014  max mem: 27715
[20:35:46.573544] Epoch: [1]  [ 6580/10922]  eta: 1:09:13  lr: 0.000100  loss: 0.2814 (0.2862)  loss_near: 0.1948 (0.1969)  loss_rand: 0.0406 (0.0416)  loss_srf: 0.0406 (0.0416)  loss_kl: 0.0153 (0.0188)  loss_grads: 0.5393 (0.5960)  iou: 0.9341 (0.9343)  time: 0.9547  data: 0.0013  max mem: 27715
[20:36:05.680745] Epoch: [1]  [ 6600/10922]  eta: 1:08:53  lr: 0.000100  loss: 0.2816 (0.2862)  loss_near: 0.1945 (0.1969)  loss_rand: 0.0408 (0.0416)  loss_srf: 0.0408 (0.0416)  loss_kl: 0.0153 (0.0188)  loss_grads: 0.5410 (0.5958)  iou: 0.9342 (0.9343)  time: 0.9553  data: 0.0014  max mem: 27715
[20:36:24.776335] Epoch: [1]  [ 6620/10922]  eta: 1:08:34  lr: 0.000100  loss: 0.2816 (0.2862)  loss_near: 0.1946 (0.1969)  loss_rand: 0.0407 (0.0416)  loss_srf: 0.0407 (0.0416)  loss_kl: 0.0153 (0.0188)  loss_grads: 0.5390 (0.5956)  iou: 0.9341 (0.9343)  time: 0.9547  data: 0.0013  max mem: 27715
[20:36:43.887653] Epoch: [1]  [ 6640/10922]  eta: 1:08:15  lr: 0.000100  loss: 0.2813 (0.2862)  loss_near: 0.1945 (0.1969)  loss_rand: 0.0406 (0.0416)  loss_srf: 0.0406 (0.0416)  loss_kl: 0.0152 (0.0188)  loss_grads: 0.5392 (0.5955)  iou: 0.9345 (0.9343)  time: 0.9555  data: 0.0014  max mem: 27715
[20:37:03.002433] Epoch: [1]  [ 6660/10922]  eta: 1:07:56  lr: 0.000100  loss: 0.2817 (0.2862)  loss_near: 0.1946 (0.1969)  loss_rand: 0.0407 (0.0416)  loss_srf: 0.0407 (0.0416)  loss_kl: 0.0152 (0.0188)  loss_grads: 0.5362 (0.5953)  iou: 0.9340 (0.9343)  time: 0.9556  data: 0.0013  max mem: 27715
[20:37:22.144033] Epoch: [1]  [ 6680/10922]  eta: 1:07:37  lr: 0.000100  loss: 0.2815 (0.2861)  loss_near: 0.1944 (0.1969)  loss_rand: 0.0408 (0.0416)  loss_srf: 0.0408 (0.0416)  loss_kl: 0.0151 (0.0187)  loss_grads: 0.5391 (0.5951)  iou: 0.9343 (0.9343)  time: 0.9570  data: 0.0016  max mem: 27715
[20:37:41.249405] Epoch: [1]  [ 6700/10922]  eta: 1:07:18  lr: 0.000100  loss: 0.2811 (0.2861)  loss_near: 0.1944 (0.1968)  loss_rand: 0.0406 (0.0416)  loss_srf: 0.0406 (0.0416)  loss_kl: 0.0151 (0.0187)  loss_grads: 0.5387 (0.5949)  iou: 0.9341 (0.9343)  time: 0.9552  data: 0.0014  max mem: 27715
[20:38:00.391040] Epoch: [1]  [ 6720/10922]  eta: 1:06:59  lr: 0.000100  loss: 0.2814 (0.2861)  loss_near: 0.1944 (0.1968)  loss_rand: 0.0407 (0.0416)  loss_srf: 0.0407 (0.0416)  loss_kl: 0.0151 (0.0187)  loss_grads: 0.5365 (0.5948)  iou: 0.9342 (0.9343)  time: 0.9570  data: 0.0014  max mem: 27715
[20:38:19.527173] Epoch: [1]  [ 6740/10922]  eta: 1:06:39  lr: 0.000100  loss: 0.2810 (0.2861)  loss_near: 0.1946 (0.1968)  loss_rand: 0.0405 (0.0416)  loss_srf: 0.0405 (0.0416)  loss_kl: 0.0151 (0.0187)  loss_grads: 0.5373 (0.5946)  iou: 0.9342 (0.9343)  time: 0.9568  data: 0.0015  max mem: 27715
[20:38:38.659436] Epoch: [1]  [ 6760/10922]  eta: 1:06:20  lr: 0.000100  loss: 0.2812 (0.2861)  loss_near: 0.1945 (0.1968)  loss_rand: 0.0405 (0.0416)  loss_srf: 0.0405 (0.0416)  loss_kl: 0.0151 (0.0187)  loss_grads: 0.5378 (0.5944)  iou: 0.9339 (0.9343)  time: 0.9566  data: 0.0015  max mem: 27715
[20:38:57.809896] Epoch: [1]  [ 6780/10922]  eta: 1:06:01  lr: 0.000100  loss: 0.2812 (0.2861)  loss_near: 0.1944 (0.1968)  loss_rand: 0.0406 (0.0416)  loss_srf: 0.0406 (0.0416)  loss_kl: 0.0150 (0.0187)  loss_grads: 0.5369 (0.5943)  iou: 0.9342 (0.9343)  time: 0.9575  data: 0.0016  max mem: 27715
[20:39:16.970105] Epoch: [1]  [ 6800/10922]  eta: 1:05:42  lr: 0.000100  loss: 0.2810 (0.2861)  loss_near: 0.1945 (0.1968)  loss_rand: 0.0405 (0.0416)  loss_srf: 0.0405 (0.0416)  loss_kl: 0.0149 (0.0187)  loss_grads: 0.5351 (0.5941)  iou: 0.9341 (0.9343)  time: 0.9580  data: 0.0015  max mem: 27715
[20:39:36.115072] Epoch: [1]  [ 6820/10922]  eta: 1:05:23  lr: 0.000100  loss: 0.2810 (0.2860)  loss_near: 0.1946 (0.1968)  loss_rand: 0.0405 (0.0416)  loss_srf: 0.0405 (0.0416)  loss_kl: 0.0149 (0.0187)  loss_grads: 0.5357 (0.5939)  iou: 0.9342 (0.9343)  time: 0.9572  data: 0.0015  max mem: 27715
[20:39:55.270233] Epoch: [1]  [ 6840/10922]  eta: 1:05:04  lr: 0.000100  loss: 0.2812 (0.2860)  loss_near: 0.1944 (0.1968)  loss_rand: 0.0407 (0.0416)  loss_srf: 0.0407 (0.0416)  loss_kl: 0.0148 (0.0187)  loss_grads: 0.5346 (0.5938)  iou: 0.9342 (0.9343)  time: 0.9577  data: 0.0015  max mem: 27715
[20:40:14.411304] Epoch: [1]  [ 6860/10922]  eta: 1:04:45  lr: 0.000100  loss: 0.2810 (0.2860)  loss_near: 0.1944 (0.1968)  loss_rand: 0.0406 (0.0416)  loss_srf: 0.0406 (0.0416)  loss_kl: 0.0147 (0.0186)  loss_grads: 0.5362 (0.5936)  iou: 0.9342 (0.9343)  time: 0.9570  data: 0.0013  max mem: 27715
[20:40:33.576499] Epoch: [1]  [ 6880/10922]  eta: 1:04:26  lr: 0.000100  loss: 0.2810 (0.2860)  loss_near: 0.1945 (0.1968)  loss_rand: 0.0405 (0.0415)  loss_srf: 0.0405 (0.0415)  loss_kl: 0.0146 (0.0186)  loss_grads: 0.5368 (0.5934)  iou: 0.9340 (0.9343)  time: 0.9582  data: 0.0014  max mem: 27715
[20:40:52.723915] Epoch: [1]  [ 6900/10922]  eta: 1:04:06  lr: 0.000100  loss: 0.2812 (0.2860)  loss_near: 0.1944 (0.1968)  loss_rand: 0.0405 (0.0415)  loss_srf: 0.0405 (0.0415)  loss_kl: 0.0146 (0.0186)  loss_grads: 0.5349 (0.5932)  iou: 0.9343 (0.9343)  time: 0.9573  data: 0.0014  max mem: 27715
[20:41:11.880422] Epoch: [1]  [ 6920/10922]  eta: 1:03:47  lr: 0.000100  loss: 0.2810 (0.2860)  loss_near: 0.1945 (0.1968)  loss_rand: 0.0406 (0.0415)  loss_srf: 0.0406 (0.0415)  loss_kl: 0.0144 (0.0186)  loss_grads: 0.5333 (0.5931)  iou: 0.9341 (0.9343)  time: 0.9578  data: 0.0013  max mem: 27715
[20:41:31.038982] Epoch: [1]  [ 6940/10922]  eta: 1:03:28  lr: 0.000100  loss: 0.2807 (0.2860)  loss_near: 0.1942 (0.1968)  loss_rand: 0.0405 (0.0415)  loss_srf: 0.0405 (0.0415)  loss_kl: 0.0143 (0.0186)  loss_grads: 0.5330 (0.5929)  iou: 0.9341 (0.9343)  time: 0.9579  data: 0.0014  max mem: 27715
[20:41:50.207212] Epoch: [1]  [ 6960/10922]  eta: 1:03:09  lr: 0.000100  loss: 0.2810 (0.2859)  loss_near: 0.1943 (0.1968)  loss_rand: 0.0406 (0.0415)  loss_srf: 0.0406 (0.0415)  loss_kl: 0.0142 (0.0186)  loss_grads: 0.5340 (0.5927)  iou: 0.9339 (0.9343)  time: 0.9584  data: 0.0014  max mem: 27715
[20:42:09.361023] Epoch: [1]  [ 6980/10922]  eta: 1:02:50  lr: 0.000100  loss: 0.2808 (0.2859)  loss_near: 0.1945 (0.1967)  loss_rand: 0.0404 (0.0415)  loss_srf: 0.0404 (0.0415)  loss_kl: 0.0142 (0.0186)  loss_grads: 0.5350 (0.5926)  iou: 0.9343 (0.9343)  time: 0.9576  data: 0.0013  max mem: 27715
[20:42:28.520155] Epoch: [1]  [ 7000/10922]  eta: 1:02:31  lr: 0.000100  loss: 0.2811 (0.2859)  loss_near: 0.1942 (0.1967)  loss_rand: 0.0407 (0.0415)  loss_srf: 0.0407 (0.0415)  loss_kl: 0.0141 (0.0186)  loss_grads: 0.5328 (0.5924)  iou: 0.9344 (0.9343)  time: 0.9579  data: 0.0014  max mem: 27715
[20:42:47.692820] Epoch: [1]  [ 7020/10922]  eta: 1:02:12  lr: 0.000100  loss: 0.2812 (0.2859)  loss_near: 0.1943 (0.1967)  loss_rand: 0.0406 (0.0415)  loss_srf: 0.0406 (0.0415)  loss_kl: 0.0141 (0.0185)  loss_grads: 0.5333 (0.5922)  iou: 0.9341 (0.9343)  time: 0.9586  data: 0.0014  max mem: 27715
[20:43:06.855411] Epoch: [1]  [ 7040/10922]  eta: 1:01:53  lr: 0.000100  loss: 0.2812 (0.2859)  loss_near: 0.1943 (0.1967)  loss_rand: 0.0406 (0.0415)  loss_srf: 0.0406 (0.0415)  loss_kl: 0.0140 (0.0185)  loss_grads: 0.5334 (0.5921)  iou: 0.9342 (0.9343)  time: 0.9581  data: 0.0015  max mem: 27715
[20:43:26.007434] Epoch: [1]  [ 7060/10922]  eta: 1:01:34  lr: 0.000100  loss: 0.2812 (0.2859)  loss_near: 0.1943 (0.1967)  loss_rand: 0.0407 (0.0415)  loss_srf: 0.0407 (0.0415)  loss_kl: 0.0140 (0.0185)  loss_grads: 0.5347 (0.5919)  iou: 0.9340 (0.9343)  time: 0.9575  data: 0.0013  max mem: 27715
[20:43:45.174738] Epoch: [1]  [ 7080/10922]  eta: 1:01:14  lr: 0.000100  loss: 0.2808 (0.2859)  loss_near: 0.1943 (0.1967)  loss_rand: 0.0405 (0.0415)  loss_srf: 0.0405 (0.0415)  loss_kl: 0.0139 (0.0185)  loss_grads: 0.5326 (0.5917)  iou: 0.9341 (0.9343)  time: 0.9583  data: 0.0015  max mem: 27715
[20:44:04.318544] Epoch: [1]  [ 7100/10922]  eta: 1:00:55  lr: 0.000100  loss: 0.2808 (0.2858)  loss_near: 0.1945 (0.1967)  loss_rand: 0.0404 (0.0415)  loss_srf: 0.0404 (0.0415)  loss_kl: 0.0138 (0.0185)  loss_grads: 0.5314 (0.5916)  iou: 0.9343 (0.9343)  time: 0.9571  data: 0.0015  max mem: 27715
[20:44:23.463607] Epoch: [1]  [ 7120/10922]  eta: 1:00:36  lr: 0.000100  loss: 0.2810 (0.2858)  loss_near: 0.1943 (0.1967)  loss_rand: 0.0406 (0.0415)  loss_srf: 0.0406 (0.0415)  loss_kl: 0.0138 (0.0185)  loss_grads: 0.5317 (0.5914)  iou: 0.9341 (0.9343)  time: 0.9572  data: 0.0014  max mem: 27715
[20:44:42.600875] Epoch: [1]  [ 7140/10922]  eta: 1:00:17  lr: 0.000100  loss: 0.2802 (0.2858)  loss_near: 0.1943 (0.1967)  loss_rand: 0.0402 (0.0415)  loss_srf: 0.0402 (0.0415)  loss_kl: 0.0137 (0.0185)  loss_grads: 0.5294 (0.5912)  iou: 0.9341 (0.9343)  time: 0.9568  data: 0.0015  max mem: 27715
[20:45:01.747587] Epoch: [1]  [ 7160/10922]  eta: 0:59:58  lr: 0.000100  loss: 0.2809 (0.2858)  loss_near: 0.1943 (0.1967)  loss_rand: 0.0405 (0.0415)  loss_srf: 0.0405 (0.0415)  loss_kl: 0.0137 (0.0185)  loss_grads: 0.5324 (0.5911)  iou: 0.9343 (0.9343)  time: 0.9573  data: 0.0014  max mem: 27715
[20:45:20.894973] Epoch: [1]  [ 7180/10922]  eta: 0:59:39  lr: 0.000100  loss: 0.2810 (0.2858)  loss_near: 0.1943 (0.1967)  loss_rand: 0.0406 (0.0415)  loss_srf: 0.0406 (0.0415)  loss_kl: 0.0137 (0.0184)  loss_grads: 0.5315 (0.5909)  iou: 0.9340 (0.9343)  time: 0.9573  data: 0.0015  max mem: 27715
[20:45:40.047996] Epoch: [1]  [ 7200/10922]  eta: 0:59:20  lr: 0.000100  loss: 0.2805 (0.2858)  loss_near: 0.1943 (0.1967)  loss_rand: 0.0403 (0.0415)  loss_srf: 0.0403 (0.0415)  loss_kl: 0.0137 (0.0184)  loss_grads: 0.5301 (0.5907)  iou: 0.9344 (0.9343)  time: 0.9576  data: 0.0013  max mem: 27715
[20:45:59.192689] Epoch: [1]  [ 7220/10922]  eta: 0:59:01  lr: 0.000100  loss: 0.2802 (0.2858)  loss_near: 0.1941 (0.1967)  loss_rand: 0.0403 (0.0415)  loss_srf: 0.0403 (0.0415)  loss_kl: 0.0137 (0.0184)  loss_grads: 0.5311 (0.5906)  iou: 0.9341 (0.9343)  time: 0.9572  data: 0.0015  max mem: 27715
[20:46:18.345039] Epoch: [1]  [ 7240/10922]  eta: 0:58:41  lr: 0.000100  loss: 0.2809 (0.2857)  loss_near: 0.1943 (0.1967)  loss_rand: 0.0405 (0.0415)  loss_srf: 0.0405 (0.0415)  loss_kl: 0.0136 (0.0184)  loss_grads: 0.5307 (0.5904)  iou: 0.9341 (0.9343)  time: 0.9576  data: 0.0015  max mem: 27715
[20:46:37.488317] Epoch: [1]  [ 7260/10922]  eta: 0:58:22  lr: 0.000100  loss: 0.2802 (0.2857)  loss_near: 0.1944 (0.1967)  loss_rand: 0.0402 (0.0415)  loss_srf: 0.0402 (0.0415)  loss_kl: 0.0136 (0.0184)  loss_grads: 0.5283 (0.5902)  iou: 0.9341 (0.9343)  time: 0.9571  data: 0.0015  max mem: 27715
[20:46:56.644984] Epoch: [1]  [ 7280/10922]  eta: 0:58:03  lr: 0.000100  loss: 0.2806 (0.2857)  loss_near: 0.1941 (0.1966)  loss_rand: 0.0406 (0.0415)  loss_srf: 0.0406 (0.0415)  loss_kl: 0.0136 (0.0184)  loss_grads: 0.5311 (0.5901)  iou: 0.9342 (0.9343)  time: 0.9578  data: 0.0015  max mem: 27715
[20:47:15.788393] Epoch: [1]  [ 7300/10922]  eta: 0:57:44  lr: 0.000100  loss: 0.2807 (0.2857)  loss_near: 0.1945 (0.1966)  loss_rand: 0.0404 (0.0415)  loss_srf: 0.0404 (0.0415)  loss_kl: 0.0136 (0.0184)  loss_grads: 0.5301 (0.5899)  iou: 0.9337 (0.9343)  time: 0.9571  data: 0.0014  max mem: 27715
[20:47:34.925033] Epoch: [1]  [ 7320/10922]  eta: 0:57:25  lr: 0.000100  loss: 0.2809 (0.2857)  loss_near: 0.1943 (0.1966)  loss_rand: 0.0406 (0.0415)  loss_srf: 0.0406 (0.0415)  loss_kl: 0.0135 (0.0183)  loss_grads: 0.5272 (0.5897)  iou: 0.9344 (0.9343)  time: 0.9568  data: 0.0013  max mem: 27715
[20:47:54.057585] Epoch: [1]  [ 7340/10922]  eta: 0:57:06  lr: 0.000100  loss: 0.2806 (0.2857)  loss_near: 0.1942 (0.1966)  loss_rand: 0.0405 (0.0415)  loss_srf: 0.0405 (0.0415)  loss_kl: 0.0135 (0.0183)  loss_grads: 0.5287 (0.5896)  iou: 0.9342 (0.9343)  time: 0.9566  data: 0.0014  max mem: 27715
[20:48:13.203702] Epoch: [1]  [ 7360/10922]  eta: 0:56:47  lr: 0.000100  loss: 0.2802 (0.2857)  loss_near: 0.1942 (0.1966)  loss_rand: 0.0404 (0.0415)  loss_srf: 0.0404 (0.0415)  loss_kl: 0.0135 (0.0183)  loss_grads: 0.5270 (0.5894)  iou: 0.9340 (0.9343)  time: 0.9572  data: 0.0016  max mem: 27715
[20:48:32.329784] Epoch: [1]  [ 7380/10922]  eta: 0:56:28  lr: 0.000100  loss: 0.2804 (0.2857)  loss_near: 0.1941 (0.1966)  loss_rand: 0.0405 (0.0415)  loss_srf: 0.0405 (0.0415)  loss_kl: 0.0136 (0.0183)  loss_grads: 0.5280 (0.5892)  iou: 0.9342 (0.9343)  time: 0.9562  data: 0.0015  max mem: 27715
[20:48:51.459802] Epoch: [1]  [ 7400/10922]  eta: 0:56:08  lr: 0.000100  loss: 0.2803 (0.2856)  loss_near: 0.1942 (0.1966)  loss_rand: 0.0404 (0.0415)  loss_srf: 0.0404 (0.0415)  loss_kl: 0.0135 (0.0183)  loss_grads: 0.5259 (0.5891)  iou: 0.9342 (0.9343)  time: 0.9564  data: 0.0014  max mem: 27715
[20:49:10.588729] Epoch: [1]  [ 7420/10922]  eta: 0:55:49  lr: 0.000100  loss: 0.2803 (0.2856)  loss_near: 0.1941 (0.1966)  loss_rand: 0.0404 (0.0415)  loss_srf: 0.0404 (0.0415)  loss_kl: 0.0136 (0.0183)  loss_grads: 0.5260 (0.5889)  iou: 0.9342 (0.9343)  time: 0.9564  data: 0.0014  max mem: 27715
[20:49:29.719483] Epoch: [1]  [ 7440/10922]  eta: 0:55:30  lr: 0.000100  loss: 0.2808 (0.2856)  loss_near: 0.1941 (0.1966)  loss_rand: 0.0406 (0.0415)  loss_srf: 0.0406 (0.0415)  loss_kl: 0.0136 (0.0183)  loss_grads: 0.5272 (0.5887)  iou: 0.9340 (0.9343)  time: 0.9565  data: 0.0014  max mem: 27715
[20:49:48.832716] Epoch: [1]  [ 7460/10922]  eta: 0:55:11  lr: 0.000100  loss: 0.2807 (0.2856)  loss_near: 0.1942 (0.1966)  loss_rand: 0.0405 (0.0415)  loss_srf: 0.0405 (0.0415)  loss_kl: 0.0136 (0.0183)  loss_grads: 0.5241 (0.5886)  iou: 0.9343 (0.9343)  time: 0.9556  data: 0.0014  max mem: 27715
[20:50:07.938539] Epoch: [1]  [ 7480/10922]  eta: 0:54:52  lr: 0.000100  loss: 0.2806 (0.2856)  loss_near: 0.1942 (0.1966)  loss_rand: 0.0405 (0.0415)  loss_srf: 0.0405 (0.0415)  loss_kl: 0.0137 (0.0182)  loss_grads: 0.5287 (0.5884)  iou: 0.9341 (0.9343)  time: 0.9552  data: 0.0014  max mem: 27715
[20:50:27.043727] Epoch: [1]  [ 7500/10922]  eta: 0:54:33  lr: 0.000100  loss: 0.2804 (0.2856)  loss_near: 0.1940 (0.1966)  loss_rand: 0.0405 (0.0415)  loss_srf: 0.0405 (0.0415)  loss_kl: 0.0138 (0.0182)  loss_grads: 0.5240 (0.5882)  iou: 0.9341 (0.9343)  time: 0.9552  data: 0.0016  max mem: 27715
[20:50:46.159293] Epoch: [1]  [ 7520/10922]  eta: 0:54:14  lr: 0.000100  loss: 0.2802 (0.2856)  loss_near: 0.1941 (0.1966)  loss_rand: 0.0404 (0.0415)  loss_srf: 0.0404 (0.0415)  loss_kl: 0.0138 (0.0182)  loss_grads: 0.5238 (0.5881)  iou: 0.9342 (0.9343)  time: 0.9557  data: 0.0014  max mem: 27715
[20:51:05.268214] Epoch: [1]  [ 7540/10922]  eta: 0:53:55  lr: 0.000100  loss: 0.2808 (0.2855)  loss_near: 0.1942 (0.1966)  loss_rand: 0.0407 (0.0415)  loss_srf: 0.0407 (0.0415)  loss_kl: 0.0139 (0.0182)  loss_grads: 0.5269 (0.5879)  iou: 0.9342 (0.9343)  time: 0.9554  data: 0.0014  max mem: 27715
[20:51:24.368064] Epoch: [1]  [ 7560/10922]  eta: 0:53:35  lr: 0.000100  loss: 0.2810 (0.2855)  loss_near: 0.1942 (0.1966)  loss_rand: 0.0407 (0.0415)  loss_srf: 0.0407 (0.0415)  loss_kl: 0.0139 (0.0182)  loss_grads: 0.5270 (0.5877)  iou: 0.9341 (0.9343)  time: 0.9549  data: 0.0013  max mem: 27715
[20:51:43.474675] Epoch: [1]  [ 7580/10922]  eta: 0:53:16  lr: 0.000100  loss: 0.2814 (0.2855)  loss_near: 0.1943 (0.1966)  loss_rand: 0.0408 (0.0415)  loss_srf: 0.0408 (0.0415)  loss_kl: 0.0141 (0.0182)  loss_grads: 0.5317 (0.5876)  iou: 0.9339 (0.9343)  time: 0.9553  data: 0.0014  max mem: 27715
[20:52:02.586546] Epoch: [1]  [ 7600/10922]  eta: 0:52:57  lr: 0.000100  loss: 0.2809 (0.2855)  loss_near: 0.1943 (0.1965)  loss_rand: 0.0405 (0.0415)  loss_srf: 0.0405 (0.0415)  loss_kl: 0.0140 (0.0182)  loss_grads: 0.5279 (0.5874)  iou: 0.9345 (0.9343)  time: 0.9555  data: 0.0014  max mem: 27715
[20:52:21.688749] Epoch: [1]  [ 7620/10922]  eta: 0:52:38  lr: 0.000100  loss: 0.2812 (0.2855)  loss_near: 0.1945 (0.1965)  loss_rand: 0.0405 (0.0415)  loss_srf: 0.0405 (0.0415)  loss_kl: 0.0140 (0.0182)  loss_grads: 0.5239 (0.5873)  iou: 0.9335 (0.9343)  time: 0.9551  data: 0.0013  max mem: 27715
[20:52:40.788645] Epoch: [1]  [ 7640/10922]  eta: 0:52:19  lr: 0.000100  loss: 0.2812 (0.2855)  loss_near: 0.1943 (0.1965)  loss_rand: 0.0408 (0.0414)  loss_srf: 0.0408 (0.0414)  loss_kl: 0.0140 (0.0182)  loss_grads: 0.5252 (0.5871)  iou: 0.9345 (0.9343)  time: 0.9549  data: 0.0014  max mem: 27715
[20:52:59.896517] Epoch: [1]  [ 7660/10922]  eta: 0:52:00  lr: 0.000100  loss: 0.2807 (0.2855)  loss_near: 0.1943 (0.1965)  loss_rand: 0.0405 (0.0414)  loss_srf: 0.0405 (0.0414)  loss_kl: 0.0140 (0.0181)  loss_grads: 0.5229 (0.5870)  iou: 0.9343 (0.9343)  time: 0.9553  data: 0.0015  max mem: 27715
[20:53:19.008377] Epoch: [1]  [ 7680/10922]  eta: 0:51:41  lr: 0.000100  loss: 0.2801 (0.2855)  loss_near: 0.1941 (0.1965)  loss_rand: 0.0403 (0.0414)  loss_srf: 0.0403 (0.0414)  loss_kl: 0.0139 (0.0181)  loss_grads: 0.5231 (0.5868)  iou: 0.9341 (0.9343)  time: 0.9555  data: 0.0015  max mem: 27715
[20:53:38.103233] Epoch: [1]  [ 7700/10922]  eta: 0:51:21  lr: 0.000100  loss: 0.2803 (0.2854)  loss_near: 0.1940 (0.1965)  loss_rand: 0.0404 (0.0414)  loss_srf: 0.0404 (0.0414)  loss_kl: 0.0139 (0.0181)  loss_grads: 0.5245 (0.5866)  iou: 0.9341 (0.9343)  time: 0.9547  data: 0.0013  max mem: 27715
[20:53:57.214617] Epoch: [1]  [ 7720/10922]  eta: 0:51:02  lr: 0.000100  loss: 0.2802 (0.2854)  loss_near: 0.1942 (0.1965)  loss_rand: 0.0403 (0.0414)  loss_srf: 0.0403 (0.0414)  loss_kl: 0.0139 (0.0181)  loss_grads: 0.5238 (0.5865)  iou: 0.9343 (0.9343)  time: 0.9555  data: 0.0014  max mem: 27715
[20:54:16.318182] Epoch: [1]  [ 7740/10922]  eta: 0:50:43  lr: 0.000100  loss: 0.2807 (0.2854)  loss_near: 0.1941 (0.1965)  loss_rand: 0.0404 (0.0414)  loss_srf: 0.0404 (0.0414)  loss_kl: 0.0139 (0.0181)  loss_grads: 0.5236 (0.5863)  iou: 0.9346 (0.9343)  time: 0.9551  data: 0.0015  max mem: 27715
